step,loss,mean_reward,mean_quality,mean_cost_usd,policy_entropy_nats,val_quality,val_cost_usd,val_action_entropy_bits
1,-0.022832,0.613281,0.613281,0.002611,2.397199,nan,nan,nan
2,-0.024305,0.587891,0.587891,0.002190,2.397233,nan,nan,nan
3,-0.022881,0.577148,0.577148,0.002371,2.397232,nan,nan,nan
4,-0.025051,0.649414,0.649414,0.002921,2.397244,nan,nan,nan
5,-0.025242,0.575195,0.575195,0.002227,2.397234,nan,nan,nan
6,-0.025889,0.589453,0.589453,0.002107,2.397211,nan,nan,nan
7,-0.024911,0.596680,0.596680,0.002374,2.397184,nan,nan,nan
8,-0.025221,0.602148,0.602148,0.002228,2.397146,nan,nan,nan
9,-0.026075,0.610156,0.610156,0.001908,2.397114,nan,nan,nan
10,-0.025817,0.641211,0.641211,0.002181,2.397043,nan,nan,nan
11,-0.026659,0.623047,0.623047,0.002847,2.396991,nan,nan,nan
12,-0.027813,0.621094,0.621094,0.002108,2.396888,nan,nan,nan
13,-0.026658,0.635742,0.635742,0.002192,2.396777,nan,nan,nan
14,-0.025689,0.600586,0.600586,0.002295,2.396659,nan,nan,nan
15,-0.027304,0.611328,0.611328,0.002253,2.396587,nan,nan,nan
16,-0.028937,0.625000,0.625000,0.002288,2.396436,nan,nan,nan
17,-0.029950,0.625977,0.625977,0.002156,2.396256,nan,nan,nan
18,-0.030385,0.642578,0.642578,0.002422,2.396085,nan,nan,nan
19,-0.027746,0.610156,0.610156,0.002505,2.395851,nan,nan,nan
20,-0.034458,0.570703,0.570703,0.002211,2.395710,nan,nan,nan
21,-0.033903,0.603516,0.603516,0.002878,2.395499,nan,nan,nan
22,-0.028117,0.585938,0.585938,0.002171,2.394965,nan,nan,nan
23,-0.033518,0.602344,0.602344,0.002571,2.394682,nan,nan,nan
24,-0.033431,0.626953,0.626953,0.002607,2.394201,nan,nan,nan
25,-0.037047,0.623828,0.623828,0.002511,2.393687,nan,nan,nan
26,-0.033802,0.643555,0.643555,0.002581,2.393278,nan,nan,nan
27,-0.035247,0.626367,0.626367,0.002617,2.392850,nan,nan,nan
28,-0.038468,0.628906,0.628906,0.002164,2.392765,nan,nan,nan
29,-0.035742,0.631836,0.631836,0.002993,2.391559,nan,nan,nan
30,-0.032029,0.627930,0.627930,0.002288,2.391057,nan,nan,nan
31,-0.039868,0.649023,0.649023,0.002670,2.389931,nan,nan,nan
32,-0.036050,0.613281,0.613281,0.002523,2.389131,nan,nan,nan
33,-0.034515,0.642578,0.642578,0.002368,2.388525,nan,nan,nan
34,-0.036571,0.631836,0.631836,0.002441,2.387682,nan,nan,nan
35,-0.038411,0.583984,0.583984,0.002159,2.386762,nan,nan,nan
36,-0.043543,0.593750,0.593750,0.002480,2.385886,nan,nan,nan
37,-0.045907,0.651172,0.651172,0.002551,2.384197,nan,nan,nan
38,-0.042947,0.666992,0.666992,0.002196,2.382683,nan,nan,nan
39,-0.046017,0.610352,0.610352,0.002428,2.381350,nan,nan,nan
40,-0.044233,0.648438,0.648438,0.002775,2.380952,nan,nan,nan
41,-0.051225,0.616211,0.616211,0.002421,2.378071,nan,nan,nan
42,-0.036615,0.636719,0.636719,0.002402,2.377810,nan,nan,nan
43,-0.062158,0.671484,0.671484,0.002538,2.373584,nan,nan,nan
44,-0.048466,0.674609,0.674609,0.002612,2.373610,nan,nan,nan
45,-0.052504,0.628906,0.628906,0.002181,2.369800,nan,nan,nan
46,-0.050660,0.646484,0.646484,0.002849,2.369095,nan,nan,nan
47,-0.052978,0.659180,0.659180,0.002610,2.365015,nan,nan,nan
48,-0.049801,0.729492,0.729492,0.002232,2.358808,nan,nan,nan
49,-0.066732,0.652344,0.652344,0.002599,2.359698,nan,nan,nan
50,-0.037409,0.641602,0.641602,0.002455,2.357033,nan,nan,nan
51,-0.057573,0.633789,0.633789,0.002648,2.348984,nan,nan,nan
52,-0.058979,0.610352,0.610352,0.002756,2.347591,nan,nan,nan
53,-0.064439,0.610352,0.610352,0.002398,2.344825,nan,nan,nan
54,-0.053997,0.602539,0.602539,0.002701,2.342858,nan,nan,nan
55,-0.061277,0.660742,0.660742,0.002801,2.340150,nan,nan,nan
56,-0.071013,0.628906,0.628906,0.002833,2.334578,nan,nan,nan
57,-0.049018,0.692383,0.692383,0.002537,2.330204,nan,nan,nan
58,-0.058249,0.633789,0.633789,0.002201,2.319387,nan,nan,nan
59,-0.070170,0.658203,0.658203,0.002676,2.320056,nan,nan,nan
60,-0.074320,0.642578,0.642578,0.002584,2.318685,nan,nan,nan
61,-0.064262,0.652344,0.652344,0.003049,2.308769,nan,nan,nan
62,-0.045296,0.700195,0.700195,0.002940,2.303293,nan,nan,nan
63,-0.057683,0.656055,0.656055,0.003176,2.298276,nan,nan,nan
64,-0.074443,0.635742,0.635742,0.002590,2.288051,nan,nan,nan
65,-0.054241,0.653320,0.653320,0.003172,2.289442,nan,nan,nan
66,-0.060257,0.657227,0.657227,0.002918,2.280887,nan,nan,nan
67,-0.074963,0.677734,0.677734,0.002839,2.281108,nan,nan,nan
68,-0.074901,0.661719,0.661719,0.003070,2.259069,nan,nan,nan
69,-0.088217,0.675781,0.675781,0.002818,2.257766,nan,nan,nan
70,-0.080961,0.682617,0.682617,0.003053,2.246951,nan,nan,nan
71,-0.072754,0.719727,0.719727,0.002896,2.242748,nan,nan,nan
72,-0.108877,0.683594,0.683594,0.003150,2.230172,nan,nan,nan
73,-0.098347,0.666992,0.666992,0.002878,2.223948,nan,nan,nan
74,-0.090644,0.683984,0.683984,0.002812,2.210228,nan,nan,nan
75,-0.083594,0.646484,0.646484,0.003460,2.200689,nan,nan,nan
76,-0.109572,0.684375,0.684375,0.003157,2.193064,nan,nan,nan
77,-0.081012,0.675781,0.675781,0.002994,2.176443,nan,nan,nan
78,-0.072681,0.659570,0.659570,0.003206,2.170986,nan,nan,nan
79,-0.096358,0.716406,0.716406,0.003068,2.169603,nan,nan,nan
80,-0.114441,0.687109,0.687109,0.003301,2.147224,nan,nan,nan
81,-0.091997,0.702148,0.702148,0.002991,2.134588,nan,nan,nan
82,-0.095266,0.653320,0.653320,0.003388,2.129349,nan,nan,nan
83,-0.082475,0.676758,0.676758,0.003318,2.101857,nan,nan,nan
84,-0.136286,0.641406,0.641406,0.003538,2.111078,nan,nan,nan
85,-0.081568,0.728516,0.728516,0.003476,2.066806,nan,nan,nan
86,-0.087264,0.642187,0.642187,0.003161,2.090445,nan,nan,nan
87,-0.094417,0.675781,0.675781,0.004033,2.056938,nan,nan,nan
88,-0.102321,0.688477,0.688477,0.003898,2.016404,nan,nan,nan
89,-0.127131,0.747070,0.747070,0.003733,2.015745,nan,nan,nan
90,-0.084058,0.715820,0.715820,0.003184,2.012875,nan,nan,nan
91,-0.150440,0.688477,0.688477,0.003416,1.977165,nan,nan,nan
92,-0.112605,0.712891,0.712891,0.004290,1.985442,nan,nan,nan
93,-0.127665,0.667773,0.667773,0.003931,1.955967,nan,nan,nan
94,-0.106755,0.675195,0.675195,0.003500,1.938673,nan,nan,nan
95,-0.099983,0.721680,0.721680,0.003767,1.914650,nan,nan,nan
96,-0.126072,0.724609,0.724609,0.003742,1.878899,nan,nan,nan
97,-0.106923,0.695312,0.695312,0.003847,1.880562,nan,nan,nan
98,-0.127036,0.748438,0.748438,0.004008,1.846600,nan,nan,nan
99,-0.077172,0.729492,0.729492,0.003796,1.840129,nan,nan,nan
100,-0.170757,0.701172,0.701172,0.004214,1.786293,nan,nan,nan
101,-0.098985,0.745117,0.745117,0.003960,1.771580,nan,nan,nan
102,-0.204244,0.696289,0.696289,0.004237,1.745899,nan,nan,nan
103,-0.118671,0.725586,0.725586,0.004507,1.730612,nan,nan,nan
104,-0.094405,0.720703,0.720703,0.005050,1.739212,nan,nan,nan
105,-0.142844,0.714844,0.714844,0.004600,1.670889,nan,nan,nan
106,-0.122433,0.760742,0.760742,0.004690,1.609360,nan,nan,nan
107,-0.158840,0.686523,0.686523,0.004414,1.644970,nan,nan,nan
108,-0.083547,0.773438,0.773438,0.004794,1.612978,nan,nan,nan
109,-0.113995,0.737891,0.737891,0.004556,1.621777,nan,nan,nan
110,-0.124113,0.713281,0.713281,0.005000,1.617292,nan,nan,nan
111,-0.147107,0.716797,0.716797,0.004777,1.534910,nan,nan,nan
112,-0.090315,0.708984,0.708984,0.004669,1.542033,nan,nan,nan
113,-0.105998,0.735352,0.735352,0.005199,1.488163,nan,nan,nan
114,-0.142942,0.741211,0.741211,0.005088,1.471531,nan,nan,nan
115,-0.119007,0.792969,0.792969,0.004922,1.480748,nan,nan,nan
116,-0.108769,0.719141,0.719141,0.005176,1.423125,nan,nan,nan
117,-0.055765,0.753906,0.753906,0.005604,1.359729,nan,nan,nan
118,-0.157896,0.746094,0.746094,0.005358,1.390659,nan,nan,nan
119,-0.184401,0.740039,0.740039,0.005238,1.397768,nan,nan,nan
120,-0.143596,0.770508,0.770508,0.005478,1.334666,nan,nan,nan
121,-0.109764,0.743164,0.743164,0.005686,1.270189,nan,nan,nan
122,-0.145937,0.760742,0.760742,0.005426,1.323584,nan,nan,nan
123,-0.101508,0.728320,0.728320,0.005566,1.261565,nan,nan,nan
124,-0.106956,0.755859,0.755859,0.005267,1.248515,nan,nan,nan
125,-0.067996,0.792969,0.792969,0.006074,1.251451,nan,nan,nan
126,-0.141794,0.730469,0.730469,0.006204,1.212516,nan,nan,nan
127,-0.213806,0.695312,0.695312,0.005198,1.211532,nan,nan,nan
128,-0.145718,0.733398,0.733398,0.005516,1.149518,nan,nan,nan
129,-0.084631,0.780273,0.780273,0.005611,1.161237,nan,nan,nan
130,-0.099264,0.794922,0.794922,0.005676,1.076514,nan,nan,nan
131,-0.086758,0.793945,0.793945,0.005538,1.111498,nan,nan,nan
132,-0.119729,0.816406,0.816406,0.006052,1.068780,nan,nan,nan
133,-0.126409,0.758789,0.758789,0.006106,1.036409,nan,nan,nan
134,-0.140270,0.794141,0.794141,0.006522,1.005719,nan,nan,nan
135,-0.069192,0.778320,0.778320,0.006299,0.963705,nan,nan,nan
136,-0.090801,0.775195,0.775195,0.006101,0.941113,nan,nan,nan
137,-0.079818,0.731445,0.731445,0.006220,0.981718,nan,nan,nan
138,-0.131776,0.742188,0.742188,0.006604,0.840465,nan,nan,nan
139,-0.046355,0.749023,0.749023,0.005798,0.903958,nan,nan,nan
140,-0.093125,0.754297,0.754297,0.006342,0.878780,nan,nan,nan
141,-0.064898,0.773828,0.773828,0.006811,0.857536,nan,nan,nan
142,-0.135684,0.750586,0.750586,0.006185,0.860029,nan,nan,nan
143,-0.113514,0.796875,0.796875,0.006096,0.803281,nan,nan,nan
144,-0.073721,0.796875,0.796875,0.006539,0.756209,nan,nan,nan
145,-0.080585,0.827148,0.827148,0.006925,0.757271,nan,nan,nan
146,-0.142595,0.772461,0.772461,0.006731,0.754254,nan,nan,nan
147,-0.064475,0.794922,0.794922,0.006812,0.709558,nan,nan,nan
148,-0.085506,0.783203,0.783203,0.006708,0.677112,nan,nan,nan
149,-0.061780,0.757031,0.757031,0.007046,0.711511,nan,nan,nan
150,-0.070638,0.803711,0.803711,0.006856,0.698870,nan,nan,nan
151,-0.159388,0.760156,0.760156,0.006551,0.665534,nan,nan,nan
152,-0.065920,0.829102,0.829102,0.007047,0.669606,nan,nan,nan
153,-0.115780,0.787109,0.787109,0.007014,0.606701,nan,nan,nan
154,-0.095733,0.741797,0.741797,0.006620,0.677818,nan,nan,nan
155,-0.045704,0.756836,0.756836,0.006409,0.659335,nan,nan,nan
156,-0.088548,0.791016,0.791016,0.007101,0.673426,nan,nan,nan
157,-0.082739,0.791016,0.791016,0.007079,0.621892,nan,nan,nan
158,-0.093089,0.746094,0.746094,0.007722,0.595699,nan,nan,nan
159,-0.084162,0.812500,0.812500,0.007237,0.563742,nan,nan,nan
160,-0.019676,0.791992,0.791992,0.007612,0.585071,nan,nan,nan
161,-0.109697,0.784570,0.784570,0.007034,0.604520,nan,nan,nan
162,-0.041252,0.754883,0.754883,0.006927,0.588346,nan,nan,nan
163,-0.096258,0.753906,0.753906,0.007252,0.551778,nan,nan,nan
164,-0.134098,0.755859,0.755859,0.006949,0.540326,nan,nan,nan
165,-0.047272,0.782227,0.782227,0.007429,0.499011,nan,nan,nan
166,-0.047975,0.820312,0.820312,0.006853,0.457033,nan,nan,nan
167,-0.086586,0.797852,0.797852,0.007282,0.510785,nan,nan,nan
168,-0.051353,0.757812,0.757812,0.007116,0.498110,nan,nan,nan
169,-0.046342,0.816406,0.816406,0.006936,0.463928,nan,nan,nan
170,-0.038379,0.752930,0.752930,0.007112,0.460669,nan,nan,nan
171,-0.087031,0.765625,0.765625,0.007382,0.492565,nan,nan,nan
172,-0.073010,0.780273,0.780273,0.007088,0.447327,nan,nan,nan
173,-0.074273,0.804688,0.804688,0.007093,0.488381,nan,nan,nan
174,-0.070710,0.807617,0.807617,0.007523,0.430114,nan,nan,nan
175,-0.051396,0.791016,0.791016,0.007652,0.412322,nan,nan,nan
176,-0.034487,0.752930,0.752930,0.007357,0.431307,nan,nan,nan
177,-0.036293,0.793945,0.793945,0.007340,0.440117,nan,nan,nan
178,-0.061556,0.820312,0.820312,0.007552,0.420904,nan,nan,nan
179,-0.065613,0.806641,0.806641,0.008062,0.462708,nan,nan,nan
180,-0.054499,0.816406,0.816406,0.007415,0.423324,nan,nan,nan
181,-0.037700,0.817383,0.817383,0.007539,0.408859,nan,nan,nan
182,-0.065546,0.790430,0.790430,0.007228,0.401130,nan,nan,nan
183,-0.068776,0.772461,0.772461,0.007118,0.384987,nan,nan,nan
184,-0.072850,0.770898,0.770898,0.007549,0.414277,nan,nan,nan
185,-0.072602,0.803711,0.803711,0.007147,0.421680,nan,nan,nan
186,-0.018865,0.797852,0.797852,0.007722,0.364024,nan,nan,nan
187,-0.052042,0.798828,0.798828,0.006935,0.386636,nan,nan,nan
188,-0.064887,0.832031,0.832031,0.007002,0.375450,nan,nan,nan
189,-0.027217,0.791992,0.791992,0.007794,0.351426,nan,nan,nan
190,-0.057489,0.777344,0.777344,0.007296,0.366064,nan,nan,nan
191,-0.075675,0.788086,0.788086,0.007866,0.397516,nan,nan,nan
192,-0.029532,0.817383,0.817383,0.007538,0.380341,nan,nan,nan
193,-0.014495,0.814453,0.814453,0.008022,0.382002,nan,nan,nan
194,-0.027606,0.818359,0.818359,0.006985,0.370952,nan,nan,nan
195,-0.088209,0.776172,0.776172,0.007383,0.336845,nan,nan,nan
196,-0.054291,0.799414,0.799414,0.007371,0.358147,nan,nan,nan
197,-0.077616,0.746094,0.746094,0.007371,0.313235,nan,nan,nan
198,-0.004986,0.810742,0.810742,0.007648,0.310192,nan,nan,nan
199,-0.057408,0.845703,0.845703,0.007409,0.344533,nan,nan,nan
200,-0.052753,0.804102,0.804102,0.007984,0.302706,nan,nan,nan
201,-0.060002,0.787109,0.787109,0.007335,0.307492,nan,nan,nan
202,-0.033946,0.792969,0.792969,0.007479,0.306852,nan,nan,nan
203,-0.032020,0.779297,0.779297,0.007561,0.303558,nan,nan,nan
204,-0.064222,0.794922,0.794922,0.007213,0.300335,nan,nan,nan
205,-0.037242,0.793945,0.793945,0.007806,0.292999,nan,nan,nan
206,-0.096410,0.789062,0.789062,0.007359,0.284343,nan,nan,nan
207,-0.051932,0.768555,0.768555,0.007716,0.276234,nan,nan,nan
208,-0.101168,0.783203,0.783203,0.007657,0.333076,nan,nan,nan
209,-0.046086,0.798242,0.798242,0.007532,0.301787,nan,nan,nan
210,-0.080200,0.812500,0.812500,0.007837,0.254802,nan,nan,nan
211,-0.094799,0.807227,0.807227,0.007428,0.257349,nan,nan,nan
212,-0.030951,0.792383,0.792383,0.007747,0.270858,nan,nan,nan
213,-0.036434,0.790039,0.790039,0.007396,0.250438,nan,nan,nan
214,-0.056879,0.789062,0.789062,0.007603,0.285717,nan,nan,nan
215,-0.032479,0.830078,0.830078,0.007411,0.260950,nan,nan,nan
216,-0.044222,0.789062,0.789062,0.007422,0.317457,nan,nan,nan
217,-0.013533,0.777344,0.777344,0.007322,0.251015,nan,nan,nan
218,-0.026525,0.772461,0.772461,0.007462,0.265900,nan,nan,nan
219,-0.018381,0.839844,0.839844,0.007705,0.198888,nan,nan,nan
220,-0.042294,0.827148,0.827148,0.007833,0.185570,nan,nan,nan
221,-0.052016,0.786133,0.786133,0.007533,0.258537,nan,nan,nan
222,-0.025399,0.780273,0.780273,0.007660,0.272426,nan,nan,nan
223,-0.043334,0.800781,0.800781,0.007642,0.270691,nan,nan,nan
224,-0.053453,0.799805,0.799805,0.007407,0.219210,nan,nan,nan
225,-0.017092,0.812500,0.812500,0.007836,0.213849,nan,nan,nan
226,-0.027715,0.803711,0.803711,0.007633,0.207621,nan,nan,nan
227,-0.010593,0.812500,0.812500,0.007504,0.222603,nan,nan,nan
228,-0.013415,0.799805,0.799805,0.007914,0.213597,nan,nan,nan
229,-0.002035,0.793945,0.793945,0.007496,0.178744,nan,nan,nan
230,-0.013825,0.803711,0.803711,0.007661,0.204880,nan,nan,nan
231,-0.020410,0.774414,0.774414,0.007634,0.211788,nan,nan,nan
232,-0.023138,0.833398,0.833398,0.007587,0.210328,nan,nan,nan
233,0.003483,0.776367,0.776367,0.007545,0.253047,nan,nan,nan
234,-0.026142,0.817383,0.817383,0.007957,0.186229,nan,nan,nan
235,-0.005265,0.814844,0.814844,0.007745,0.218506,nan,nan,nan
236,0.007960,0.793945,0.793945,0.007728,0.210019,nan,nan,nan
237,-0.036541,0.793945,0.793945,0.007449,0.218688,nan,nan,nan
238,-0.027406,0.795898,0.795898,0.007919,0.204301,nan,nan,nan
239,-0.049087,0.801758,0.801758,0.007600,0.203879,nan,nan,nan
240,-0.033386,0.768555,0.768555,0.007890,0.195806,nan,nan,nan
241,-0.035863,0.800781,0.800781,0.007674,0.173573,nan,nan,nan
242,-0.003860,0.762695,0.762695,0.007995,0.233978,nan,nan,nan
243,-0.036412,0.806641,0.806641,0.007408,0.213245,nan,nan,nan
244,0.003567,0.780273,0.780273,0.007564,0.186641,nan,nan,nan
245,-0.052766,0.852539,0.852539,0.007458,0.207030,nan,nan,nan
246,-0.032952,0.828125,0.828125,0.007745,0.214014,nan,nan,nan
247,-0.034617,0.790430,0.790430,0.007902,0.191463,nan,nan,nan
248,-0.027134,0.807422,0.807422,0.007615,0.193458,nan,nan,nan
249,-0.066074,0.778320,0.778320,0.007723,0.178868,nan,nan,nan
250,-0.003131,0.794922,0.794922,0.007957,0.227534,nan,nan,nan
251,-0.033687,0.805664,0.805664,0.007463,0.197134,nan,nan,nan
252,-0.057240,0.792188,0.792188,0.007592,0.200654,nan,nan,nan
253,-0.096010,0.832031,0.832031,0.007627,0.187181,nan,nan,nan
254,-0.025893,0.839844,0.839844,0.007600,0.187103,nan,nan,nan
255,-0.051614,0.817383,0.817383,0.007655,0.207242,nan,nan,nan
256,-0.022772,0.819336,0.819336,0.008063,0.155528,nan,nan,nan
257,-0.099478,0.767578,0.767578,0.007603,0.176376,nan,nan,nan
258,-0.061931,0.817383,0.817383,0.007963,0.163047,nan,nan,nan
259,-0.041127,0.788672,0.788672,0.007851,0.168486,nan,nan,nan
260,-0.099491,0.798633,0.798633,0.007228,0.148411,nan,nan,nan
261,-0.007111,0.769531,0.769531,0.007421,0.204438,nan,nan,nan
262,-0.035330,0.800781,0.800781,0.007670,0.161336,nan,nan,nan
263,-0.036524,0.822266,0.822266,0.007727,0.149840,nan,nan,nan
264,-0.059616,0.758398,0.758398,0.007843,0.148368,nan,nan,nan
265,-0.041751,0.796875,0.796875,0.007726,0.183080,nan,nan,nan
266,-0.034542,0.822266,0.822266,0.007827,0.166775,nan,nan,nan
267,-0.033130,0.807617,0.807617,0.007570,0.129451,nan,nan,nan
268,-0.010002,0.795898,0.795898,0.007652,0.150016,nan,nan,nan
269,-0.010710,0.829102,0.829102,0.007357,0.175735,nan,nan,nan
270,-0.049787,0.840820,0.840820,0.007472,0.145570,nan,nan,nan
271,-0.081422,0.797852,0.797852,0.007244,0.128280,nan,nan,nan
272,-0.004899,0.783203,0.783203,0.007703,0.137646,nan,nan,nan
273,-0.037970,0.821289,0.821289,0.007916,0.129972,nan,nan,nan
274,-0.054827,0.819336,0.819336,0.007777,0.164168,nan,nan,nan
275,-0.009819,0.837695,0.837695,0.007949,0.121586,nan,nan,nan
276,-0.003223,0.798828,0.798828,0.007620,0.149759,nan,nan,nan
277,-0.024577,0.814453,0.814453,0.007978,0.133316,nan,nan,nan
278,-0.007394,0.802734,0.802734,0.007811,0.117962,nan,nan,nan
279,-0.043945,0.793945,0.793945,0.008035,0.133042,nan,nan,nan
280,-0.021140,0.798828,0.798828,0.007909,0.134493,nan,nan,nan
281,-0.039424,0.802734,0.802734,0.008003,0.124463,nan,nan,nan
282,-0.032458,0.785156,0.785156,0.007581,0.115443,nan,nan,nan
283,-0.003838,0.824219,0.824219,0.007954,0.088384,nan,nan,nan
284,-0.002185,0.790430,0.790430,0.007433,0.118716,nan,nan,nan
285,-0.034682,0.780273,0.780273,0.007874,0.112536,nan,nan,nan
286,0.022508,0.798828,0.798828,0.007898,0.097774,nan,nan,nan
287,-0.042553,0.810547,0.810547,0.007735,0.152202,nan,nan,nan
288,-0.002185,0.818359,0.818359,0.007635,0.108679,nan,nan,nan
289,0.007807,0.854492,0.854492,0.007991,0.126176,nan,nan,nan
290,-0.026115,0.801758,0.801758,0.007725,0.151491,nan,nan,nan
291,-0.014090,0.799414,0.799414,0.008239,0.099842,nan,nan,nan
292,-0.030194,0.813477,0.813477,0.007993,0.110806,nan,nan,nan
293,-0.028941,0.824219,0.824219,0.008060,0.113842,nan,nan,nan
294,-0.031660,0.783203,0.783203,0.007457,0.086151,nan,nan,nan
295,-0.017381,0.813477,0.813477,0.007514,0.128298,nan,nan,nan
296,0.005620,0.807617,0.807617,0.007794,0.069930,nan,nan,nan
297,0.001006,0.771484,0.771484,0.007257,0.163566,nan,nan,nan
298,-0.035164,0.818359,0.818359,0.007792,0.106287,nan,nan,nan
299,-0.002751,0.799805,0.799805,0.008073,0.115983,nan,nan,nan
300,-0.003196,0.812500,0.812500,0.007342,0.100160,nan,nan,nan
301,-0.019408,0.796875,0.796875,0.007250,0.141002,nan,nan,nan
302,0.003866,0.812500,0.812500,0.007995,0.108611,nan,nan,nan
303,-0.041524,0.782227,0.782227,0.007385,0.132506,nan,nan,nan
304,0.009937,0.820312,0.820312,0.007838,0.123489,nan,nan,nan
305,-0.011246,0.799805,0.799805,0.007595,0.092724,nan,nan,nan
306,-0.010937,0.766602,0.766602,0.007956,0.099564,nan,nan,nan
307,-0.014260,0.813477,0.813477,0.007739,0.112215,nan,nan,nan
308,-0.024165,0.785156,0.785156,0.007594,0.092400,nan,nan,nan
309,0.000457,0.815430,0.815430,0.008020,0.095072,nan,nan,nan
310,-0.026080,0.798828,0.798828,0.007899,0.120027,nan,nan,nan
311,-0.023167,0.794922,0.794922,0.007249,0.138497,nan,nan,nan
312,-0.031352,0.812109,0.812109,0.007976,0.099181,nan,nan,nan
313,0.007196,0.800781,0.800781,0.007782,0.097842,nan,nan,nan
314,-0.036898,0.802734,0.802734,0.007765,0.088908,nan,nan,nan
315,0.012308,0.794922,0.794922,0.008341,0.083513,nan,nan,nan
316,0.005301,0.802148,0.802148,0.007661,0.122034,nan,nan,nan
317,-0.018899,0.824219,0.824219,0.008170,0.115475,nan,nan,nan
318,-0.017960,0.814453,0.814453,0.007989,0.111933,nan,nan,nan
319,0.001220,0.791992,0.791992,0.007692,0.102170,nan,nan,nan
320,0.005753,0.817383,0.817383,0.007803,0.116963,nan,nan,nan
321,-0.010777,0.832031,0.832031,0.007856,0.088123,nan,nan,nan
322,0.018487,0.791016,0.791016,0.008293,0.089688,nan,nan,nan
323,0.006720,0.815430,0.815430,0.007724,0.135897,nan,nan,nan
324,-0.009970,0.794922,0.794922,0.007865,0.106154,nan,nan,nan
325,0.005006,0.796094,0.796094,0.008012,0.120277,nan,nan,nan
326,0.008860,0.795898,0.795898,0.007783,0.117954,nan,nan,nan
327,-0.010989,0.807617,0.807617,0.008189,0.111420,nan,nan,nan
328,-0.021680,0.820312,0.820312,0.008009,0.112266,nan,nan,nan
329,-0.000110,0.793945,0.793945,0.007983,0.089042,nan,nan,nan
330,0.011409,0.811523,0.811523,0.007650,0.087110,nan,nan,nan
331,0.002718,0.803906,0.803906,0.008144,0.106160,nan,nan,nan
332,0.000324,0.766602,0.766602,0.007474,0.137323,nan,nan,nan
333,-0.013591,0.819336,0.819336,0.007755,0.070527,nan,nan,nan
334,-0.013602,0.828125,0.828125,0.007953,0.133170,nan,nan,nan
335,-0.002270,0.799805,0.799805,0.007733,0.108848,nan,nan,nan
336,-0.009708,0.796875,0.796875,0.008031,0.146966,nan,nan,nan
337,0.007179,0.819336,0.819336,0.007852,0.081444,nan,nan,nan
338,-0.012281,0.814453,0.814453,0.007896,0.121425,nan,nan,nan
339,0.011278,0.836914,0.836914,0.007562,0.108859,nan,nan,nan
340,-0.012873,0.805664,0.805664,0.007886,0.085334,nan,nan,nan
341,-0.019782,0.795898,0.795898,0.007972,0.122411,nan,nan,nan
342,-0.005281,0.796875,0.796875,0.007585,0.101533,nan,nan,nan
343,0.000676,0.812500,0.812500,0.007685,0.127044,nan,nan,nan
344,-0.009947,0.799023,0.799023,0.008028,0.119070,nan,nan,nan
345,-0.037994,0.809570,0.809570,0.007797,0.113614,nan,nan,nan
346,-0.017380,0.791992,0.791992,0.008119,0.100890,nan,nan,nan
347,-0.041167,0.786523,0.786523,0.007804,0.107672,nan,nan,nan
348,-0.016321,0.797852,0.797852,0.007521,0.122970,nan,nan,nan
349,-0.010336,0.799805,0.799805,0.007882,0.115182,nan,nan,nan
350,-0.020818,0.813477,0.813477,0.008024,0.112984,nan,nan,nan
351,0.003203,0.791992,0.791992,0.007978,0.102710,nan,nan,nan
352,-0.030136,0.803711,0.803711,0.007503,0.103412,nan,nan,nan
353,-0.014190,0.779297,0.779297,0.007870,0.073397,nan,nan,nan
354,0.004906,0.825195,0.825195,0.007515,0.101808,nan,nan,nan
355,-0.067584,0.785352,0.785352,0.007246,0.112978,nan,nan,nan
356,0.006211,0.819336,0.819336,0.007585,0.110136,nan,nan,nan
357,-0.016593,0.797852,0.797852,0.007521,0.088450,nan,nan,nan
358,0.003975,0.792969,0.792969,0.007676,0.106901,nan,nan,nan
359,-0.049569,0.817383,0.817383,0.007800,0.136130,nan,nan,nan
360,0.016415,0.833984,0.833984,0.007567,0.113887,nan,nan,nan
361,-0.012309,0.755859,0.755859,0.008058,0.097331,nan,nan,nan
362,-0.035225,0.802734,0.802734,0.007545,0.085891,nan,nan,nan
363,0.017797,0.819336,0.819336,0.007727,0.115066,nan,nan,nan
364,-0.012726,0.795898,0.795898,0.007747,0.091234,nan,nan,nan
365,-0.006773,0.811523,0.811523,0.008008,0.095091,nan,nan,nan
366,0.003198,0.788477,0.788477,0.008062,0.120777,nan,nan,nan
367,-0.001628,0.796875,0.796875,0.008256,0.068542,nan,nan,nan
368,-0.016620,0.818359,0.818359,0.007733,0.091747,nan,nan,nan
369,-0.022030,0.796875,0.796875,0.008138,0.125704,nan,nan,nan
370,-0.028351,0.770508,0.770508,0.007675,0.114065,nan,nan,nan
371,-0.018568,0.822656,0.822656,0.007604,0.153445,nan,nan,nan
372,0.013167,0.812500,0.812500,0.008133,0.090131,nan,nan,nan
373,-0.063204,0.802734,0.802734,0.007535,0.116672,nan,nan,nan
374,0.008399,0.804688,0.804688,0.007609,0.102498,nan,nan,nan
375,0.008583,0.818359,0.818359,0.008022,0.102717,nan,nan,nan
376,0.003074,0.798828,0.798828,0.007618,0.092066,nan,nan,nan
377,-0.023104,0.758789,0.758789,0.007593,0.111777,nan,nan,nan
378,-0.037966,0.804297,0.804297,0.007674,0.133209,nan,nan,nan
379,-0.026251,0.760156,0.760156,0.008218,0.149629,nan,nan,nan
380,-0.004013,0.791992,0.791992,0.007400,0.120780,nan,nan,nan
381,0.001513,0.752930,0.752930,0.008114,0.125008,nan,nan,nan
382,0.009965,0.775000,0.775000,0.008090,0.119766,nan,nan,nan
383,-0.015185,0.813477,0.813477,0.007681,0.102967,nan,nan,nan
384,-0.001614,0.827148,0.827148,0.007996,0.084167,nan,nan,nan
385,0.010238,0.814453,0.814453,0.008182,0.090890,nan,nan,nan
386,0.007964,0.777734,0.777734,0.008291,0.086514,nan,nan,nan
387,-0.036569,0.796875,0.796875,0.007929,0.100840,nan,nan,nan
388,-0.020912,0.816406,0.816406,0.007513,0.087401,nan,nan,nan
389,-0.075483,0.785156,0.785156,0.007543,0.094131,nan,nan,nan
390,-0.008924,0.792969,0.792969,0.007741,0.113812,nan,nan,nan
391,-0.007877,0.782227,0.782227,0.007505,0.085817,nan,nan,nan
392,-0.002660,0.807617,0.807617,0.007844,0.090071,nan,nan,nan
393,-0.022250,0.816406,0.816406,0.007993,0.093586,nan,nan,nan
394,0.006044,0.783203,0.783203,0.007914,0.088483,nan,nan,nan
395,-0.012099,0.861328,0.861328,0.007881,0.088278,nan,nan,nan
396,-0.012373,0.798828,0.798828,0.008098,0.091980,nan,nan,nan
397,-0.006332,0.805664,0.805664,0.007683,0.120682,nan,nan,nan
398,0.005444,0.783203,0.783203,0.008011,0.079136,nan,nan,nan
399,-0.009091,0.785156,0.785156,0.007712,0.090306,nan,nan,nan
400,0.010394,0.803711,0.803711,0.007698,0.110149,nan,nan,nan
401,-0.021612,0.839844,0.839844,0.007970,0.117586,nan,nan,nan
402,-0.031801,0.803711,0.803711,0.007773,0.088201,nan,nan,nan
403,-0.030771,0.830078,0.830078,0.007862,0.095980,nan,nan,nan
404,-0.009765,0.812500,0.812500,0.007995,0.101456,nan,nan,nan
405,-0.049347,0.770508,0.770508,0.007367,0.111952,nan,nan,nan
406,-0.010553,0.785547,0.785547,0.007972,0.099471,nan,nan,nan
407,-0.018435,0.769531,0.769531,0.007844,0.099513,nan,nan,nan
408,0.003620,0.806641,0.806641,0.008374,0.081386,nan,nan,nan
409,-0.007188,0.775391,0.775391,0.007538,0.083324,nan,nan,nan
410,-0.031911,0.796875,0.796875,0.007827,0.072069,nan,nan,nan
411,-0.002622,0.827148,0.827148,0.008238,0.069284,nan,nan,nan
412,-0.022412,0.771484,0.771484,0.007996,0.063022,nan,nan,nan
413,-0.014802,0.769531,0.769531,0.007796,0.070803,nan,nan,nan
414,-0.013649,0.835938,0.835938,0.008000,0.091491,nan,nan,nan
415,-0.002558,0.786133,0.786133,0.007681,0.079065,nan,nan,nan
416,0.009373,0.793945,0.793945,0.007452,0.128054,nan,nan,nan
417,0.003199,0.823242,0.823242,0.007948,0.088832,nan,nan,nan
418,0.008524,0.804688,0.804688,0.007880,0.056866,nan,nan,nan
419,0.008698,0.785156,0.785156,0.007976,0.082042,nan,nan,nan
420,-0.018741,0.816406,0.816406,0.007845,0.107468,nan,nan,nan
421,-0.029615,0.791406,0.791406,0.007885,0.100949,nan,nan,nan
422,-0.007493,0.818359,0.818359,0.007754,0.101979,nan,nan,nan
423,-0.029131,0.828516,0.828516,0.007742,0.082752,nan,nan,nan
424,-0.044223,0.828320,0.828320,0.007283,0.094492,nan,nan,nan
425,0.009537,0.807617,0.807617,0.007845,0.072684,nan,nan,nan
426,-0.003378,0.817383,0.817383,0.008086,0.098159,nan,nan,nan
427,-0.010762,0.794922,0.794922,0.007799,0.100814,nan,nan,nan
428,0.019049,0.823633,0.823633,0.007511,0.106572,nan,nan,nan
429,-0.007886,0.833008,0.833008,0.007976,0.081174,nan,nan,nan
430,-0.018807,0.795898,0.795898,0.007627,0.105326,nan,nan,nan
431,-0.025814,0.814453,0.814453,0.008116,0.085136,nan,nan,nan
432,-0.002508,0.756836,0.756836,0.007777,0.102910,nan,nan,nan
433,-0.024326,0.801758,0.801758,0.007627,0.076000,nan,nan,nan
434,0.010692,0.764648,0.764648,0.007997,0.093516,nan,nan,nan
435,-0.031309,0.803711,0.803711,0.007729,0.079507,nan,nan,nan
436,0.003457,0.747070,0.747070,0.007799,0.069922,nan,nan,nan
437,-0.007102,0.819336,0.819336,0.008003,0.082398,nan,nan,nan
438,-0.014591,0.801758,0.801758,0.007830,0.085366,nan,nan,nan
439,0.002228,0.814453,0.814453,0.007479,0.093014,nan,nan,nan
440,-0.025708,0.822266,0.822266,0.008172,0.113993,nan,nan,nan
441,-0.041784,0.806445,0.806445,0.008063,0.085622,nan,nan,nan
442,0.011578,0.806641,0.806641,0.007666,0.103225,nan,nan,nan
443,-0.039142,0.793945,0.793945,0.008133,0.095022,nan,nan,nan
444,0.010229,0.794922,0.794922,0.007971,0.121630,nan,nan,nan
445,0.004428,0.778320,0.778320,0.008242,0.087529,nan,nan,nan
446,-0.005079,0.765625,0.765625,0.008126,0.094995,nan,nan,nan
447,-0.043437,0.816406,0.816406,0.007912,0.081852,nan,nan,nan
448,0.007919,0.773438,0.773438,0.007940,0.080840,nan,nan,nan
449,0.016001,0.793945,0.793945,0.007917,0.075369,nan,nan,nan
450,-0.003703,0.811523,0.811523,0.007872,0.076678,nan,nan,nan
451,-0.027142,0.803711,0.803711,0.007533,0.068791,nan,nan,nan
452,-0.001960,0.806836,0.806836,0.007888,0.116355,nan,nan,nan
453,0.000221,0.826172,0.826172,0.007788,0.114035,nan,nan,nan
454,-0.014258,0.819336,0.819336,0.007844,0.085766,nan,nan,nan
455,-0.003906,0.790625,0.790625,0.007954,0.082512,nan,nan,nan
456,0.017523,0.758789,0.758789,0.007498,0.098573,nan,nan,nan
457,0.006039,0.833984,0.833984,0.007741,0.105867,nan,nan,nan
458,0.010900,0.781250,0.781250,0.007968,0.072087,nan,nan,nan
459,0.007324,0.804688,0.804688,0.008056,0.092390,nan,nan,nan
460,0.003501,0.848633,0.848633,0.007427,0.066557,nan,nan,nan
461,-0.001285,0.774414,0.774414,0.007493,0.098949,nan,nan,nan
462,-0.009018,0.786133,0.786133,0.007856,0.071154,nan,nan,nan
463,-0.028888,0.793945,0.793945,0.007405,0.131729,nan,nan,nan
464,-0.014741,0.817578,0.817578,0.008022,0.087214,nan,nan,nan
465,0.002624,0.820312,0.820312,0.007768,0.086662,nan,nan,nan
466,0.001273,0.814062,0.814062,0.007990,0.108123,nan,nan,nan
467,-0.012225,0.817773,0.817773,0.008113,0.097739,nan,nan,nan
468,-0.022839,0.793945,0.793945,0.008226,0.082229,nan,nan,nan
469,-0.004530,0.827148,0.827148,0.008304,0.089598,nan,nan,nan
470,-0.057861,0.763672,0.763672,0.007851,0.086951,nan,nan,nan
471,-0.014747,0.814453,0.814453,0.007860,0.086097,nan,nan,nan
472,-0.018770,0.825586,0.825586,0.007451,0.077288,nan,nan,nan
473,0.011064,0.813086,0.813086,0.007879,0.085586,nan,nan,nan
474,-0.005987,0.799805,0.799805,0.007822,0.079262,nan,nan,nan
475,0.007663,0.775391,0.775391,0.007880,0.089982,nan,nan,nan
476,0.004966,0.792969,0.792969,0.008323,0.097382,nan,nan,nan
477,-0.002909,0.801758,0.801758,0.007875,0.077640,nan,nan,nan
478,-0.024309,0.823242,0.823242,0.007780,0.095774,nan,nan,nan
479,0.002605,0.782227,0.782227,0.007564,0.047994,nan,nan,nan
480,0.005437,0.802734,0.802734,0.007891,0.108093,nan,nan,nan
481,-0.061327,0.775391,0.775391,0.008468,0.079239,nan,nan,nan
482,0.005826,0.817383,0.817383,0.008096,0.096028,nan,nan,nan
483,-0.023906,0.858398,0.858398,0.007609,0.051403,nan,nan,nan
484,0.001223,0.803320,0.803320,0.008110,0.093400,nan,nan,nan
485,-0.006502,0.797852,0.797852,0.007979,0.085814,nan,nan,nan
486,0.009587,0.834375,0.834375,0.007869,0.068798,nan,nan,nan
487,-0.022859,0.815430,0.815430,0.007924,0.064775,nan,nan,nan
488,-0.011097,0.797266,0.797266,0.007980,0.081841,nan,nan,nan
489,0.006289,0.798828,0.798828,0.008198,0.064241,nan,nan,nan
490,0.009081,0.787500,0.787500,0.007616,0.073885,nan,nan,nan
491,0.008786,0.761719,0.761719,0.007924,0.079798,nan,nan,nan
492,-0.014630,0.793359,0.793359,0.007960,0.061226,nan,nan,nan
493,-0.008553,0.836914,0.836914,0.007731,0.081790,nan,nan,nan
494,0.004050,0.806641,0.806641,0.008031,0.089842,nan,nan,nan
495,-0.019641,0.818359,0.818359,0.007849,0.083718,nan,nan,nan
496,-0.034137,0.833008,0.833008,0.008176,0.071815,nan,nan,nan
497,0.005526,0.833984,0.833984,0.008023,0.085108,nan,nan,nan
498,-0.001472,0.824219,0.824219,0.008092,0.065927,nan,nan,nan
499,0.006847,0.797852,0.797852,0.007568,0.082479,nan,nan,nan
500,0.002716,0.801758,0.801758,0.007786,0.084424,0.805672,0.008014,-0.000000
501,-0.009587,0.821289,0.821289,0.007944,0.079451,0.805672,0.008014,-0.000000
502,-0.007667,0.771484,0.771484,0.008036,0.072264,0.805672,0.008014,-0.000000
503,0.005037,0.817383,0.817383,0.008393,0.070789,0.805672,0.008014,-0.000000
504,0.004344,0.818359,0.818359,0.008052,0.051755,0.805672,0.008014,-0.000000
505,-0.019567,0.786719,0.786719,0.007860,0.110237,0.805672,0.008014,-0.000000
506,-0.018069,0.814453,0.814453,0.007833,0.098181,0.805672,0.008014,-0.000000
507,0.007678,0.804688,0.804688,0.007989,0.082691,0.805672,0.008014,-0.000000
508,-0.006932,0.806641,0.806641,0.007807,0.090982,0.805672,0.008014,-0.000000
509,0.006473,0.783984,0.783984,0.007557,0.102842,0.805672,0.008014,-0.000000
510,-0.001638,0.826758,0.826758,0.007836,0.119242,0.805672,0.008014,-0.000000
511,-0.033613,0.802734,0.802734,0.007875,0.072780,0.805672,0.008014,-0.000000
512,-0.023993,0.777344,0.777344,0.007627,0.096052,0.805672,0.008014,-0.000000
513,-0.000352,0.798828,0.798828,0.008213,0.086380,0.805672,0.008014,-0.000000
514,0.010940,0.788086,0.788086,0.007647,0.092989,0.805672,0.008014,-0.000000
515,-0.016530,0.847656,0.847656,0.007828,0.065473,0.805672,0.008014,-0.000000
516,-0.005523,0.770508,0.770508,0.007947,0.095450,0.805672,0.008014,-0.000000
517,-0.003941,0.778711,0.778711,0.007743,0.064382,0.805672,0.008014,-0.000000
518,-0.040962,0.811523,0.811523,0.008267,0.084755,0.805672,0.008014,-0.000000
519,0.011106,0.797852,0.797852,0.007838,0.075737,0.805672,0.008014,-0.000000
520,-0.014434,0.793945,0.793945,0.008287,0.068031,0.805672,0.008014,-0.000000
521,-0.002885,0.840820,0.840820,0.007108,0.112961,0.805672,0.008014,-0.000000
522,0.003364,0.803711,0.803711,0.007727,0.065275,0.805672,0.008014,-0.000000
523,0.015550,0.769531,0.769531,0.008036,0.075434,0.805672,0.008014,-0.000000
524,0.003019,0.798633,0.798633,0.008411,0.086479,0.805672,0.008014,-0.000000
525,-0.033135,0.823242,0.823242,0.007784,0.085106,0.805672,0.008014,-0.000000
526,-0.026155,0.733398,0.733398,0.007797,0.091981,0.805672,0.008014,-0.000000
527,0.008546,0.793945,0.793945,0.007364,0.062671,0.805672,0.008014,-0.000000
528,0.007991,0.800781,0.800781,0.007870,0.083330,0.805672,0.008014,-0.000000
529,0.002996,0.793945,0.793945,0.007860,0.057544,0.805672,0.008014,-0.000000
530,-0.017451,0.819336,0.819336,0.007549,0.087026,0.805672,0.008014,-0.000000
531,-0.077032,0.817383,0.817383,0.007785,0.061532,0.805672,0.008014,-0.000000
532,0.009389,0.793945,0.793945,0.008371,0.056538,0.805672,0.008014,-0.000000
533,0.001895,0.835938,0.835938,0.007999,0.079584,0.805672,0.008014,-0.000000
534,-0.027404,0.799414,0.799414,0.007686,0.064925,0.805672,0.008014,-0.000000
535,-0.019451,0.815430,0.815430,0.007991,0.089672,0.805672,0.008014,-0.000000
536,0.008490,0.844727,0.844727,0.007883,0.072530,0.805672,0.008014,-0.000000
537,0.004020,0.826172,0.826172,0.007681,0.045639,0.805672,0.008014,-0.000000
538,0.009468,0.835938,0.835938,0.007836,0.051752,0.805672,0.008014,-0.000000
539,0.017023,0.828125,0.828125,0.007444,0.071183,0.805672,0.008014,-0.000000
540,0.001507,0.764648,0.764648,0.007744,0.057292,0.805672,0.008014,-0.000000
541,-0.033144,0.819336,0.819336,0.007712,0.090924,0.805672,0.008014,-0.000000
542,-0.000368,0.817383,0.817383,0.008042,0.059061,0.805672,0.008014,-0.000000
543,0.002691,0.813477,0.813477,0.007622,0.067888,0.805672,0.008014,-0.000000
544,-0.005645,0.784180,0.784180,0.007632,0.077335,0.805672,0.008014,-0.000000
545,-0.014736,0.764258,0.764258,0.008027,0.067524,0.805672,0.008014,-0.000000
546,-0.002123,0.823242,0.823242,0.007712,0.085630,0.805672,0.008014,-0.000000
547,-0.010957,0.806641,0.806641,0.008069,0.061226,0.805672,0.008014,-0.000000
548,-0.007289,0.816406,0.816406,0.008086,0.058029,0.805672,0.008014,-0.000000
549,-0.036940,0.763672,0.763672,0.008017,0.072790,0.805672,0.008014,-0.000000
550,-0.003243,0.780273,0.780273,0.007651,0.072069,0.805672,0.008014,-0.000000
551,-0.021760,0.847070,0.847070,0.007684,0.067255,0.805672,0.008014,-0.000000
552,0.005877,0.790039,0.790039,0.008105,0.069272,0.805672,0.008014,-0.000000
553,-0.010864,0.815430,0.815430,0.007885,0.084612,0.805672,0.008014,-0.000000
554,0.007066,0.830078,0.830078,0.007529,0.089205,0.805672,0.008014,-0.000000
555,-0.024333,0.813477,0.813477,0.007476,0.090635,0.805672,0.008014,-0.000000
556,0.006463,0.799805,0.799805,0.008157,0.060963,0.805672,0.008014,-0.000000
557,0.009237,0.805664,0.805664,0.008094,0.060912,0.805672,0.008014,-0.000000
558,-0.024438,0.787500,0.787500,0.007495,0.091128,0.805672,0.008014,-0.000000
559,0.001070,0.831055,0.831055,0.007833,0.055662,0.805672,0.008014,-0.000000
560,0.008388,0.783203,0.783203,0.007812,0.086817,0.805672,0.008014,-0.000000
561,-0.005124,0.805859,0.805859,0.007852,0.078500,0.805672,0.008014,-0.000000
562,0.003923,0.823242,0.823242,0.007796,0.091900,0.805672,0.008014,-0.000000
563,0.010876,0.837891,0.837891,0.007786,0.068861,0.805672,0.008014,-0.000000
564,0.006377,0.834961,0.834961,0.007956,0.090705,0.805672,0.008014,-0.000000
565,-0.038353,0.790039,0.790039,0.007376,0.104162,0.805672,0.008014,-0.000000
566,-0.038482,0.753906,0.753906,0.008391,0.048890,0.805672,0.008014,-0.000000
567,0.000221,0.824219,0.824219,0.008111,0.075039,0.805672,0.008014,-0.000000
568,0.005260,0.802734,0.802734,0.008046,0.061563,0.805672,0.008014,-0.000000
569,-0.023465,0.823242,0.823242,0.007231,0.069318,0.805672,0.008014,-0.000000
570,0.001330,0.826172,0.826172,0.008053,0.055203,0.805672,0.008014,-0.000000
571,-0.024818,0.788672,0.788672,0.007747,0.089324,0.805672,0.008014,-0.000000
572,-0.014138,0.811523,0.811523,0.007444,0.091571,0.805672,0.008014,-0.000000
573,0.001018,0.753906,0.753906,0.007855,0.058085,0.805672,0.008014,-0.000000
574,-0.001499,0.818359,0.818359,0.008186,0.071638,0.805672,0.008014,-0.000000
575,-0.005199,0.798437,0.798437,0.007734,0.088094,0.805672,0.008014,-0.000000
576,0.003742,0.826172,0.826172,0.008060,0.063085,0.805672,0.008014,-0.000000
577,-0.003909,0.789062,0.789062,0.007859,0.067751,0.805672,0.008014,-0.000000
578,0.007306,0.797852,0.797852,0.007959,0.076641,0.805672,0.008014,-0.000000
579,-0.004674,0.778320,0.778320,0.008003,0.078229,0.805672,0.008014,-0.000000
580,-0.016839,0.793945,0.793945,0.007737,0.074042,0.805672,0.008014,-0.000000
581,0.000170,0.830078,0.830078,0.007826,0.051596,0.805672,0.008014,-0.000000
582,-0.022109,0.795703,0.795703,0.007888,0.079914,0.805672,0.008014,-0.000000
583,0.002478,0.770508,0.770508,0.007866,0.075262,0.805672,0.008014,-0.000000
584,-0.016366,0.791992,0.791992,0.007703,0.082413,0.805672,0.008014,-0.000000
585,0.006256,0.816406,0.816406,0.007832,0.092988,0.805672,0.008014,-0.000000
586,0.003559,0.815430,0.815430,0.008036,0.066398,0.805672,0.008014,-0.000000
587,0.012125,0.828711,0.828711,0.008182,0.069392,0.805672,0.008014,-0.000000
588,-0.001544,0.824219,0.824219,0.007991,0.071997,0.805672,0.008014,-0.000000
589,-0.004730,0.798633,0.798633,0.007774,0.111937,0.805672,0.008014,-0.000000
590,-0.033163,0.798828,0.798828,0.007665,0.055209,0.805672,0.008014,-0.000000
591,-0.006393,0.790039,0.790039,0.008319,0.071718,0.805672,0.008014,-0.000000
592,-0.028286,0.809570,0.809570,0.007876,0.075339,0.805672,0.008014,-0.000000
593,0.010239,0.813477,0.813477,0.008020,0.064059,0.805672,0.008014,-0.000000
594,-0.009916,0.804688,0.804688,0.007909,0.083438,0.805672,0.008014,-0.000000
595,-0.001101,0.785156,0.785156,0.008110,0.047114,0.805672,0.008014,-0.000000
596,0.003438,0.771484,0.771484,0.007992,0.095733,0.805672,0.008014,-0.000000
597,-0.010080,0.756836,0.756836,0.007718,0.067557,0.805672,0.008014,-0.000000
598,-0.025220,0.804688,0.804688,0.008060,0.085819,0.805672,0.008014,-0.000000
599,-0.000428,0.808789,0.808789,0.007940,0.052906,0.805672,0.008014,-0.000000
600,0.001540,0.774414,0.774414,0.008108,0.068387,0.805672,0.008014,-0.000000
601,0.009815,0.795898,0.795898,0.007809,0.070362,0.805672,0.008014,-0.000000
602,0.007993,0.824219,0.824219,0.007583,0.065208,0.805672,0.008014,-0.000000
603,-0.019517,0.817383,0.817383,0.007741,0.045954,0.805672,0.008014,-0.000000
604,0.000290,0.811523,0.811523,0.007914,0.046657,0.805672,0.008014,-0.000000
605,0.012809,0.814453,0.814453,0.007781,0.073223,0.805672,0.008014,-0.000000
606,-0.003636,0.804688,0.804688,0.007903,0.062406,0.805672,0.008014,-0.000000
607,-0.014720,0.826172,0.826172,0.008021,0.076227,0.805672,0.008014,-0.000000
608,0.011737,0.783203,0.783203,0.007341,0.096636,0.805672,0.008014,-0.000000
609,-0.014393,0.806641,0.806641,0.008101,0.057588,0.805672,0.008014,-0.000000
610,-0.016965,0.784180,0.784180,0.007931,0.049650,0.805672,0.008014,-0.000000
611,0.012397,0.831055,0.831055,0.007797,0.077893,0.805672,0.008014,-0.000000
612,0.000870,0.857422,0.857422,0.007796,0.050209,0.805672,0.008014,-0.000000
613,-0.016769,0.793945,0.793945,0.007631,0.076626,0.805672,0.008014,-0.000000
614,-0.025955,0.833008,0.833008,0.007806,0.051600,0.805672,0.008014,-0.000000
615,0.000757,0.785156,0.785156,0.007982,0.094978,0.805672,0.008014,-0.000000
616,0.004640,0.784180,0.784180,0.007986,0.052829,0.805672,0.008014,-0.000000
617,0.004103,0.806641,0.806641,0.007790,0.067368,0.805672,0.008014,-0.000000
618,-0.006692,0.791016,0.791016,0.007799,0.081147,0.805672,0.008014,-0.000000
619,-0.003460,0.817773,0.817773,0.008013,0.049572,0.805672,0.008014,-0.000000
620,-0.000935,0.816406,0.816406,0.007877,0.038432,0.805672,0.008014,-0.000000
621,-0.039217,0.801562,0.801562,0.007464,0.080414,0.805672,0.008014,-0.000000
622,-0.001849,0.778320,0.778320,0.008470,0.053208,0.805672,0.008014,-0.000000
623,0.018095,0.788086,0.788086,0.008207,0.096132,0.805672,0.008014,-0.000000
624,0.000318,0.816406,0.816406,0.007759,0.061672,0.805672,0.008014,-0.000000
625,0.005062,0.784180,0.784180,0.008602,0.054769,0.805672,0.008014,-0.000000
626,0.002842,0.837891,0.837891,0.008006,0.057292,0.805672,0.008014,-0.000000
627,-0.000619,0.814453,0.814453,0.008163,0.035562,0.805672,0.008014,-0.000000
628,-0.020577,0.796875,0.796875,0.008025,0.044791,0.805672,0.008014,-0.000000
629,0.000264,0.765625,0.765625,0.008043,0.054143,0.805672,0.008014,-0.000000
630,-0.015879,0.828125,0.828125,0.007850,0.056091,0.805672,0.008014,-0.000000
631,-0.003695,0.803711,0.803711,0.007471,0.078695,0.805672,0.008014,-0.000000
632,0.003889,0.778320,0.778320,0.007983,0.058487,0.805672,0.008014,-0.000000
633,-0.004862,0.803711,0.803711,0.008095,0.070440,0.805672,0.008014,-0.000000
634,0.010897,0.845703,0.845703,0.007922,0.059779,0.805672,0.008014,-0.000000
635,0.009878,0.839844,0.839844,0.007908,0.046980,0.805672,0.008014,-0.000000
636,-0.021242,0.802539,0.802539,0.007886,0.074462,0.805672,0.008014,-0.000000
637,0.006261,0.757422,0.757422,0.007761,0.066563,0.805672,0.008014,-0.000000
638,-0.001242,0.823438,0.823438,0.007669,0.062247,0.805672,0.008014,-0.000000
639,-0.011146,0.843750,0.843750,0.007795,0.060023,0.805672,0.008014,-0.000000
640,0.011034,0.825195,0.825195,0.007603,0.061183,0.805672,0.008014,-0.000000
641,0.009444,0.785742,0.785742,0.008020,0.053418,0.805672,0.008014,-0.000000
642,0.008132,0.760742,0.760742,0.007880,0.081488,0.805672,0.008014,-0.000000
643,0.004491,0.767578,0.767578,0.007934,0.082158,0.805672,0.008014,-0.000000
644,-0.080555,0.793359,0.793359,0.007910,0.072594,0.805672,0.008014,-0.000000
645,-0.012709,0.838281,0.838281,0.007737,0.075734,0.805672,0.008014,-0.000000
646,0.004886,0.812500,0.812500,0.008001,0.070404,0.805672,0.008014,-0.000000
647,-0.015660,0.815430,0.815430,0.007863,0.069590,0.805672,0.008014,-0.000000
648,0.005944,0.804688,0.804688,0.007658,0.061457,0.805672,0.008014,-0.000000
649,0.004858,0.814453,0.814453,0.007669,0.064944,0.805672,0.008014,-0.000000
650,-0.021451,0.825195,0.825195,0.007846,0.068251,0.805672,0.008014,-0.000000
651,-0.020466,0.795898,0.795898,0.007570,0.049576,0.805672,0.008014,-0.000000
652,0.007025,0.813477,0.813477,0.008080,0.094341,0.805672,0.008014,-0.000000
653,-0.007337,0.814453,0.814453,0.007816,0.063519,0.805672,0.008014,-0.000000
654,0.003826,0.828125,0.828125,0.007479,0.065098,0.805672,0.008014,-0.000000
655,-0.010582,0.829102,0.829102,0.008025,0.082235,0.805672,0.008014,-0.000000
656,0.010957,0.793945,0.793945,0.007560,0.072379,0.805672,0.008014,-0.000000
657,0.001848,0.789062,0.789062,0.008007,0.072047,0.805672,0.008014,-0.000000
658,-0.004677,0.768555,0.768555,0.008085,0.079720,0.805672,0.008014,-0.000000
659,0.004915,0.831055,0.831055,0.007619,0.072447,0.805672,0.008014,-0.000000
660,0.003182,0.814062,0.814062,0.007896,0.066270,0.805672,0.008014,-0.000000
661,-0.016115,0.794922,0.794922,0.008036,0.046886,0.805672,0.008014,-0.000000
662,0.001168,0.797266,0.797266,0.007581,0.079677,0.805672,0.008014,-0.000000
663,0.007827,0.820312,0.820312,0.007524,0.065200,0.805672,0.008014,-0.000000
664,-0.013206,0.831055,0.831055,0.008004,0.066641,0.805672,0.008014,-0.000000
665,-0.012900,0.815039,0.815039,0.008014,0.049645,0.805672,0.008014,-0.000000
666,-0.007152,0.804688,0.804688,0.008021,0.063198,0.805672,0.008014,-0.000000
667,0.006602,0.812500,0.812500,0.007762,0.060419,0.805672,0.008014,-0.000000
668,-0.001485,0.834961,0.834961,0.007921,0.058892,0.805672,0.008014,-0.000000
669,-0.013461,0.790039,0.790039,0.007536,0.043803,0.805672,0.008014,-0.000000
670,-0.000507,0.813477,0.813477,0.007972,0.045103,0.805672,0.008014,-0.000000
671,0.004668,0.814648,0.814648,0.008091,0.068240,0.805672,0.008014,-0.000000
672,0.001186,0.785156,0.785156,0.008211,0.053553,0.805672,0.008014,-0.000000
673,0.009812,0.762695,0.762695,0.007916,0.090832,0.805672,0.008014,-0.000000
674,0.013901,0.802734,0.802734,0.007825,0.073939,0.805672,0.008014,-0.000000
675,0.007228,0.821289,0.821289,0.007878,0.086913,0.805672,0.008014,-0.000000
676,-0.034435,0.789844,0.789844,0.007637,0.073614,0.805672,0.008014,-0.000000
677,0.020384,0.756445,0.756445,0.007905,0.078318,0.805672,0.008014,-0.000000
678,-0.018862,0.861523,0.861523,0.007758,0.080023,0.805672,0.008014,-0.000000
679,-0.016307,0.821680,0.821680,0.007325,0.091235,0.805672,0.008014,-0.000000
680,-0.028710,0.791016,0.791016,0.007771,0.047403,0.805672,0.008014,-0.000000
681,0.000750,0.794922,0.794922,0.007767,0.049026,0.805672,0.008014,-0.000000
682,0.007744,0.845703,0.845703,0.007765,0.068498,0.805672,0.008014,-0.000000
683,0.013451,0.777344,0.777344,0.007897,0.069290,0.805672,0.008014,-0.000000
684,0.005525,0.809570,0.809570,0.007535,0.078750,0.805672,0.008014,-0.000000
685,0.005665,0.812500,0.812500,0.007770,0.076601,0.805672,0.008014,-0.000000
686,-0.007623,0.852539,0.852539,0.008149,0.065144,0.805672,0.008014,-0.000000
687,-0.040890,0.789062,0.789062,0.007529,0.044336,0.805672,0.008014,-0.000000
688,0.000668,0.810547,0.810547,0.008003,0.046373,0.805672,0.008014,-0.000000
689,0.001491,0.815430,0.815430,0.007708,0.061830,0.805672,0.008014,-0.000000
690,-0.014467,0.849609,0.849609,0.007663,0.078600,0.805672,0.008014,-0.000000
691,-0.041682,0.820312,0.820312,0.007725,0.055282,0.805672,0.008014,-0.000000
692,-0.001240,0.814453,0.814453,0.007769,0.075511,0.805672,0.008014,-0.000000
693,-0.020366,0.799805,0.799805,0.007601,0.055328,0.805672,0.008014,-0.000000
694,0.017986,0.788477,0.788477,0.007755,0.087295,0.805672,0.008014,-0.000000
695,-0.036255,0.813672,0.813672,0.007978,0.078102,0.805672,0.008014,-0.000000
696,-0.006822,0.820898,0.820898,0.007612,0.075162,0.805672,0.008014,-0.000000
697,-0.051576,0.814453,0.814453,0.007729,0.047465,0.805672,0.008014,-0.000000
698,-0.000145,0.816406,0.816406,0.007741,0.080426,0.805672,0.008014,-0.000000
699,0.004049,0.830078,0.830078,0.007834,0.075112,0.805672,0.008014,-0.000000
700,-0.016525,0.809570,0.809570,0.007889,0.055436,0.805672,0.008014,-0.000000
701,-0.010908,0.819336,0.819336,0.007652,0.049556,0.805672,0.008014,-0.000000
702,-0.003563,0.794922,0.794922,0.007892,0.061780,0.805672,0.008014,-0.000000
703,-0.036711,0.773438,0.773438,0.007787,0.056305,0.805672,0.008014,-0.000000
704,-0.021955,0.806641,0.806641,0.007512,0.043422,0.805672,0.008014,-0.000000
705,-0.012641,0.849609,0.849609,0.008053,0.061543,0.805672,0.008014,-0.000000
706,0.010791,0.821289,0.821289,0.007901,0.038427,0.805672,0.008014,-0.000000
707,0.005226,0.819336,0.819336,0.008047,0.084307,0.805672,0.008014,-0.000000
708,0.002405,0.812500,0.812500,0.007847,0.069628,0.805672,0.008014,-0.000000
709,-0.011929,0.797070,0.797070,0.007903,0.060130,0.805672,0.008014,-0.000000
710,-0.004188,0.784180,0.784180,0.008060,0.064547,0.805672,0.008014,-0.000000
711,-0.019715,0.789062,0.789062,0.008013,0.048181,0.805672,0.008014,-0.000000
712,0.005845,0.802734,0.802734,0.007571,0.077371,0.805672,0.008014,-0.000000
713,0.005376,0.817383,0.817383,0.007857,0.046295,0.805672,0.008014,-0.000000
714,0.008452,0.805664,0.805664,0.007723,0.063636,0.805672,0.008014,-0.000000
715,-0.000878,0.830078,0.830078,0.008122,0.032184,0.805672,0.008014,-0.000000
716,-0.000139,0.826172,0.826172,0.008046,0.032386,0.805672,0.008014,-0.000000
717,0.011317,0.783203,0.783203,0.007541,0.079812,0.805672,0.008014,-0.000000
718,-0.001783,0.778320,0.778320,0.007485,0.055666,0.805672,0.008014,-0.000000
719,0.003010,0.806641,0.806641,0.007523,0.085428,0.805672,0.008014,-0.000000
720,0.007221,0.830078,0.830078,0.008015,0.045707,0.805672,0.008014,-0.000000
721,-0.018635,0.832031,0.832031,0.007790,0.046759,0.805672,0.008014,-0.000000
722,0.005412,0.811523,0.811523,0.007959,0.043117,0.805672,0.008014,-0.000000
723,-0.014155,0.800781,0.800781,0.008208,0.057098,0.805672,0.008014,-0.000000
724,-0.003952,0.805664,0.805664,0.008092,0.047387,0.805672,0.008014,-0.000000
725,0.001129,0.803711,0.803711,0.007863,0.057154,0.805672,0.008014,-0.000000
726,-0.020217,0.792969,0.792969,0.007865,0.054624,0.805672,0.008014,-0.000000
727,-0.008250,0.832031,0.832031,0.007785,0.076872,0.805672,0.008014,-0.000000
728,-0.028305,0.802734,0.802734,0.007740,0.058162,0.805672,0.008014,-0.000000
729,0.009167,0.792969,0.792969,0.008143,0.026388,0.805672,0.008014,-0.000000
730,0.007019,0.822266,0.822266,0.007971,0.050017,0.805672,0.008014,-0.000000
731,0.004360,0.810547,0.810547,0.007802,0.073773,0.805672,0.008014,-0.000000
732,-0.038691,0.815430,0.815430,0.007892,0.068144,0.805672,0.008014,-0.000000
733,-0.011596,0.793945,0.793945,0.007375,0.051886,0.805672,0.008014,-0.000000
734,0.007950,0.810547,0.810547,0.007615,0.056270,0.805672,0.008014,-0.000000
735,-0.006490,0.788477,0.788477,0.007617,0.082845,0.805672,0.008014,-0.000000
736,-0.000197,0.814453,0.814453,0.007999,0.082828,0.805672,0.008014,-0.000000
737,-0.006687,0.784180,0.784180,0.007648,0.048429,0.805672,0.008014,-0.000000
738,0.002793,0.811523,0.811523,0.008213,0.050004,0.805672,0.008014,-0.000000
739,0.006768,0.807617,0.807617,0.008020,0.055697,0.805672,0.008014,-0.000000
740,0.007509,0.808594,0.808594,0.008086,0.050861,0.805672,0.008014,-0.000000
741,-0.016915,0.787891,0.787891,0.007520,0.059944,0.805672,0.008014,-0.000000
742,0.007546,0.766602,0.766602,0.007733,0.056340,0.805672,0.008014,-0.000000
743,0.001215,0.822266,0.822266,0.008172,0.053423,0.805672,0.008014,-0.000000
744,-0.012119,0.847656,0.847656,0.007625,0.058424,0.805672,0.008014,-0.000000
745,0.006387,0.809570,0.809570,0.007501,0.068976,0.805672,0.008014,-0.000000
746,-0.004214,0.824219,0.824219,0.007728,0.042905,0.805672,0.008014,-0.000000
747,0.005655,0.769531,0.769531,0.008034,0.071425,0.805672,0.008014,-0.000000
748,-0.002318,0.841211,0.841211,0.007336,0.074113,0.805672,0.008014,-0.000000
749,-0.009389,0.773438,0.773438,0.007946,0.053868,0.805672,0.008014,-0.000000
750,0.000278,0.800195,0.800195,0.007989,0.070468,0.805672,0.008014,-0.000000
751,-0.005566,0.807617,0.807617,0.007733,0.064928,0.805672,0.008014,-0.000000
752,-0.007647,0.787109,0.787109,0.007397,0.055637,0.805672,0.008014,-0.000000
753,0.000197,0.802734,0.802734,0.007617,0.044052,0.805672,0.008014,-0.000000
754,-0.016242,0.802734,0.802734,0.007641,0.064293,0.805672,0.008014,-0.000000
755,0.000867,0.819336,0.819336,0.008170,0.048271,0.805672,0.008014,-0.000000
756,0.013197,0.796094,0.796094,0.008019,0.068173,0.805672,0.008014,-0.000000
757,-0.019056,0.819922,0.819922,0.008170,0.070609,0.805672,0.008014,-0.000000
758,-0.018042,0.809570,0.809570,0.007671,0.049548,0.805672,0.008014,-0.000000
759,0.003688,0.819336,0.819336,0.007639,0.082494,0.805672,0.008014,-0.000000
760,0.002844,0.786133,0.786133,0.007702,0.043665,0.805672,0.008014,-0.000000
761,-0.011048,0.770508,0.770508,0.008057,0.054419,0.805672,0.008014,-0.000000
762,-0.030969,0.830078,0.830078,0.008003,0.049239,0.805672,0.008014,-0.000000
763,-0.023081,0.826172,0.826172,0.007886,0.051999,0.805672,0.008014,-0.000000
764,0.007286,0.818359,0.818359,0.007941,0.056437,0.805672,0.008014,-0.000000
765,-0.015555,0.772461,0.772461,0.008122,0.045596,0.805672,0.008014,-0.000000
766,-0.001410,0.780273,0.780273,0.008073,0.048616,0.805672,0.008014,-0.000000
767,0.020995,0.779297,0.779297,0.007842,0.085702,0.805672,0.008014,-0.000000
768,0.001435,0.806641,0.806641,0.007662,0.038502,0.805672,0.008014,-0.000000
769,-0.017581,0.838867,0.838867,0.007663,0.050265,0.805672,0.008014,-0.000000
770,0.003118,0.827148,0.827148,0.007746,0.046445,0.805672,0.008014,-0.000000
771,-0.020297,0.824219,0.824219,0.007982,0.044593,0.805672,0.008014,-0.000000
772,-0.006085,0.788086,0.788086,0.007737,0.055364,0.805672,0.008014,-0.000000
773,-0.016186,0.802734,0.802734,0.007626,0.070300,0.805672,0.008014,-0.000000
774,0.002481,0.810547,0.810547,0.008005,0.039784,0.805672,0.008014,-0.000000
775,0.006553,0.788477,0.788477,0.007606,0.042375,0.805672,0.008014,-0.000000
776,0.006439,0.798828,0.798828,0.007929,0.053274,0.805672,0.008014,-0.000000
777,-0.012953,0.824219,0.824219,0.007670,0.055080,0.805672,0.008014,-0.000000
778,-0.010702,0.758789,0.758789,0.008093,0.063204,0.805672,0.008014,-0.000000
779,0.004297,0.819922,0.819922,0.007938,0.062544,0.805672,0.008014,-0.000000
780,0.009505,0.837891,0.837891,0.007712,0.100335,0.805672,0.008014,-0.000000
781,0.015200,0.817383,0.817383,0.007713,0.053136,0.805672,0.008014,-0.000000
782,-0.003954,0.783203,0.783203,0.008089,0.085318,0.805672,0.008014,-0.000000
783,0.003198,0.822266,0.822266,0.007553,0.036237,0.805672,0.008014,-0.000000
784,0.005037,0.800781,0.800781,0.007513,0.066683,0.805672,0.008014,-0.000000
785,-0.010288,0.819336,0.819336,0.007315,0.055737,0.805672,0.008014,-0.000000
786,-0.014665,0.793945,0.793945,0.007840,0.072346,0.805672,0.008014,-0.000000
787,0.007558,0.804297,0.804297,0.008158,0.060155,0.805672,0.008014,-0.000000
788,-0.002080,0.801758,0.801758,0.007895,0.037106,0.805672,0.008014,-0.000000
789,-0.008025,0.809570,0.809570,0.007411,0.058918,0.805672,0.008014,-0.000000
790,-0.004454,0.796875,0.796875,0.008088,0.058994,0.805672,0.008014,-0.000000
791,-0.015482,0.855469,0.855469,0.007570,0.035941,0.805672,0.008014,-0.000000
792,-0.002178,0.795898,0.795898,0.007854,0.069789,0.805672,0.008014,-0.000000
793,0.004856,0.845703,0.845703,0.007792,0.072950,0.805672,0.008014,-0.000000
794,-0.014330,0.766602,0.766602,0.008246,0.042298,0.805672,0.008014,-0.000000
795,-0.006321,0.776367,0.776367,0.008217,0.045727,0.805672,0.008014,-0.000000
796,-0.006618,0.837891,0.837891,0.007619,0.042881,0.805672,0.008014,-0.000000
797,0.000123,0.831055,0.831055,0.007384,0.054855,0.805672,0.008014,-0.000000
798,0.007070,0.820312,0.820312,0.007486,0.065101,0.805672,0.008014,-0.000000
799,-0.010927,0.785156,0.785156,0.007502,0.054087,0.805672,0.008014,-0.000000
800,0.000930,0.808984,0.808984,0.007623,0.056073,0.805672,0.008014,-0.000000
801,-0.023279,0.777344,0.777344,0.007717,0.092567,0.805672,0.008014,-0.000000
802,-0.005118,0.748047,0.748047,0.007710,0.044366,0.805672,0.008014,-0.000000
803,0.004193,0.827148,0.827148,0.007471,0.051813,0.805672,0.008014,-0.000000
804,-0.002713,0.851562,0.851562,0.008182,0.078926,0.805672,0.008014,-0.000000
805,0.001270,0.818359,0.818359,0.007869,0.040188,0.805672,0.008014,-0.000000
806,0.004473,0.849609,0.849609,0.007571,0.052015,0.805672,0.008014,-0.000000
807,0.003854,0.820312,0.820312,0.007654,0.064049,0.805672,0.008014,-0.000000
808,-0.000496,0.801758,0.801758,0.007738,0.041498,0.805672,0.008014,-0.000000
809,0.008504,0.808203,0.808203,0.008197,0.071068,0.805672,0.008014,-0.000000
810,0.001053,0.808594,0.808594,0.007581,0.045292,0.805672,0.008014,-0.000000
811,-0.022098,0.805469,0.805469,0.008048,0.066430,0.805672,0.008014,-0.000000
812,-0.032644,0.825195,0.825195,0.007859,0.033492,0.805672,0.008014,-0.000000
813,-0.006829,0.827148,0.827148,0.007624,0.031674,0.805672,0.008014,-0.000000
814,-0.003723,0.802734,0.802734,0.007689,0.053260,0.805672,0.008014,-0.000000
815,-0.025619,0.829102,0.829102,0.007916,0.052417,0.805672,0.008014,-0.000000
816,0.007635,0.811523,0.811523,0.008083,0.068493,0.805672,0.008014,-0.000000
817,0.003462,0.825586,0.825586,0.008076,0.065753,0.805672,0.008014,-0.000000
818,-0.023072,0.789258,0.789258,0.007749,0.035180,0.805672,0.008014,-0.000000
819,0.005357,0.764648,0.764648,0.007587,0.075060,0.805672,0.008014,-0.000000
820,-0.010807,0.793945,0.793945,0.007708,0.051693,0.805672,0.008014,-0.000000
821,-0.020677,0.848633,0.848633,0.007983,0.048078,0.805672,0.008014,-0.000000
822,0.003173,0.783203,0.783203,0.007932,0.078541,0.805672,0.008014,-0.000000
823,-0.015349,0.828125,0.828125,0.007732,0.043099,0.805672,0.008014,-0.000000
824,0.009580,0.793945,0.793945,0.008228,0.055079,0.805672,0.008014,-0.000000
825,0.005729,0.774414,0.774414,0.007952,0.051207,0.805672,0.008014,-0.000000
826,-0.006209,0.776367,0.776367,0.008105,0.056261,0.805672,0.008014,-0.000000
827,0.002860,0.760156,0.760156,0.007969,0.059874,0.805672,0.008014,-0.000000
828,-0.000548,0.792383,0.792383,0.007243,0.038032,0.805672,0.008014,-0.000000
829,-0.002799,0.781250,0.781250,0.007948,0.054333,0.805672,0.008014,-0.000000
830,0.000860,0.806641,0.806641,0.007752,0.032350,0.805672,0.008014,-0.000000
831,0.000905,0.819141,0.819141,0.007547,0.042141,0.805672,0.008014,-0.000000
832,-0.042640,0.818359,0.818359,0.007473,0.049168,0.805672,0.008014,-0.000000
833,0.003173,0.826172,0.826172,0.008135,0.031752,0.805672,0.008014,-0.000000
834,0.003610,0.808594,0.808594,0.007464,0.071699,0.805672,0.008014,-0.000000
835,-0.020582,0.836914,0.836914,0.007860,0.047012,0.805672,0.008014,-0.000000
836,-0.006274,0.800781,0.800781,0.007842,0.027742,0.805672,0.008014,-0.000000
837,0.000082,0.815430,0.815430,0.007988,0.043001,0.805672,0.008014,-0.000000
838,-0.000858,0.810547,0.810547,0.007964,0.063280,0.805672,0.008014,-0.000000
839,0.003275,0.774414,0.774414,0.007895,0.067310,0.805672,0.008014,-0.000000
840,-0.022308,0.779297,0.779297,0.007831,0.070157,0.805672,0.008014,-0.000000
841,-0.038502,0.787109,0.787109,0.008171,0.030250,0.805672,0.008014,-0.000000
842,-0.001178,0.807617,0.807617,0.007804,0.050663,0.805672,0.008014,-0.000000
843,0.000982,0.831055,0.831055,0.007512,0.044785,0.805672,0.008014,-0.000000
844,0.006800,0.815820,0.815820,0.007705,0.037743,0.805672,0.008014,-0.000000
845,-0.000412,0.812500,0.812500,0.008174,0.041721,0.805672,0.008014,-0.000000
846,-0.009120,0.831055,0.831055,0.007487,0.052968,0.805672,0.008014,-0.000000
847,-0.021747,0.803711,0.803711,0.007589,0.066756,0.805672,0.008014,-0.000000
848,0.010731,0.825195,0.825195,0.007893,0.062112,0.805672,0.008014,-0.000000
849,-0.003377,0.830078,0.830078,0.007402,0.081761,0.805672,0.008014,-0.000000
850,0.001579,0.827148,0.827148,0.007960,0.036172,0.805672,0.008014,-0.000000
851,0.000640,0.804688,0.804688,0.007644,0.056485,0.805672,0.008014,-0.000000
852,0.014723,0.828711,0.828711,0.008029,0.032869,0.805672,0.008014,-0.000000
853,0.004620,0.788086,0.788086,0.007698,0.056870,0.805672,0.008014,-0.000000
854,-0.012149,0.855469,0.855469,0.008066,0.046779,0.805672,0.008014,-0.000000
855,0.006859,0.799805,0.799805,0.007625,0.062448,0.805672,0.008014,-0.000000
856,-0.013431,0.793945,0.793945,0.008048,0.066288,0.805672,0.008014,-0.000000
857,0.000509,0.787109,0.787109,0.007950,0.034064,0.805672,0.008014,-0.000000
858,-0.031121,0.795898,0.795898,0.007762,0.046356,0.805672,0.008014,-0.000000
859,-0.020977,0.777344,0.777344,0.007802,0.029150,0.805672,0.008014,-0.000000
860,-0.008451,0.790430,0.790430,0.007896,0.067779,0.805672,0.008014,-0.000000
861,0.001850,0.842773,0.842773,0.007868,0.047686,0.805672,0.008014,-0.000000
862,-0.020241,0.794336,0.794336,0.007676,0.082064,0.805672,0.008014,-0.000000
863,0.001963,0.805078,0.805078,0.007924,0.046805,0.805672,0.008014,-0.000000
864,0.006437,0.824219,0.824219,0.007586,0.068165,0.805672,0.008014,-0.000000
865,0.007601,0.803711,0.803711,0.008021,0.033343,0.805672,0.008014,-0.000000
866,0.001805,0.808594,0.808594,0.007873,0.042841,0.805672,0.008014,-0.000000
867,-0.005663,0.797070,0.797070,0.007724,0.054373,0.805672,0.008014,-0.000000
868,-0.006114,0.830078,0.830078,0.007908,0.032487,0.805672,0.008014,-0.000000
869,-0.020537,0.799805,0.799805,0.007706,0.035964,0.805672,0.008014,-0.000000
870,0.002289,0.769531,0.769531,0.007614,0.061905,0.805672,0.008014,-0.000000
871,-0.000383,0.766602,0.766602,0.007399,0.017838,0.805672,0.008014,-0.000000
872,-0.003550,0.826172,0.826172,0.007908,0.028268,0.805672,0.008014,-0.000000
873,-0.001241,0.822266,0.822266,0.007644,0.028870,0.805672,0.008014,-0.000000
874,0.001769,0.803711,0.803711,0.007694,0.047482,0.805672,0.008014,-0.000000
875,-0.014125,0.822266,0.822266,0.007811,0.082845,0.805672,0.008014,-0.000000
876,0.007846,0.818359,0.818359,0.008295,0.048563,0.805672,0.008014,-0.000000
877,-0.012130,0.791406,0.791406,0.007525,0.037400,0.805672,0.008014,-0.000000
878,0.004697,0.782227,0.782227,0.007896,0.051206,0.805672,0.008014,-0.000000
879,0.010281,0.823242,0.823242,0.007773,0.047145,0.805672,0.008014,-0.000000
880,0.004911,0.807617,0.807617,0.007694,0.047108,0.805672,0.008014,-0.000000
881,-0.009868,0.808398,0.808398,0.007339,0.038060,0.805672,0.008014,-0.000000
882,-0.012465,0.770508,0.770508,0.007552,0.046551,0.805672,0.008014,-0.000000
883,-0.001011,0.793945,0.793945,0.007869,0.072758,0.805672,0.008014,-0.000000
884,-0.001574,0.839844,0.839844,0.007647,0.040765,0.805672,0.008014,-0.000000
885,-0.000659,0.831055,0.831055,0.007973,0.027054,0.805672,0.008014,-0.000000
886,-0.017399,0.817383,0.817383,0.007401,0.034799,0.805672,0.008014,-0.000000
887,0.004201,0.801758,0.801758,0.007912,0.094019,0.805672,0.008014,-0.000000
888,-0.015073,0.825195,0.825195,0.008081,0.024964,0.805672,0.008014,-0.000000
889,0.007676,0.790039,0.790039,0.008026,0.074815,0.805672,0.008014,-0.000000
890,0.002741,0.853516,0.853516,0.008080,0.044341,0.805672,0.008014,-0.000000
891,-0.001701,0.802734,0.802734,0.008189,0.051748,0.805672,0.008014,-0.000000
892,0.006318,0.813477,0.813477,0.007673,0.038469,0.805672,0.008014,-0.000000
893,0.010647,0.782227,0.782227,0.007456,0.048814,0.805672,0.008014,-0.000000
894,0.001637,0.806641,0.806641,0.007468,0.024837,0.805672,0.008014,-0.000000
895,-0.011168,0.794922,0.794922,0.008236,0.033235,0.805672,0.008014,-0.000000
896,0.001583,0.806641,0.806641,0.007686,0.023577,0.805672,0.008014,-0.000000
897,0.004962,0.807617,0.807617,0.007575,0.052838,0.805672,0.008014,-0.000000
898,-0.003704,0.822266,0.822266,0.007998,0.061000,0.805672,0.008014,-0.000000
899,0.010945,0.793945,0.793945,0.007859,0.061587,0.805672,0.008014,-0.000000
900,0.003808,0.785156,0.785156,0.008161,0.055499,0.805672,0.008014,-0.000000
901,-0.001137,0.819336,0.819336,0.007943,0.025564,0.805672,0.008014,-0.000000
902,0.005218,0.792188,0.792188,0.007701,0.045493,0.805672,0.008014,-0.000000
903,0.002023,0.802734,0.802734,0.007961,0.041495,0.805672,0.008014,-0.000000
904,0.001639,0.806641,0.806641,0.007987,0.026949,0.805672,0.008014,-0.000000
905,0.006126,0.803711,0.803711,0.007536,0.064251,0.805672,0.008014,-0.000000
906,0.005806,0.820312,0.820312,0.007796,0.031272,0.805672,0.008014,-0.000000
907,0.001494,0.764648,0.764648,0.007985,0.044532,0.805672,0.008014,-0.000000
908,0.000317,0.828125,0.828125,0.007943,0.032779,0.805672,0.008014,-0.000000
909,0.003683,0.839648,0.839648,0.008295,0.056182,0.805672,0.008014,-0.000000
910,-0.013701,0.801758,0.801758,0.007625,0.039072,0.805672,0.008014,-0.000000
911,0.011113,0.838867,0.838867,0.007802,0.047583,0.805672,0.008014,-0.000000
912,0.001309,0.822070,0.822070,0.008107,0.036587,0.805672,0.008014,-0.000000
913,0.014548,0.756836,0.756836,0.007698,0.060339,0.805672,0.008014,-0.000000
914,0.006707,0.841797,0.841797,0.008033,0.056472,0.805672,0.008014,-0.000000
915,0.000821,0.807617,0.807617,0.008167,0.035026,0.805672,0.008014,-0.000000
916,0.005266,0.818750,0.818750,0.008025,0.040681,0.805672,0.008014,-0.000000
917,-0.002296,0.821680,0.821680,0.007966,0.025432,0.805672,0.008014,-0.000000
918,0.013003,0.776367,0.776367,0.007730,0.058195,0.805672,0.008014,-0.000000
919,0.007317,0.809570,0.809570,0.007872,0.070176,0.805672,0.008014,-0.000000
920,-0.002433,0.822266,0.822266,0.007862,0.045521,0.805672,0.008014,-0.000000
921,0.003342,0.818750,0.818750,0.007612,0.051170,0.805672,0.008014,-0.000000
922,-0.016450,0.793945,0.793945,0.007431,0.033965,0.805672,0.008014,-0.000000
923,0.017919,0.807617,0.807617,0.007942,0.048721,0.805672,0.008014,-0.000000
924,-0.017036,0.818359,0.818359,0.007283,0.019614,0.805672,0.008014,-0.000000
925,0.004521,0.798242,0.798242,0.007833,0.047672,0.805672,0.008014,-0.000000
926,-0.007986,0.825195,0.825195,0.007656,0.037024,0.805672,0.008014,-0.000000
927,-0.035056,0.816406,0.816406,0.007590,0.039701,0.805672,0.008014,-0.000000
928,-0.000179,0.808594,0.808594,0.008031,0.025678,0.805672,0.008014,-0.000000
929,0.008828,0.811523,0.811523,0.008584,0.075910,0.805672,0.008014,-0.000000
930,0.003727,0.761719,0.761719,0.008036,0.038521,0.805672,0.008014,-0.000000
931,-0.023859,0.815430,0.815430,0.007694,0.050112,0.805672,0.008014,-0.000000
932,-0.000029,0.803711,0.803711,0.007969,0.051987,0.805672,0.008014,-0.000000
933,-0.009573,0.795898,0.795898,0.007511,0.041392,0.805672,0.008014,-0.000000
934,0.001079,0.828711,0.828711,0.007794,0.032262,0.805672,0.008014,-0.000000
935,0.005169,0.802734,0.802734,0.007821,0.056176,0.805672,0.008014,-0.000000
936,0.012725,0.792969,0.792969,0.007787,0.060979,0.805672,0.008014,-0.000000
937,-0.009254,0.784180,0.784180,0.007790,0.047114,0.805672,0.008014,-0.000000
938,-0.021834,0.798828,0.798828,0.008159,0.044922,0.805672,0.008014,-0.000000
939,0.004942,0.815430,0.815430,0.008060,0.039033,0.805672,0.008014,-0.000000
940,0.008241,0.800781,0.800781,0.007461,0.062571,0.805672,0.008014,-0.000000
941,0.000427,0.807617,0.807617,0.008207,0.039849,0.805672,0.008014,-0.000000
942,0.009913,0.784180,0.784180,0.007359,0.039589,0.805672,0.008014,-0.000000
943,0.010363,0.815430,0.815430,0.007715,0.062670,0.805672,0.008014,-0.000000
944,-0.007549,0.788086,0.788086,0.008281,0.054715,0.805672,0.008014,-0.000000
945,0.010418,0.832031,0.832031,0.008063,0.050445,0.805672,0.008014,-0.000000
946,0.006495,0.810547,0.810547,0.007629,0.030354,0.805672,0.008014,-0.000000
947,0.004710,0.810547,0.810547,0.007552,0.059255,0.805672,0.008014,-0.000000
948,0.009218,0.794922,0.794922,0.007866,0.053130,0.805672,0.008014,-0.000000
949,0.004755,0.782227,0.782227,0.007877,0.053919,0.805672,0.008014,-0.000000
950,0.012177,0.833984,0.833984,0.008100,0.042639,0.805672,0.008014,-0.000000
951,-0.011482,0.813867,0.813867,0.008308,0.038754,0.805672,0.008014,-0.000000
952,0.007150,0.812500,0.812500,0.007982,0.038486,0.805672,0.008014,-0.000000
953,0.010155,0.804688,0.804688,0.008104,0.039376,0.805672,0.008014,-0.000000
954,0.003223,0.796875,0.796875,0.007610,0.060308,0.805672,0.008014,-0.000000
955,-0.011893,0.808594,0.808594,0.007557,0.048344,0.805672,0.008014,-0.000000
956,0.006320,0.775391,0.775391,0.007725,0.031710,0.805672,0.008014,-0.000000
957,0.000241,0.809570,0.809570,0.008002,0.032849,0.805672,0.008014,-0.000000
958,-0.003383,0.793945,0.793945,0.008012,0.047577,0.805672,0.008014,-0.000000
959,0.003681,0.824219,0.824219,0.007746,0.053999,0.805672,0.008014,-0.000000
960,0.004218,0.807617,0.807617,0.008225,0.050952,0.805672,0.008014,-0.000000
961,0.004912,0.820312,0.820312,0.008245,0.049041,0.805672,0.008014,-0.000000
962,0.001995,0.828125,0.828125,0.007755,0.029302,0.805672,0.008014,-0.000000
963,0.007872,0.802734,0.802734,0.008046,0.065976,0.805672,0.008014,-0.000000
964,-0.001718,0.809766,0.809766,0.008046,0.051664,0.805672,0.008014,-0.000000
965,0.005881,0.785156,0.785156,0.008055,0.056406,0.805672,0.008014,-0.000000
966,0.009915,0.798437,0.798437,0.007628,0.067276,0.805672,0.008014,-0.000000
967,-0.000072,0.826172,0.826172,0.007543,0.024170,0.805672,0.008014,-0.000000
968,-0.010886,0.809570,0.809570,0.008030,0.067033,0.805672,0.008014,-0.000000
969,-0.022444,0.817383,0.817383,0.007736,0.036769,0.805672,0.008014,-0.000000
970,0.005742,0.827148,0.827148,0.007940,0.036245,0.805672,0.008014,-0.000000
971,0.000936,0.795898,0.795898,0.007688,0.031521,0.805672,0.008014,-0.000000
972,-0.004181,0.807617,0.807617,0.007785,0.095534,0.805672,0.008014,-0.000000
973,-0.000382,0.807617,0.807617,0.007537,0.031822,0.805672,0.008014,-0.000000
974,-0.011471,0.816406,0.816406,0.008108,0.042559,0.805672,0.008014,-0.000000
975,-0.005328,0.801758,0.801758,0.007855,0.045454,0.805672,0.008014,-0.000000
976,0.000040,0.782031,0.782031,0.008181,0.037751,0.805672,0.008014,-0.000000
977,0.004338,0.823242,0.823242,0.008071,0.038394,0.805672,0.008014,-0.000000
978,-0.007877,0.812500,0.812500,0.008131,0.034678,0.805672,0.008014,-0.000000
979,-0.012444,0.727539,0.727539,0.008104,0.040922,0.805672,0.008014,-0.000000
980,0.003050,0.796875,0.796875,0.007713,0.058438,0.805672,0.008014,-0.000000
981,-0.020578,0.834961,0.834961,0.008007,0.031466,0.805672,0.008014,-0.000000
982,-0.050776,0.818359,0.818359,0.007560,0.052103,0.805672,0.008014,-0.000000
983,0.003558,0.796875,0.796875,0.008216,0.037380,0.805672,0.008014,-0.000000
984,0.006639,0.786133,0.786133,0.008168,0.036780,0.805672,0.008014,-0.000000
985,-0.002344,0.817383,0.817383,0.007922,0.044226,0.805672,0.008014,-0.000000
986,0.001858,0.815430,0.815430,0.008025,0.052845,0.805672,0.008014,-0.000000
987,-0.001615,0.771680,0.771680,0.007798,0.061206,0.805672,0.008014,-0.000000
988,-0.000806,0.749023,0.749023,0.007921,0.035705,0.805672,0.008014,-0.000000
989,0.002456,0.822266,0.822266,0.008155,0.037187,0.805672,0.008014,-0.000000
990,0.000783,0.837305,0.837305,0.007782,0.040421,0.805672,0.008014,-0.000000
991,-0.005053,0.837891,0.837891,0.007975,0.054551,0.805672,0.008014,-0.000000
992,-0.006522,0.809570,0.809570,0.008084,0.030497,0.805672,0.008014,-0.000000
993,-0.034138,0.821289,0.821289,0.007811,0.055148,0.805672,0.008014,-0.000000
994,-0.001336,0.818359,0.818359,0.007864,0.039905,0.805672,0.008014,-0.000000
995,-0.002537,0.804688,0.804688,0.007813,0.061807,0.805672,0.008014,-0.000000
996,-0.002142,0.832031,0.832031,0.007696,0.049213,0.805672,0.008014,-0.000000
997,-0.013251,0.786133,0.786133,0.007924,0.031935,0.805672,0.008014,-0.000000
998,-0.012365,0.795898,0.795898,0.008199,0.033621,0.805672,0.008014,-0.000000
999,-0.001153,0.818359,0.818359,0.008050,0.024296,0.805672,0.008014,-0.000000
1000,-0.000782,0.804688,0.804688,0.007351,0.034268,0.805672,0.008014,-0.000000
1001,0.003179,0.795898,0.795898,0.008215,0.042900,0.805672,0.008014,-0.000000
1002,-0.000910,0.824805,0.824805,0.007989,0.022306,0.805672,0.008014,-0.000000
1003,0.000485,0.829102,0.829102,0.007875,0.031726,0.805672,0.008014,-0.000000
1004,-0.015436,0.789062,0.789062,0.007729,0.033909,0.805672,0.008014,-0.000000
1005,0.000940,0.833984,0.833984,0.008168,0.030174,0.805672,0.008014,-0.000000
1006,0.006396,0.810547,0.810547,0.007702,0.072140,0.805672,0.008014,-0.000000
1007,-0.003013,0.809570,0.809570,0.007743,0.031550,0.805672,0.008014,-0.000000
1008,-0.022476,0.791992,0.791992,0.007898,0.019797,0.805672,0.008014,-0.000000
1009,0.003233,0.814453,0.814453,0.008066,0.042874,0.805672,0.008014,-0.000000
1010,0.003185,0.800781,0.800781,0.008132,0.037469,0.805672,0.008014,-0.000000
1011,-0.015742,0.789062,0.789062,0.007819,0.033162,0.805672,0.008014,-0.000000
1012,-0.027804,0.798828,0.798828,0.007733,0.057529,0.805672,0.008014,-0.000000
1013,0.004020,0.794922,0.794922,0.008258,0.022817,0.805672,0.008014,-0.000000
1014,0.005860,0.865234,0.865234,0.007858,0.058786,0.805672,0.008014,-0.000000
1015,-0.034160,0.793945,0.793945,0.007470,0.069554,0.805672,0.008014,-0.000000
1016,0.002920,0.818359,0.818359,0.008053,0.036963,0.805672,0.008014,-0.000000
1017,-0.013162,0.811523,0.811523,0.007605,0.061653,0.805672,0.008014,-0.000000
1018,-0.006026,0.810156,0.810156,0.008032,0.029848,0.805672,0.008014,-0.000000
1019,0.002391,0.841797,0.841797,0.007357,0.039639,0.805672,0.008014,-0.000000
1020,0.002738,0.782227,0.782227,0.008092,0.043988,0.805672,0.008014,-0.000000
1021,-0.000707,0.825195,0.825195,0.007904,0.029861,0.805672,0.008014,-0.000000
1022,0.001542,0.804688,0.804688,0.007929,0.030704,0.805672,0.008014,-0.000000
1023,-0.001132,0.825195,0.825195,0.008124,0.023150,0.805672,0.008014,-0.000000
1024,0.006302,0.779102,0.779102,0.008068,0.044501,0.805672,0.008014,-0.000000
1025,0.007281,0.773438,0.773438,0.008406,0.062754,0.805672,0.008014,-0.000000
1026,0.006184,0.806641,0.806641,0.008024,0.049739,0.805672,0.008014,-0.000000
1027,-0.023694,0.847656,0.847656,0.007880,0.033685,0.805672,0.008014,-0.000000
1028,0.007330,0.820312,0.820312,0.007944,0.040350,0.805672,0.008014,-0.000000
1029,-0.022478,0.763672,0.763672,0.007812,0.026827,0.805672,0.008014,-0.000000
1030,0.002293,0.823242,0.823242,0.008345,0.036478,0.805672,0.008014,-0.000000
1031,0.005533,0.813477,0.813477,0.007956,0.027286,0.805672,0.008014,-0.000000
1032,-0.029630,0.791992,0.791992,0.007663,0.046266,0.805672,0.008014,-0.000000
1033,-0.029284,0.797461,0.797461,0.007573,0.025035,0.805672,0.008014,-0.000000
1034,0.008992,0.793945,0.793945,0.007414,0.053312,0.805672,0.008014,-0.000000
1035,-0.011175,0.811523,0.811523,0.007680,0.026783,0.805672,0.008014,-0.000000
1036,0.001898,0.767578,0.767578,0.007983,0.023870,0.805672,0.008014,-0.000000
1037,0.009933,0.814258,0.814258,0.008119,0.036435,0.805672,0.008014,-0.000000
1038,0.007710,0.822266,0.822266,0.007924,0.035424,0.805672,0.008014,-0.000000
1039,-0.014909,0.815430,0.815430,0.007927,0.041386,0.805672,0.008014,-0.000000
1040,-0.005785,0.752930,0.752930,0.007852,0.062478,0.805672,0.008014,-0.000000
1041,-0.000276,0.826172,0.826172,0.007997,0.033292,0.805672,0.008014,-0.000000
1042,0.003280,0.823242,0.823242,0.007931,0.044521,0.805672,0.008014,-0.000000
1043,0.010779,0.801758,0.801758,0.008377,0.029125,0.805672,0.008014,-0.000000
1044,-0.020242,0.784180,0.784180,0.007764,0.061357,0.805672,0.008014,-0.000000
1045,0.009584,0.791016,0.791016,0.007766,0.042257,0.805672,0.008014,-0.000000
1046,-0.021684,0.785156,0.785156,0.007855,0.044705,0.805672,0.008014,-0.000000
1047,0.000723,0.839844,0.839844,0.008222,0.031332,0.805672,0.008014,-0.000000
1048,-0.045634,0.792969,0.792969,0.007862,0.026782,0.805672,0.008014,-0.000000
1049,-0.031735,0.802734,0.802734,0.007326,0.026362,0.805672,0.008014,-0.000000
1050,0.003865,0.821289,0.821289,0.007658,0.027167,0.805672,0.008014,-0.000000
1051,-0.019098,0.834961,0.834961,0.008136,0.041044,0.805672,0.008014,-0.000000
1052,-0.025865,0.798242,0.798242,0.008295,0.043995,0.805672,0.008014,-0.000000
1053,0.001640,0.808594,0.808594,0.007871,0.024789,0.805672,0.008014,-0.000000
1054,0.005574,0.802734,0.802734,0.007922,0.025828,0.805672,0.008014,-0.000000
1055,-0.013021,0.787500,0.787500,0.007954,0.031360,0.805672,0.008014,-0.000000
1056,0.007171,0.782617,0.782617,0.007911,0.053709,0.805672,0.008014,-0.000000
1057,0.002850,0.832031,0.832031,0.007769,0.032520,0.805672,0.008014,-0.000000
1058,0.001477,0.819336,0.819336,0.007630,0.023434,0.805672,0.008014,-0.000000
1059,0.001974,0.745117,0.745117,0.008003,0.033645,0.805672,0.008014,-0.000000
1060,0.003298,0.805664,0.805664,0.008028,0.031652,0.805672,0.008014,-0.000000
1061,0.001760,0.825195,0.825195,0.007529,0.036001,0.805672,0.008014,-0.000000
1062,-0.017776,0.811719,0.811719,0.007827,0.029885,0.805672,0.008014,-0.000000
1063,-0.017359,0.832031,0.832031,0.007862,0.041888,0.805672,0.008014,-0.000000
1064,0.007564,0.796875,0.796875,0.008179,0.058914,0.805672,0.008014,-0.000000
1065,0.001795,0.778320,0.778320,0.008370,0.031603,0.805672,0.008014,-0.000000
1066,0.000835,0.801758,0.801758,0.008021,0.030511,0.805672,0.008014,-0.000000
1067,0.003406,0.808594,0.808594,0.007747,0.042630,0.805672,0.008014,-0.000000
1068,-0.003005,0.813477,0.813477,0.008107,0.045466,0.805672,0.008014,-0.000000
1069,-0.019146,0.786133,0.786133,0.007599,0.026335,0.805672,0.008014,-0.000000
1070,0.013498,0.802734,0.802734,0.007989,0.031531,0.805672,0.008014,-0.000000
1071,0.000554,0.828320,0.828320,0.008041,0.030793,0.805672,0.008014,-0.000000
1072,0.001557,0.778320,0.778320,0.008589,0.024298,0.805672,0.008014,-0.000000
1073,-0.000127,0.826563,0.826563,0.007406,0.021263,0.805672,0.008014,-0.000000
1074,0.009706,0.813477,0.813477,0.007951,0.053438,0.805672,0.008014,-0.000000
1075,-0.012154,0.817187,0.817187,0.007886,0.029937,0.805672,0.008014,-0.000000
1076,0.007620,0.788086,0.788086,0.007800,0.047648,0.805672,0.008014,-0.000000
1077,-0.011338,0.801758,0.801758,0.007539,0.039942,0.805672,0.008014,-0.000000
1078,-0.001857,0.787109,0.787109,0.008212,0.018430,0.805672,0.008014,-0.000000
1079,-0.011276,0.807617,0.807617,0.008077,0.037412,0.805672,0.008014,-0.000000
1080,0.000463,0.794922,0.794922,0.007805,0.032347,0.805672,0.008014,-0.000000
1081,-0.011388,0.794922,0.794922,0.007741,0.050278,0.805672,0.008014,-0.000000
1082,0.003518,0.791016,0.791016,0.007813,0.032498,0.805672,0.008014,-0.000000
1083,-0.028996,0.822266,0.822266,0.008076,0.035247,0.805672,0.008014,-0.000000
1084,-0.012733,0.789062,0.789062,0.007994,0.040540,0.805672,0.008014,-0.000000
1085,0.006925,0.811523,0.811523,0.008105,0.052393,0.805672,0.008014,-0.000000
1086,0.009895,0.796875,0.796875,0.007777,0.044640,0.805672,0.008014,-0.000000
1087,0.004003,0.804297,0.804297,0.008558,0.033362,0.805672,0.008014,-0.000000
1088,0.001123,0.817383,0.817383,0.007700,0.032293,0.805672,0.008014,-0.000000
1089,-0.000853,0.789062,0.789062,0.007686,0.018824,0.805672,0.008014,-0.000000
1090,-0.018503,0.814453,0.814453,0.007880,0.032459,0.805672,0.008014,-0.000000
1091,0.004742,0.802734,0.802734,0.007749,0.042357,0.805672,0.008014,-0.000000
1092,-0.001382,0.810547,0.810547,0.008062,0.041627,0.805672,0.008014,-0.000000
1093,0.001064,0.857422,0.857422,0.008123,0.023796,0.805672,0.008014,-0.000000
1094,0.005778,0.777344,0.777344,0.007635,0.043375,0.805672,0.008014,-0.000000
1095,0.005406,0.811523,0.811523,0.007906,0.057509,0.805672,0.008014,-0.000000
1096,0.006439,0.800781,0.800781,0.007811,0.050714,0.805672,0.008014,-0.000000
1097,0.006931,0.799805,0.799805,0.007789,0.053603,0.805672,0.008014,-0.000000
1098,0.003008,0.817383,0.817383,0.008073,0.033252,0.805672,0.008014,-0.000000
1099,0.002782,0.786133,0.786133,0.007706,0.044594,0.805672,0.008014,-0.000000
1100,0.002766,0.797852,0.797852,0.008048,0.039809,0.805672,0.008014,-0.000000
1101,0.003523,0.818359,0.818359,0.007789,0.049164,0.805672,0.008014,-0.000000
1102,0.000964,0.804688,0.804688,0.007683,0.024295,0.805672,0.008014,-0.000000
1103,0.013771,0.750977,0.750977,0.008406,0.041608,0.805672,0.008014,-0.000000
1104,0.004491,0.739258,0.739258,0.008376,0.035031,0.805672,0.008014,-0.000000
1105,-0.000440,0.809570,0.809570,0.007735,0.021948,0.805672,0.008014,-0.000000
1106,0.006537,0.792969,0.792969,0.007743,0.048277,0.805672,0.008014,-0.000000
1107,0.007148,0.850391,0.850391,0.007665,0.034886,0.805672,0.008014,-0.000000
1108,0.004441,0.794922,0.794922,0.008525,0.042610,0.805672,0.008014,-0.000000
1109,0.007931,0.785937,0.785937,0.007873,0.044576,0.805672,0.008014,-0.000000
1110,0.006915,0.816016,0.816016,0.007957,0.053840,0.805672,0.008014,-0.000000
1111,0.003456,0.826172,0.826172,0.007640,0.041230,0.805672,0.008014,-0.000000
1112,-0.018501,0.808594,0.808594,0.007845,0.045299,0.805672,0.008014,-0.000000
1113,0.007551,0.840820,0.840820,0.007516,0.065662,0.805672,0.008014,-0.000000
1114,-0.021788,0.783203,0.783203,0.007692,0.041085,0.805672,0.008014,-0.000000
1115,0.001156,0.808594,0.808594,0.007787,0.050916,0.805672,0.008014,-0.000000
1116,0.008937,0.805664,0.805664,0.008223,0.017911,0.805672,0.008014,-0.000000
1117,-0.001350,0.816406,0.816406,0.007912,0.018358,0.805672,0.008014,-0.000000
1118,-0.050317,0.783203,0.783203,0.008077,0.033902,0.805672,0.008014,-0.000000
1119,-0.005968,0.804102,0.804102,0.008032,0.040959,0.805672,0.008014,-0.000000
1120,0.005816,0.806641,0.806641,0.007901,0.033428,0.805672,0.008014,-0.000000
1121,0.001245,0.795898,0.795898,0.007473,0.026085,0.805672,0.008014,-0.000000
1122,0.004024,0.835938,0.835938,0.007872,0.043055,0.805672,0.008014,-0.000000
1123,0.001482,0.833984,0.833984,0.008071,0.019837,0.805672,0.008014,-0.000000
1124,0.002861,0.794336,0.794336,0.007955,0.034800,0.805672,0.008014,-0.000000
1125,0.002312,0.851562,0.851562,0.007575,0.023228,0.805672,0.008014,-0.000000
1126,0.002893,0.792969,0.792969,0.008152,0.037591,0.805672,0.008014,-0.000000
1127,0.006156,0.782227,0.782227,0.007915,0.052678,0.805672,0.008014,-0.000000
1128,0.001614,0.808594,0.808594,0.007746,0.019397,0.805672,0.008014,-0.000000
1129,0.004777,0.817383,0.817383,0.007883,0.059967,0.805672,0.008014,-0.000000
1130,0.002898,0.785156,0.785156,0.008096,0.033992,0.805672,0.008014,-0.000000
1131,-0.001292,0.795898,0.795898,0.008131,0.022038,0.805672,0.008014,-0.000000
1132,-0.008786,0.788086,0.788086,0.008049,0.013583,0.805672,0.008014,-0.000000
1133,0.008979,0.795898,0.795898,0.008001,0.020682,0.805672,0.008014,-0.000000
1134,0.001496,0.796289,0.796289,0.008301,0.024893,0.805672,0.008014,-0.000000
1135,-0.006868,0.801758,0.801758,0.007788,0.056460,0.805672,0.008014,-0.000000
1136,0.003188,0.824219,0.824219,0.007929,0.030367,0.805672,0.008014,-0.000000
1137,0.000742,0.762695,0.762695,0.008154,0.033839,0.805672,0.008014,-0.000000
1138,0.003364,0.804688,0.804688,0.008014,0.029858,0.805672,0.008014,-0.000000
1139,-0.011666,0.797852,0.797852,0.008408,0.042825,0.805672,0.008014,-0.000000
1140,0.002892,0.800781,0.800781,0.007991,0.045909,0.805672,0.008014,-0.000000
1141,0.005885,0.787109,0.787109,0.007886,0.026731,0.805672,0.008014,-0.000000
1142,0.002921,0.801172,0.801172,0.008147,0.036608,0.805672,0.008014,-0.000000
1143,-0.001066,0.798828,0.798828,0.008104,0.016774,0.805672,0.008014,-0.000000
1144,-0.013678,0.820312,0.820312,0.007695,0.037689,0.805672,0.008014,-0.000000
1145,0.000473,0.783594,0.783594,0.007811,0.043676,0.805672,0.008014,-0.000000
1146,0.013512,0.851562,0.851562,0.007977,0.035774,0.805672,0.008014,-0.000000
1147,-0.017984,0.825195,0.825195,0.008134,0.033234,0.805672,0.008014,-0.000000
1148,0.000980,0.821289,0.821289,0.008196,0.027185,0.805672,0.008014,-0.000000
1149,-0.032618,0.789062,0.789062,0.007887,0.034466,0.805672,0.008014,-0.000000
1150,-0.017044,0.834961,0.834961,0.008087,0.014886,0.805672,0.008014,-0.000000
1151,-0.000518,0.850000,0.850000,0.007668,0.038849,0.805672,0.008014,-0.000000
1152,0.003636,0.843359,0.843359,0.007325,0.045005,0.805672,0.008014,-0.000000
1153,0.007712,0.815430,0.815430,0.008084,0.031472,0.805672,0.008014,-0.000000
1154,0.003141,0.797852,0.797852,0.008140,0.033486,0.805672,0.008014,-0.000000
1155,0.004904,0.803711,0.803711,0.007573,0.041372,0.805672,0.008014,-0.000000
1156,-0.013719,0.806641,0.806641,0.007696,0.031646,0.805672,0.008014,-0.000000
1157,-0.000601,0.772461,0.772461,0.007463,0.013814,0.805672,0.008014,-0.000000
1158,0.001483,0.859375,0.859375,0.007519,0.035782,0.805672,0.008014,-0.000000
1159,0.001727,0.796875,0.796875,0.007656,0.020828,0.805672,0.008014,-0.000000
1160,0.004160,0.833008,0.833008,0.008196,0.046126,0.805672,0.008014,-0.000000
1161,0.008719,0.795898,0.795898,0.007979,0.044708,0.805672,0.008014,-0.000000
1162,0.001335,0.827148,0.827148,0.007877,0.025869,0.805672,0.008014,-0.000000
1163,0.007093,0.752930,0.752930,0.007939,0.045083,0.805672,0.008014,-0.000000
1164,0.011085,0.827148,0.827148,0.007791,0.051528,0.805672,0.008014,-0.000000
1165,0.010059,0.796094,0.796094,0.008089,0.029046,0.805672,0.008014,-0.000000
1166,0.008925,0.840820,0.840820,0.007895,0.053316,0.805672,0.008014,-0.000000
1167,-0.000450,0.817383,0.817383,0.007638,0.019432,0.805672,0.008014,-0.000000
1168,-0.010507,0.816406,0.816406,0.007684,0.062760,0.805672,0.008014,-0.000000
1169,0.005096,0.800781,0.800781,0.007969,0.043104,0.805672,0.008014,-0.000000
1170,0.001460,0.796875,0.796875,0.007833,0.025852,0.805672,0.008014,-0.000000
1171,-0.024770,0.818750,0.818750,0.008261,0.041126,0.805672,0.008014,-0.000000
1172,-0.006759,0.833008,0.833008,0.007592,0.046494,0.805672,0.008014,-0.000000
1173,0.001595,0.783203,0.783203,0.007935,0.021014,0.805672,0.008014,-0.000000
1174,0.002206,0.822656,0.822656,0.007592,0.043125,0.805672,0.008014,-0.000000
1175,-0.009756,0.750000,0.750000,0.007828,0.028671,0.805672,0.008014,-0.000000
1176,-0.000810,0.806836,0.806836,0.007753,0.023259,0.805672,0.008014,-0.000000
1177,-0.006397,0.810547,0.810547,0.007698,0.031617,0.805672,0.008014,-0.000000
1178,-0.000591,0.804102,0.804102,0.008245,0.015909,0.805672,0.008014,-0.000000
1179,0.003752,0.782227,0.782227,0.007845,0.032686,0.805672,0.008014,-0.000000
1180,-0.000059,0.864258,0.864258,0.007813,0.012945,0.805672,0.008014,-0.000000
1181,-0.016445,0.803906,0.803906,0.007925,0.049270,0.805672,0.008014,-0.000000
1182,-0.002804,0.797656,0.797656,0.007838,0.063132,0.805672,0.008014,-0.000000
1183,0.002364,0.797852,0.797852,0.007816,0.035363,0.805672,0.008014,-0.000000
1184,0.012103,0.798828,0.798828,0.007766,0.029913,0.805672,0.008014,-0.000000
1185,-0.015010,0.808594,0.808594,0.008095,0.032723,0.805672,0.008014,-0.000000
1186,0.008249,0.806641,0.806641,0.008503,0.033545,0.805672,0.008014,-0.000000
1187,0.007653,0.766602,0.766602,0.007434,0.058631,0.805672,0.008014,-0.000000
1188,0.001424,0.820312,0.820312,0.007596,0.025531,0.805672,0.008014,-0.000000
1189,0.002740,0.807617,0.807617,0.007874,0.034521,0.805672,0.008014,-0.000000
1190,-0.031451,0.786133,0.786133,0.007775,0.027957,0.805672,0.008014,-0.000000
1191,-0.000853,0.805859,0.805859,0.008482,0.017271,0.805672,0.008014,-0.000000
1192,0.003434,0.758789,0.758789,0.007848,0.032828,0.805672,0.008014,-0.000000
1193,-0.004662,0.810547,0.810547,0.008170,0.039737,0.805672,0.008014,-0.000000
1194,0.002299,0.849609,0.849609,0.007681,0.051229,0.805672,0.008014,-0.000000
1195,0.007377,0.789062,0.789062,0.007551,0.051952,0.805672,0.008014,-0.000000
1196,0.001509,0.749023,0.749023,0.007766,0.028518,0.805672,0.008014,-0.000000
1197,-0.049261,0.816406,0.816406,0.007913,0.038187,0.805672,0.008014,-0.000000
1198,-0.016070,0.839648,0.839648,0.007858,0.053007,0.805672,0.008014,-0.000000
1199,0.001825,0.779297,0.779297,0.007534,0.020850,0.805672,0.008014,-0.000000
1200,-0.000864,0.801758,0.801758,0.007883,0.014657,0.805672,0.008014,-0.000000
1201,-0.015372,0.819336,0.819336,0.008014,0.028182,0.805672,0.008014,-0.000000
1202,0.004599,0.783203,0.783203,0.007695,0.042408,0.805672,0.008014,-0.000000
1203,-0.013159,0.806641,0.806641,0.007972,0.014987,0.805672,0.008014,-0.000000
1204,0.003322,0.775391,0.775391,0.008231,0.030344,0.805672,0.008014,-0.000000
1205,0.011220,0.817383,0.817383,0.007486,0.034787,0.805672,0.008014,-0.000000
1206,0.000613,0.814453,0.814453,0.007554,0.024233,0.805672,0.008014,-0.000000
1207,0.003844,0.791016,0.791016,0.008327,0.015502,0.805672,0.008014,-0.000000
1208,0.006071,0.803516,0.803516,0.008054,0.035914,0.805672,0.008014,-0.000000
1209,0.001551,0.793945,0.793945,0.007888,0.024719,0.805672,0.008014,-0.000000
1210,0.006229,0.834961,0.834961,0.007705,0.044347,0.805672,0.008014,-0.000000
1211,0.002558,0.781250,0.781250,0.007748,0.028876,0.805672,0.008014,-0.000000
1212,0.005933,0.788086,0.788086,0.007749,0.053150,0.805672,0.008014,-0.000000
1213,0.004243,0.801758,0.801758,0.007722,0.031659,0.805672,0.008014,-0.000000
1214,-0.000147,0.792773,0.792773,0.008294,0.027953,0.805672,0.008014,-0.000000
1215,-0.021354,0.819336,0.819336,0.007873,0.047510,0.805672,0.008014,-0.000000
1216,-0.000132,0.843750,0.843750,0.007963,0.032084,0.805672,0.008014,-0.000000
1217,0.006091,0.805664,0.805664,0.007635,0.056840,0.805672,0.008014,-0.000000
1218,-0.000523,0.779297,0.779297,0.007716,0.042424,0.805672,0.008014,-0.000000
1219,0.000991,0.822266,0.822266,0.007688,0.032129,0.805672,0.008014,-0.000000
1220,0.008883,0.804688,0.804688,0.007890,0.045478,0.805672,0.008014,-0.000000
1221,0.000980,0.783203,0.783203,0.007743,0.026096,0.805672,0.008014,-0.000000
1222,-0.000492,0.783984,0.783984,0.007722,0.016525,0.805672,0.008014,-0.000000
1223,0.001072,0.780469,0.780469,0.007613,0.029138,0.805672,0.008014,-0.000000
1224,-0.012625,0.803711,0.803711,0.007839,0.022676,0.805672,0.008014,-0.000000
1225,-0.023673,0.828125,0.828125,0.007883,0.024716,0.805672,0.008014,-0.000000
1226,0.002460,0.819922,0.819922,0.007968,0.034141,0.805672,0.008014,-0.000000
1227,0.002298,0.812109,0.812109,0.008144,0.040970,0.805672,0.008014,-0.000000
1228,-0.012919,0.757812,0.757812,0.007774,0.028567,0.805672,0.008014,-0.000000
1229,0.001410,0.786133,0.786133,0.007959,0.032581,0.805672,0.008014,-0.000000
1230,0.002071,0.798828,0.798828,0.008210,0.028646,0.805672,0.008014,-0.000000
1231,0.016242,0.799805,0.799805,0.008246,0.037601,0.805672,0.008014,-0.000000
1232,0.001517,0.777734,0.777734,0.007948,0.030548,0.805672,0.008014,-0.000000
1233,0.003154,0.805664,0.805664,0.007907,0.035384,0.805672,0.008014,-0.000000
1234,0.004344,0.798828,0.798828,0.007676,0.045443,0.805672,0.008014,-0.000000
1235,0.001793,0.842773,0.842773,0.007993,0.032515,0.805672,0.008014,-0.000000
1236,-0.015565,0.783203,0.783203,0.007988,0.021138,0.805672,0.008014,-0.000000
1237,0.001165,0.837891,0.837891,0.007865,0.023104,0.805672,0.008014,-0.000000
1238,-0.013592,0.832031,0.832031,0.007469,0.031650,0.805672,0.008014,-0.000000
1239,0.002524,0.810938,0.810938,0.007595,0.032055,0.805672,0.008014,-0.000000
1240,-0.016542,0.816406,0.816406,0.007977,0.018484,0.805672,0.008014,-0.000000
1241,0.007160,0.803711,0.803711,0.008038,0.045112,0.805672,0.008014,-0.000000
1242,0.005711,0.802148,0.802148,0.008112,0.049694,0.805672,0.008014,-0.000000
1243,-0.009134,0.811523,0.811523,0.008031,0.027446,0.805672,0.008014,-0.000000
1244,-0.031277,0.791016,0.791016,0.007731,0.047707,0.805672,0.008014,-0.000000
1245,-0.021485,0.751953,0.751953,0.008181,0.051213,0.805672,0.008014,-0.000000
1246,0.013249,0.832031,0.832031,0.007543,0.038527,0.805672,0.008014,-0.000000
1247,0.001532,0.793945,0.793945,0.008202,0.028180,0.805672,0.008014,-0.000000
1248,0.002713,0.807617,0.807617,0.007683,0.036997,0.805672,0.008014,-0.000000
1249,-0.001812,0.823242,0.823242,0.007582,0.036585,0.805672,0.008014,-0.000000
1250,0.006982,0.796875,0.796875,0.007959,0.022895,0.805672,0.008014,-0.000000
1251,-0.007475,0.797852,0.797852,0.007929,0.044462,0.805672,0.008014,-0.000000
1252,-0.001135,0.800781,0.800781,0.007815,0.015689,0.805672,0.008014,-0.000000
1253,0.005092,0.816406,0.816406,0.007788,0.048430,0.805672,0.008014,-0.000000
1254,0.003237,0.806641,0.806641,0.007672,0.034237,0.805672,0.008014,-0.000000
1255,0.004912,0.801758,0.801758,0.007662,0.045332,0.805672,0.008014,-0.000000
1256,-0.001264,0.773438,0.773438,0.007806,0.018416,0.805672,0.008014,-0.000000
1257,0.001423,0.828125,0.828125,0.008116,0.026302,0.805672,0.008014,-0.000000
1258,-0.000025,0.828125,0.828125,0.007952,0.010991,0.805672,0.008014,-0.000000
1259,-0.014942,0.785156,0.785156,0.008105,0.020092,0.805672,0.008014,-0.000000
1260,0.005734,0.759180,0.759180,0.007954,0.040963,0.805672,0.008014,-0.000000
1261,0.000474,0.839844,0.839844,0.008090,0.028352,0.805672,0.008014,-0.000000
1262,0.002033,0.799609,0.799609,0.007827,0.052866,0.805672,0.008014,-0.000000
1263,-0.000618,0.795313,0.795313,0.008079,0.019631,0.805672,0.008014,-0.000000
1264,0.001419,0.808594,0.808594,0.007821,0.025030,0.805672,0.008014,-0.000000
1265,0.004097,0.761719,0.761719,0.008063,0.033084,0.805672,0.008014,-0.000000
1266,-0.020832,0.810156,0.810156,0.008227,0.011992,0.805672,0.008014,-0.000000
1267,-0.021661,0.795898,0.795898,0.007857,0.030485,0.805672,0.008014,-0.000000
1268,0.004320,0.830078,0.830078,0.007800,0.044293,0.805672,0.008014,-0.000000
1269,-0.004831,0.823242,0.823242,0.007757,0.071951,0.805672,0.008014,-0.000000
1270,0.004780,0.793359,0.793359,0.007838,0.051783,0.805672,0.008014,-0.000000
1271,-0.019860,0.817383,0.817383,0.007580,0.076333,0.805672,0.008014,-0.000000
1272,0.005092,0.805664,0.805664,0.007981,0.041744,0.805672,0.008014,-0.000000
1273,0.001618,0.795898,0.795898,0.007999,0.022239,0.805672,0.008014,-0.000000
1274,-0.000276,0.815430,0.815430,0.008268,0.018783,0.805672,0.008014,-0.000000
1275,-0.000222,0.814453,0.814453,0.007785,0.011778,0.805672,0.008014,-0.000000
1276,0.001323,0.803711,0.803711,0.008053,0.022041,0.805672,0.008014,-0.000000
1277,0.002639,0.775391,0.775391,0.008189,0.070656,0.805672,0.008014,-0.000000
1278,0.004597,0.820508,0.820508,0.007830,0.040929,0.805672,0.008014,-0.000000
1279,0.007079,0.823242,0.823242,0.008352,0.029055,0.805672,0.008014,-0.000000
1280,-0.018864,0.789062,0.789062,0.007553,0.051076,0.805672,0.008014,-0.000000
1281,0.003150,0.808008,0.808008,0.008263,0.015653,0.805672,0.008014,-0.000000
1282,0.008808,0.797461,0.797461,0.008126,0.029026,0.805672,0.008014,-0.000000
1283,0.001423,0.814453,0.814453,0.007849,0.053357,0.805672,0.008014,-0.000000
1284,0.002325,0.792578,0.792578,0.007879,0.028642,0.805672,0.008014,-0.000000
1285,0.006174,0.824219,0.824219,0.007616,0.048681,0.805672,0.008014,-0.000000
1286,0.002194,0.815430,0.815430,0.007809,0.027200,0.805672,0.008014,-0.000000
1287,-0.008369,0.791992,0.791992,0.007618,0.025089,0.805672,0.008014,-0.000000
1288,0.001766,0.815430,0.815430,0.007832,0.016116,0.805672,0.008014,-0.000000
1289,0.013485,0.746094,0.746094,0.007957,0.041279,0.805672,0.008014,-0.000000
1290,0.004233,0.806641,0.806641,0.008398,0.043453,0.805672,0.008014,-0.000000
1291,0.005819,0.811523,0.811523,0.007769,0.036430,0.805672,0.008014,-0.000000
1292,0.004167,0.833984,0.833984,0.007902,0.041771,0.805672,0.008014,-0.000000
1293,-0.000391,0.826172,0.826172,0.007714,0.043443,0.805672,0.008014,-0.000000
1294,0.001590,0.811523,0.811523,0.007951,0.019497,0.805672,0.008014,-0.000000
1295,0.007622,0.833984,0.833984,0.007845,0.035839,0.805672,0.008014,-0.000000
1296,-0.001152,0.808594,0.808594,0.007532,0.019681,0.805672,0.008014,-0.000000
1297,0.003169,0.822852,0.822852,0.007696,0.044732,0.805672,0.008014,-0.000000
1298,0.009938,0.815820,0.815820,0.008067,0.025960,0.805672,0.008014,-0.000000
1299,0.008531,0.783203,0.783203,0.008128,0.028315,0.805672,0.008014,-0.000000
1300,0.006035,0.824219,0.824219,0.007641,0.038536,0.805672,0.008014,-0.000000
1301,0.006228,0.777344,0.777344,0.008076,0.040248,0.805672,0.008014,-0.000000
1302,0.003959,0.797266,0.797266,0.007875,0.017138,0.805672,0.008014,-0.000000
1303,0.004382,0.844141,0.844141,0.007847,0.033059,0.805672,0.008014,-0.000000
1304,0.004389,0.798828,0.798828,0.007963,0.017309,0.805672,0.008014,-0.000000
1305,0.002713,0.795898,0.795898,0.008300,0.029865,0.805672,0.008014,-0.000000
1306,0.008978,0.797461,0.797461,0.008080,0.061371,0.805672,0.008014,-0.000000
1307,-0.001477,0.816406,0.816406,0.007615,0.046246,0.805672,0.008014,-0.000000
1308,0.001120,0.818359,0.818359,0.008041,0.027794,0.805672,0.008014,-0.000000
1309,0.004724,0.810547,0.810547,0.007895,0.022685,0.805672,0.008014,-0.000000
1310,0.001586,0.802734,0.802734,0.008117,0.022222,0.805672,0.008014,-0.000000
1311,0.001096,0.810547,0.810547,0.008029,0.026294,0.805672,0.008014,-0.000000
1312,-0.021519,0.841797,0.841797,0.007510,0.016062,0.805672,0.008014,-0.000000
1313,-0.000543,0.842773,0.842773,0.008037,0.035188,0.805672,0.008014,-0.000000
1314,0.005558,0.857422,0.857422,0.007800,0.045049,0.805672,0.008014,-0.000000
1315,-0.015885,0.784180,0.784180,0.007835,0.023975,0.805672,0.008014,-0.000000
1316,0.003397,0.812500,0.812500,0.008048,0.037127,0.805672,0.008014,-0.000000
1317,-0.007342,0.811523,0.811523,0.008015,0.040778,0.805672,0.008014,-0.000000
1318,0.001992,0.833984,0.833984,0.007984,0.039725,0.805672,0.008014,-0.000000
1319,-0.019038,0.784180,0.784180,0.007610,0.014530,0.805672,0.008014,-0.000000
1320,-0.000283,0.808594,0.808594,0.008087,0.017072,0.805672,0.008014,-0.000000
1321,0.009068,0.806641,0.806641,0.007851,0.032422,0.805672,0.008014,-0.000000
1322,0.003570,0.777344,0.777344,0.007863,0.034584,0.805672,0.008014,-0.000000
1323,0.007007,0.778320,0.778320,0.007782,0.016815,0.805672,0.008014,-0.000000
1324,-0.000228,0.813477,0.813477,0.007967,0.015157,0.805672,0.008014,-0.000000
1325,-0.016357,0.801172,0.801172,0.008019,0.041892,0.805672,0.008014,-0.000000
1326,0.003304,0.813477,0.813477,0.008545,0.030362,0.805672,0.008014,-0.000000
1327,0.001663,0.818359,0.818359,0.007794,0.034225,0.805672,0.008014,-0.000000
1328,0.008354,0.789062,0.789062,0.007650,0.030192,0.805672,0.008014,-0.000000
1329,0.007017,0.810547,0.810547,0.007872,0.032285,0.805672,0.008014,-0.000000
1330,0.005713,0.803125,0.803125,0.007986,0.012704,0.805672,0.008014,-0.000000
1331,0.003370,0.862305,0.862305,0.007644,0.041458,0.805672,0.008014,-0.000000
1332,-0.024168,0.812500,0.812500,0.008143,0.030826,0.805672,0.008014,-0.000000
1333,-0.001236,0.796875,0.796875,0.008015,0.030060,0.805672,0.008014,-0.000000
1334,0.007892,0.802930,0.802930,0.007888,0.066730,0.805672,0.008014,-0.000000
1335,0.000908,0.792969,0.792969,0.007898,0.030298,0.805672,0.008014,-0.000000
1336,0.005677,0.779297,0.779297,0.008261,0.043612,0.805672,0.008014,-0.000000
1337,0.004728,0.797852,0.797852,0.008473,0.053997,0.805672,0.008014,-0.000000
1338,-0.000119,0.828125,0.828125,0.007921,0.011015,0.805672,0.008014,-0.000000
1339,-0.000313,0.806641,0.806641,0.007965,0.023289,0.805672,0.008014,-0.000000
1340,0.004280,0.791992,0.791992,0.007765,0.050858,0.805672,0.008014,-0.000000
1341,0.002694,0.833008,0.833008,0.007908,0.033846,0.805672,0.008014,-0.000000
1342,0.007512,0.768555,0.768555,0.007470,0.049416,0.805672,0.008014,-0.000000
1343,-0.035327,0.818359,0.818359,0.008015,0.026970,0.805672,0.008014,-0.000000
1344,0.000708,0.830078,0.830078,0.007614,0.024955,0.805672,0.008014,-0.000000
1345,0.003183,0.818359,0.818359,0.008530,0.035715,0.805672,0.008014,-0.000000
1346,-0.000589,0.815430,0.815430,0.007663,0.026686,0.805672,0.008014,-0.000000
1347,-0.000387,0.803711,0.803711,0.008042,0.015245,0.805672,0.008014,-0.000000
1348,-0.008219,0.806641,0.806641,0.007746,0.035678,0.805672,0.008014,-0.000000
1349,-0.010830,0.793164,0.793164,0.008099,0.036203,0.805672,0.008014,-0.000000
1350,0.002309,0.803711,0.803711,0.007686,0.031309,0.805672,0.008014,-0.000000
1351,-0.013366,0.776367,0.776367,0.007813,0.057726,0.805672,0.008014,-0.000000
1352,0.000562,0.806641,0.806641,0.007952,0.032351,0.805672,0.008014,-0.000000
1353,0.000291,0.814453,0.814453,0.007625,0.024216,0.805672,0.008014,-0.000000
1354,-0.000221,0.811523,0.811523,0.008320,0.011692,0.805672,0.008014,-0.000000
1355,-0.013780,0.799023,0.799023,0.007817,0.046526,0.805672,0.008014,-0.000000
1356,-0.006161,0.792969,0.792969,0.007703,0.031329,0.805672,0.008014,-0.000000
1357,-0.026733,0.800781,0.800781,0.008153,0.028489,0.805672,0.008014,-0.000000
1358,0.005988,0.817773,0.817773,0.007616,0.031545,0.805672,0.008014,-0.000000
1359,0.005540,0.833984,0.833984,0.007744,0.039282,0.805672,0.008014,-0.000000
1360,-0.032404,0.755859,0.755859,0.008283,0.011424,0.805672,0.008014,-0.000000
1361,0.001678,0.829102,0.829102,0.007910,0.043686,0.805672,0.008014,-0.000000
1362,0.003960,0.817383,0.817383,0.007912,0.027413,0.805672,0.008014,-0.000000
1363,-0.021934,0.791016,0.791016,0.008296,0.018570,0.805672,0.008014,-0.000000
1364,0.001651,0.808008,0.808008,0.008138,0.022678,0.805672,0.008014,-0.000000
1365,0.001538,0.836914,0.836914,0.007665,0.018665,0.805672,0.008014,-0.000000
1366,-0.000102,0.785156,0.785156,0.008353,0.011172,0.805672,0.008014,-0.000000
1367,0.004678,0.825195,0.825195,0.008498,0.040947,0.805672,0.008014,-0.000000
1368,0.009260,0.782227,0.782227,0.007774,0.057189,0.805672,0.008014,-0.000000
1369,-0.000917,0.818359,0.818359,0.007814,0.020142,0.805672,0.008014,-0.000000
1370,0.010105,0.818359,0.818359,0.007841,0.028601,0.805672,0.008014,-0.000000
1371,0.000855,0.835938,0.835938,0.007858,0.024739,0.805672,0.008014,-0.000000
1372,0.006989,0.804688,0.804688,0.007976,0.048658,0.805672,0.008014,-0.000000
1373,0.003154,0.778906,0.778906,0.007807,0.031800,0.805672,0.008014,-0.000000
1374,0.002343,0.823242,0.823242,0.007934,0.033789,0.805672,0.008014,-0.000000
1375,0.000812,0.785742,0.785742,0.007919,0.025575,0.805672,0.008014,-0.000000
1376,-0.015266,0.823242,0.823242,0.008115,0.030268,0.805672,0.008014,-0.000000
1377,0.008822,0.788672,0.788672,0.007454,0.055334,0.805672,0.008014,-0.000000
1378,0.005171,0.780273,0.780273,0.007643,0.042296,0.805672,0.008014,-0.000000
1379,0.011391,0.798828,0.798828,0.007781,0.072064,0.805672,0.008014,-0.000000
1380,0.010041,0.774414,0.774414,0.007940,0.055652,0.805672,0.008014,-0.000000
1381,-0.006054,0.800781,0.800781,0.008061,0.013554,0.805672,0.008014,-0.000000
1382,0.009055,0.814453,0.814453,0.007870,0.027137,0.805672,0.008014,-0.000000
1383,0.001152,0.782812,0.782812,0.007987,0.027853,0.805672,0.008014,-0.000000
1384,0.004793,0.789453,0.789453,0.007891,0.035296,0.805672,0.008014,-0.000000
1385,-0.018792,0.794922,0.794922,0.007875,0.022978,0.805672,0.008014,-0.000000
1386,0.002415,0.777344,0.777344,0.007954,0.032740,0.805672,0.008014,-0.000000
1387,-0.000222,0.792969,0.792969,0.007933,0.014492,0.805672,0.008014,-0.000000
1388,-0.004196,0.814453,0.814453,0.007664,0.019111,0.805672,0.008014,-0.000000
1389,-0.008603,0.840820,0.840820,0.007682,0.039306,0.805672,0.008014,-0.000000
1390,0.000780,0.836914,0.836914,0.007985,0.023665,0.805672,0.008014,-0.000000
1391,0.005861,0.797852,0.797852,0.007752,0.041609,0.805672,0.008014,-0.000000
1392,-0.003430,0.767578,0.767578,0.007469,0.018340,0.805672,0.008014,-0.000000
1393,0.001082,0.829102,0.829102,0.008347,0.023194,0.805672,0.008014,-0.000000
1394,0.001757,0.791992,0.791992,0.007689,0.020171,0.805672,0.008014,-0.000000
1395,0.001314,0.826172,0.826172,0.007980,0.020546,0.805672,0.008014,-0.000000
1396,-0.000147,0.810547,0.810547,0.008489,0.030586,0.805672,0.008014,-0.000000
1397,0.000942,0.818164,0.818164,0.008033,0.020866,0.805672,0.008014,-0.000000
1398,0.006860,0.787109,0.787109,0.008267,0.017353,0.805672,0.008014,-0.000000
1399,-0.035589,0.824219,0.824219,0.007743,0.020050,0.805672,0.008014,-0.000000
1400,0.002340,0.790625,0.790625,0.008389,0.030660,0.805672,0.008014,-0.000000
1401,-0.000331,0.785156,0.785156,0.007841,0.018810,0.805672,0.008014,-0.000000
1402,-0.000904,0.806641,0.806641,0.007709,0.024224,0.805672,0.008014,-0.000000
1403,0.009195,0.776367,0.776367,0.007514,0.054511,0.805672,0.008014,-0.000000
1404,-0.001081,0.850586,0.850586,0.008029,0.024934,0.805672,0.008014,-0.000000
1405,0.004048,0.788086,0.788086,0.007965,0.038558,0.805672,0.008014,-0.000000
1406,0.001657,0.800781,0.800781,0.007891,0.028294,0.805672,0.008014,-0.000000
1407,-0.014227,0.798828,0.798828,0.007526,0.055242,0.805672,0.008014,-0.000000
1408,0.003428,0.791992,0.791992,0.007731,0.029031,0.805672,0.008014,-0.000000
1409,-0.000395,0.777344,0.777344,0.007448,0.018766,0.805672,0.008014,-0.000000
1410,0.004919,0.833008,0.833008,0.007846,0.045657,0.805672,0.008014,-0.000000
1411,-0.020499,0.798828,0.798828,0.007642,0.048179,0.805672,0.008014,-0.000000
1412,0.003063,0.831055,0.831055,0.007957,0.027154,0.805672,0.008014,-0.000000
1413,0.002116,0.800586,0.800586,0.007765,0.039751,0.805672,0.008014,-0.000000
1414,-0.014326,0.845703,0.845703,0.007587,0.038531,0.805672,0.008014,-0.000000
1415,0.005015,0.794922,0.794922,0.007820,0.043322,0.805672,0.008014,-0.000000
1416,-0.027016,0.819336,0.819336,0.007940,0.018049,0.805672,0.008014,-0.000000
1417,-0.000965,0.832031,0.832031,0.007773,0.028865,0.805672,0.008014,-0.000000
1418,-0.012533,0.787109,0.787109,0.007737,0.031125,0.805672,0.008014,-0.000000
1419,0.002867,0.849609,0.849609,0.008042,0.026945,0.805672,0.008014,-0.000000
1420,0.001595,0.791992,0.791992,0.007852,0.019116,0.805672,0.008014,-0.000000
1421,0.006947,0.788281,0.788281,0.008358,0.053159,0.805672,0.008014,-0.000000
1422,0.001241,0.810547,0.810547,0.007833,0.018030,0.805672,0.008014,-0.000000
1423,0.002027,0.759766,0.759766,0.008065,0.018196,0.805672,0.008014,-0.000000
1424,0.007602,0.801758,0.801758,0.008184,0.019683,0.805672,0.008014,-0.000000
1425,-0.000263,0.829102,0.829102,0.007429,0.011012,0.805672,0.008014,-0.000000
1426,0.003661,0.788086,0.788086,0.007940,0.027075,0.805672,0.008014,-0.000000
1427,-0.001350,0.816406,0.816406,0.008506,0.022534,0.805672,0.008014,-0.000000
1428,-0.038728,0.790039,0.790039,0.007937,0.025759,0.805672,0.008014,-0.000000
1429,-0.018762,0.813867,0.813867,0.008128,0.060262,0.805672,0.008014,-0.000000
1430,0.004309,0.788086,0.788086,0.007605,0.045715,0.805672,0.008014,-0.000000
1431,0.000797,0.783203,0.783203,0.008068,0.043850,0.805672,0.008014,-0.000000
1432,0.001291,0.785547,0.785547,0.008282,0.022524,0.805672,0.008014,-0.000000
1433,0.003245,0.795898,0.795898,0.007879,0.038582,0.805672,0.008014,-0.000000
1434,0.000032,0.784180,0.784180,0.008277,0.008687,0.805672,0.008014,-0.000000
1435,-0.000122,0.799219,0.799219,0.008042,0.009808,0.805672,0.008014,-0.000000
1436,0.002686,0.839844,0.839844,0.007989,0.043739,0.805672,0.008014,-0.000000
1437,-0.001310,0.826172,0.826172,0.008179,0.028158,0.805672,0.008014,-0.000000
1438,0.003954,0.822266,0.822266,0.008439,0.061151,0.805672,0.008014,-0.000000
1439,0.001648,0.801758,0.801758,0.008081,0.018789,0.805672,0.008014,-0.000000
1440,0.006753,0.790039,0.790039,0.008250,0.040233,0.805672,0.008014,-0.000000
1441,-0.000314,0.791016,0.791016,0.008316,0.013747,0.805672,0.008014,-0.000000
1442,0.001351,0.829102,0.829102,0.008119,0.019261,0.805672,0.008014,-0.000000
1443,0.007398,0.835938,0.835938,0.008386,0.033052,0.805672,0.008014,-0.000000
1444,0.006191,0.847656,0.847656,0.007880,0.016447,0.805672,0.008014,-0.000000
1445,0.003306,0.801758,0.801758,0.007654,0.027448,0.805672,0.008014,-0.000000
1446,0.002820,0.792969,0.792969,0.007780,0.034788,0.805672,0.008014,-0.000000
1447,-0.000141,0.811523,0.811523,0.007983,0.010884,0.805672,0.008014,-0.000000
1448,0.007769,0.804102,0.804102,0.007552,0.052082,0.805672,0.008014,-0.000000
1449,-0.019261,0.797852,0.797852,0.007634,0.042580,0.805672,0.008014,-0.000000
1450,-0.006565,0.845508,0.845508,0.007535,0.041537,0.805672,0.008014,-0.000000
1451,0.001648,0.800781,0.800781,0.007984,0.016101,0.805672,0.008014,-0.000000
1452,0.003419,0.805664,0.805664,0.008206,0.025871,0.805672,0.008014,-0.000000
1453,-0.016712,0.811523,0.811523,0.007828,0.034732,0.805672,0.008014,-0.000000
1454,0.005458,0.816406,0.816406,0.008084,0.025652,0.805672,0.008014,-0.000000
1455,0.008806,0.825195,0.825195,0.008246,0.032032,0.805672,0.008014,-0.000000
1456,0.000929,0.836914,0.836914,0.008048,0.023178,0.805672,0.008014,-0.000000
1457,0.001493,0.835938,0.835938,0.007856,0.018350,0.805672,0.008014,-0.000000
1458,0.009299,0.804492,0.804492,0.007671,0.025270,0.805672,0.008014,-0.000000
1459,0.002582,0.822266,0.822266,0.008034,0.025391,0.805672,0.008014,-0.000000
1460,0.006484,0.826172,0.826172,0.007688,0.040741,0.805672,0.008014,-0.000000
1461,-0.000056,0.795898,0.795898,0.008112,0.009459,0.805672,0.008014,-0.000000
1462,0.000357,0.777344,0.777344,0.007806,0.015351,0.805672,0.008014,-0.000000
1463,0.001636,0.811719,0.811719,0.008151,0.026136,0.805672,0.008014,-0.000000
1464,0.008595,0.810938,0.810938,0.008207,0.028949,0.805672,0.008014,-0.000000
1465,0.018270,0.823242,0.823242,0.007568,0.083243,0.805672,0.008014,-0.000000
1466,0.006473,0.817383,0.817383,0.007849,0.034005,0.805672,0.008014,-0.000000
1467,0.003467,0.783203,0.783203,0.007756,0.044026,0.805672,0.008014,-0.000000
1468,-0.001029,0.807617,0.807617,0.007770,0.008388,0.805672,0.008014,-0.000000
1469,0.001496,0.818359,0.818359,0.007590,0.022656,0.805672,0.008014,-0.000000
1470,0.004844,0.795313,0.795313,0.008224,0.037157,0.805672,0.008014,-0.000000
1471,0.000666,0.813477,0.813477,0.007722,0.018924,0.805672,0.008014,-0.000000
1472,-0.007127,0.803711,0.803711,0.007672,0.024450,0.805672,0.008014,-0.000000
1473,0.000277,0.791016,0.791016,0.007625,0.024377,0.805672,0.008014,-0.000000
1474,0.004764,0.806641,0.806641,0.007861,0.045676,0.805672,0.008014,-0.000000
1475,-0.021913,0.825195,0.825195,0.008176,0.041084,0.805672,0.008014,-0.000000
1476,0.000547,0.774414,0.774414,0.007792,0.014838,0.805672,0.008014,-0.000000
1477,0.001721,0.808398,0.808398,0.007958,0.016635,0.805672,0.008014,-0.000000
1478,0.000318,0.837891,0.837891,0.007722,0.014036,0.805672,0.008014,-0.000000
1479,0.005348,0.810547,0.810547,0.008141,0.020030,0.805672,0.008014,-0.000000
1480,-0.000098,0.817383,0.817383,0.007664,0.009237,0.805672,0.008014,-0.000000
1481,-0.001891,0.838867,0.838867,0.007985,0.020842,0.805672,0.008014,-0.000000
1482,0.003572,0.772852,0.772852,0.008278,0.030132,0.805672,0.008014,-0.000000
1483,0.004167,0.790039,0.790039,0.007622,0.035755,0.805672,0.008014,-0.000000
1484,0.004544,0.834961,0.834961,0.007876,0.033038,0.805672,0.008014,-0.000000
1485,0.003656,0.817383,0.817383,0.008001,0.032152,0.805672,0.008014,-0.000000
1486,-0.025982,0.824414,0.824414,0.008372,0.017852,0.805672,0.008014,-0.000000
1487,-0.000338,0.832812,0.832812,0.008129,0.019270,0.805672,0.008014,-0.000000
1488,0.002256,0.818359,0.818359,0.008002,0.031757,0.805672,0.008014,-0.000000
1489,0.000856,0.816016,0.816016,0.007967,0.019844,0.805672,0.008014,-0.000000
1490,0.006214,0.800195,0.800195,0.007991,0.079922,0.805672,0.008014,-0.000000
1491,0.004977,0.824219,0.824219,0.007374,0.046290,0.805672,0.008014,-0.000000
1492,0.003997,0.781250,0.781250,0.007782,0.027487,0.805672,0.008014,-0.000000
1493,0.001671,0.809766,0.809766,0.008024,0.016098,0.805672,0.008014,-0.000000
1494,0.002615,0.821289,0.821289,0.007883,0.033688,0.805672,0.008014,-0.000000
1495,0.005568,0.841797,0.841797,0.007740,0.047809,0.805672,0.008014,-0.000000
1496,-0.001197,0.763672,0.763672,0.008104,0.023941,0.805672,0.008014,-0.000000
1497,0.002903,0.791016,0.791016,0.007924,0.032076,0.805672,0.008014,-0.000000
1498,-0.018163,0.833203,0.833203,0.008254,0.011330,0.805672,0.008014,-0.000000
1499,0.001427,0.832031,0.832031,0.008159,0.017683,0.805672,0.008014,-0.000000
1500,0.001763,0.820312,0.820312,0.007883,0.014435,0.805672,0.008014,-0.000000
1501,0.004268,0.793945,0.793945,0.007685,0.037951,0.805672,0.008014,-0.000000
1502,0.009283,0.805664,0.805664,0.007645,0.034851,0.805672,0.008014,-0.000000
1503,0.003795,0.792969,0.792969,0.008037,0.070079,0.805672,0.008014,-0.000000
1504,-0.003310,0.815430,0.815430,0.008059,0.043754,0.805672,0.008014,-0.000000
1505,0.001239,0.837891,0.837891,0.007904,0.015459,0.805672,0.008014,-0.000000
1506,0.001549,0.804688,0.804688,0.007575,0.016979,0.805672,0.008014,-0.000000
1507,0.005309,0.824219,0.824219,0.007577,0.043589,0.805672,0.008014,-0.000000
1508,0.011433,0.823242,0.823242,0.008281,0.040884,0.805672,0.008014,-0.000000
1509,0.001511,0.828125,0.828125,0.007841,0.038209,0.805672,0.008014,-0.000000
1510,0.001247,0.803711,0.803711,0.008242,0.018954,0.805672,0.008014,-0.000000
1511,-0.000145,0.803711,0.803711,0.008283,0.012092,0.805672,0.008014,-0.000000
1512,0.007623,0.813477,0.813477,0.008030,0.006703,0.805672,0.008014,-0.000000
1513,0.003390,0.820312,0.820312,0.008142,0.026425,0.805672,0.008014,-0.000000
1514,-0.001587,0.797852,0.797852,0.008195,0.029978,0.805672,0.008014,-0.000000
1515,0.004610,0.831055,0.831055,0.007839,0.038985,0.805672,0.008014,-0.000000
1516,0.000198,0.798242,0.798242,0.007545,0.022871,0.805672,0.008014,-0.000000
1517,0.002034,0.772461,0.772461,0.008319,0.017548,0.805672,0.008014,-0.000000
1518,0.001608,0.782617,0.782617,0.008047,0.026282,0.805672,0.008014,-0.000000
1519,0.005784,0.805664,0.805664,0.008115,0.007969,0.805672,0.008014,-0.000000
1520,0.006248,0.814844,0.814844,0.007863,0.036053,0.805672,0.008014,-0.000000
1521,0.005135,0.840820,0.840820,0.007765,0.044179,0.805672,0.008014,-0.000000
1522,0.007041,0.795508,0.795508,0.007642,0.046873,0.805672,0.008014,-0.000000
1523,0.003804,0.786523,0.786523,0.008276,0.029780,0.805672,0.008014,-0.000000
1524,0.000800,0.810547,0.810547,0.008081,0.033496,0.805672,0.008014,-0.000000
1525,-0.028021,0.817383,0.817383,0.008436,0.025838,0.805672,0.008014,-0.000000
1526,-0.000331,0.833984,0.833984,0.008061,0.013142,0.805672,0.008014,-0.000000
1527,0.006207,0.820508,0.820508,0.007913,0.039868,0.805672,0.008014,-0.000000
1528,0.003794,0.809570,0.809570,0.007554,0.023877,0.805672,0.008014,-0.000000
1529,0.003207,0.808594,0.808594,0.008459,0.030373,0.805672,0.008014,-0.000000
1530,0.003782,0.834961,0.834961,0.008109,0.041478,0.805672,0.008014,-0.000000
1531,-0.000123,0.787109,0.787109,0.007691,0.044589,0.805672,0.008014,-0.000000
1532,0.016662,0.819336,0.819336,0.008124,0.044222,0.805672,0.008014,-0.000000
1533,-0.000452,0.831055,0.831055,0.007729,0.015243,0.805672,0.008014,-0.000000
1534,-0.003830,0.814062,0.814062,0.007707,0.016274,0.805672,0.008014,-0.000000
1535,0.007412,0.781250,0.781250,0.007939,0.018890,0.805672,0.008014,-0.000000
1536,0.005248,0.796875,0.796875,0.008007,0.041739,0.805672,0.008014,-0.000000
1537,-0.003988,0.797852,0.797852,0.007835,0.025334,0.805672,0.008014,-0.000000
1538,-0.000539,0.785156,0.785156,0.007712,0.017201,0.805672,0.008014,-0.000000
1539,-0.003663,0.814453,0.814453,0.007824,0.026484,0.805672,0.008014,-0.000000
1540,0.007280,0.791992,0.791992,0.008055,0.021327,0.805672,0.008014,-0.000000
1541,-0.000098,0.823242,0.823242,0.008096,0.009948,0.805672,0.008014,-0.000000
1542,-0.000758,0.786133,0.786133,0.008074,0.014566,0.805672,0.008014,-0.000000
1543,0.004308,0.826172,0.826172,0.007715,0.060383,0.805672,0.008014,-0.000000
1544,0.001096,0.792383,0.792383,0.008062,0.025488,0.805672,0.008014,-0.000000
1545,0.005163,0.811523,0.811523,0.007800,0.036423,0.805672,0.008014,-0.000000
1546,0.006874,0.789062,0.789062,0.007873,0.008397,0.805672,0.008014,-0.000000
1547,0.000597,0.835938,0.835938,0.007927,0.017289,0.805672,0.008014,-0.000000
1548,0.004629,0.783203,0.783203,0.007616,0.038583,0.805672,0.008014,-0.000000
1549,0.001893,0.799805,0.799805,0.007918,0.016332,0.805672,0.008014,-0.000000
1550,0.004700,0.821289,0.821289,0.007668,0.014905,0.805672,0.008014,-0.000000
1551,0.008963,0.784180,0.784180,0.007903,0.042293,0.805672,0.008014,-0.000000
1552,0.000096,0.861523,0.861523,0.007960,0.024170,0.805672,0.008014,-0.000000
1553,-0.010057,0.823242,0.823242,0.007702,0.045110,0.805672,0.008014,-0.000000
1554,-0.016485,0.806250,0.806250,0.007613,0.030105,0.805672,0.008014,-0.000000
1555,0.000188,0.812500,0.812500,0.008182,0.023192,0.805672,0.008014,-0.000000
1556,0.002037,0.797852,0.797852,0.008002,0.028874,0.805672,0.008014,-0.000000
1557,-0.000582,0.775586,0.775586,0.008079,0.013086,0.805672,0.008014,-0.000000
1558,-0.011516,0.787109,0.787109,0.007415,0.049840,0.805672,0.008014,-0.000000
1559,0.007370,0.820312,0.820312,0.007594,0.054327,0.805672,0.008014,-0.000000
1560,0.003795,0.802734,0.802734,0.008591,0.028111,0.805672,0.008014,-0.000000
1561,0.004520,0.819336,0.819336,0.008043,0.036277,0.805672,0.008014,-0.000000
1562,-0.033187,0.820312,0.820312,0.007811,0.026086,0.805672,0.008014,-0.000000
1563,0.001351,0.791016,0.791016,0.007867,0.023372,0.805672,0.008014,-0.000000
1564,0.002990,0.833008,0.833008,0.007911,0.048089,0.805672,0.008014,-0.000000
1565,-0.000334,0.790039,0.790039,0.007930,0.025380,0.805672,0.008014,-0.000000
1566,-0.000144,0.818359,0.818359,0.008342,0.013210,0.805672,0.008014,-0.000000
1567,0.002871,0.788086,0.788086,0.007566,0.038236,0.805672,0.008014,-0.000000
1568,0.000483,0.831445,0.831445,0.008048,0.026918,0.805672,0.008014,-0.000000
1569,0.006867,0.805664,0.805664,0.007686,0.029530,0.805672,0.008014,-0.000000
1570,0.007349,0.862305,0.862305,0.007640,0.044026,0.805672,0.008014,-0.000000
1571,0.000320,0.814453,0.814453,0.008017,0.029079,0.805672,0.008014,-0.000000
1572,0.002055,0.802734,0.802734,0.008291,0.019810,0.805672,0.008014,-0.000000
1573,0.002586,0.838867,0.838867,0.008526,0.035495,0.805672,0.008014,-0.000000
1574,-0.000875,0.804688,0.804688,0.007993,0.013580,0.805672,0.008014,-0.000000
1575,0.004207,0.868164,0.868164,0.007803,0.047398,0.805672,0.008014,-0.000000
1576,0.010067,0.775391,0.775391,0.007990,0.037552,0.805672,0.008014,-0.000000
1577,-0.015357,0.815430,0.815430,0.007703,0.026757,0.805672,0.008014,-0.000000
1578,0.001836,0.833984,0.833984,0.007512,0.015480,0.805672,0.008014,-0.000000
1579,0.003163,0.840430,0.840430,0.008159,0.040457,0.805672,0.008014,-0.000000
1580,0.004772,0.771484,0.771484,0.007381,0.034780,0.805672,0.008014,-0.000000
1581,0.004085,0.799805,0.799805,0.007882,0.038525,0.805672,0.008014,-0.000000
1582,0.005238,0.815625,0.815625,0.007786,0.039702,0.805672,0.008014,-0.000000
1583,-0.000189,0.784180,0.784180,0.007854,0.009326,0.805672,0.008014,-0.000000
1584,0.000051,0.799805,0.799805,0.008039,0.020310,0.805672,0.008014,-0.000000
1585,-0.024946,0.828125,0.828125,0.007508,0.038102,0.805672,0.008014,-0.000000
1586,0.008217,0.834961,0.834961,0.007818,0.010028,0.805672,0.008014,-0.000000
1587,-0.021141,0.794922,0.794922,0.007956,0.018113,0.805672,0.008014,-0.000000
1588,0.000849,0.822266,0.822266,0.008078,0.019215,0.805672,0.008014,-0.000000
1589,-0.000064,0.837305,0.837305,0.007948,0.007576,0.805672,0.008014,-0.000000
1590,0.004673,0.808594,0.808594,0.007963,0.037495,0.805672,0.008014,-0.000000
1591,-0.000216,0.819336,0.819336,0.008192,0.020144,0.805672,0.008014,-0.000000
1592,0.003379,0.805664,0.805664,0.007830,0.024185,0.805672,0.008014,-0.000000
1593,-0.012210,0.781250,0.781250,0.008195,0.021037,0.805672,0.008014,-0.000000
1594,0.010390,0.845703,0.845703,0.007946,0.051096,0.805672,0.008014,-0.000000
1595,0.001123,0.798828,0.798828,0.007892,0.025187,0.805672,0.008014,-0.000000
1596,0.002117,0.808594,0.808594,0.007980,0.034436,0.805672,0.008014,-0.000000
1597,-0.003305,0.797852,0.797852,0.007633,0.045601,0.805672,0.008014,-0.000000
1598,0.001407,0.828125,0.828125,0.007914,0.015803,0.805672,0.008014,-0.000000
1599,0.002014,0.840820,0.840820,0.007943,0.042559,0.805672,0.008014,-0.000000
1600,0.002117,0.798828,0.798828,0.008057,0.021191,0.805672,0.008014,-0.000000
1601,0.002818,0.821289,0.821289,0.007607,0.027816,0.805672,0.008014,-0.000000
1602,0.000123,0.831836,0.831836,0.007956,0.029879,0.805672,0.008014,-0.000000
1603,0.005855,0.764063,0.764063,0.007680,0.043326,0.805672,0.008014,-0.000000
1604,-0.011110,0.784570,0.784570,0.008112,0.013437,0.805672,0.008014,-0.000000
1605,-0.009532,0.838867,0.838867,0.007504,0.018367,0.805672,0.008014,-0.000000
1606,0.005101,0.800781,0.800781,0.007335,0.047931,0.805672,0.008014,-0.000000
1607,-0.000264,0.814453,0.814453,0.008163,0.010086,0.805672,0.008014,-0.000000
1608,0.007726,0.800781,0.800781,0.007796,0.049900,0.805672,0.008014,-0.000000
1609,-0.014837,0.769531,0.769531,0.008246,0.025196,0.805672,0.008014,-0.000000
1610,0.006636,0.818359,0.818359,0.008013,0.043067,0.805672,0.008014,-0.000000
1611,0.003281,0.820312,0.820312,0.008295,0.026045,0.805672,0.008014,-0.000000
1612,0.003739,0.806641,0.806641,0.008426,0.025122,0.805672,0.008014,-0.000000
1613,0.004994,0.812500,0.812500,0.007561,0.045359,0.805672,0.008014,-0.000000
1614,0.001885,0.836328,0.836328,0.008179,0.031814,0.805672,0.008014,-0.000000
1615,0.001654,0.810547,0.810547,0.007984,0.023316,0.805672,0.008014,-0.000000
1616,0.005025,0.811523,0.811523,0.007856,0.030568,0.805672,0.008014,-0.000000
1617,0.005990,0.802734,0.802734,0.008257,0.042021,0.805672,0.008014,-0.000000
1618,0.002301,0.811523,0.811523,0.007715,0.029842,0.805672,0.008014,-0.000000
1619,-0.000480,0.791016,0.791016,0.007420,0.036075,0.805672,0.008014,-0.000000
1620,-0.023543,0.816406,0.816406,0.007707,0.029547,0.805672,0.008014,-0.000000
1621,-0.000462,0.776367,0.776367,0.008263,0.020409,0.805672,0.008014,-0.000000
1622,0.006817,0.823242,0.823242,0.007851,0.041646,0.805672,0.008014,-0.000000
1623,0.005779,0.792969,0.792969,0.007493,0.033996,0.805672,0.008014,-0.000000
1624,0.002745,0.811523,0.811523,0.008054,0.025258,0.805672,0.008014,-0.000000
1625,0.008746,0.780273,0.780273,0.007931,0.030516,0.805672,0.008014,-0.000000
1626,0.000604,0.791016,0.791016,0.007667,0.037229,0.805672,0.008014,-0.000000
1627,0.002665,0.800977,0.800977,0.007984,0.026906,0.805672,0.008014,-0.000000
1628,0.005172,0.817383,0.817383,0.007749,0.036943,0.805672,0.008014,-0.000000
1629,0.004541,0.799805,0.799805,0.008010,0.044016,0.805672,0.008014,-0.000000
1630,0.010789,0.785156,0.785156,0.007921,0.034576,0.805672,0.008014,-0.000000
1631,-0.017173,0.808594,0.808594,0.007904,0.017138,0.805672,0.008014,-0.000000
1632,0.001559,0.781250,0.781250,0.007778,0.033774,0.805672,0.008014,-0.000000
1633,0.008110,0.797852,0.797852,0.008036,0.021374,0.805672,0.008014,-0.000000
1634,0.004610,0.807031,0.807031,0.007739,0.034676,0.805672,0.008014,-0.000000
1635,-0.002351,0.841797,0.841797,0.007730,0.017645,0.805672,0.008014,-0.000000
1636,0.003316,0.801758,0.801758,0.008185,0.041624,0.805672,0.008014,-0.000000
1637,0.006697,0.781250,0.781250,0.007912,0.035923,0.805672,0.008014,-0.000000
1638,0.001467,0.808594,0.808594,0.007657,0.015348,0.805672,0.008014,-0.000000
1639,-0.017054,0.786523,0.786523,0.007916,0.035996,0.805672,0.008014,-0.000000
1640,0.002992,0.802734,0.802734,0.008003,0.024886,0.805672,0.008014,-0.000000
1641,0.003512,0.808594,0.808594,0.007929,0.025486,0.805672,0.008014,-0.000000
1642,0.002196,0.810547,0.810547,0.007531,0.023990,0.805672,0.008014,-0.000000
1643,-0.002384,0.819531,0.819531,0.007753,0.035956,0.805672,0.008014,-0.000000
1644,0.002723,0.792969,0.792969,0.007476,0.041250,0.805672,0.008014,-0.000000
1645,-0.028599,0.816406,0.816406,0.007737,0.032436,0.805672,0.008014,-0.000000
1646,0.000373,0.837500,0.837500,0.007658,0.022678,0.805672,0.008014,-0.000000
1647,0.003300,0.828125,0.828125,0.008263,0.016345,0.805672,0.008014,-0.000000
1648,0.000799,0.839453,0.839453,0.007921,0.017817,0.805672,0.008014,-0.000000
1649,0.003450,0.800000,0.800000,0.007820,0.025372,0.805672,0.008014,-0.000000
1650,0.004051,0.812500,0.812500,0.007511,0.035895,0.805672,0.008014,-0.000000
1651,0.002244,0.822266,0.822266,0.008081,0.030350,0.805672,0.008014,-0.000000
1652,0.003640,0.837305,0.837305,0.008073,0.023009,0.805672,0.008014,-0.000000
1653,0.001525,0.835938,0.835938,0.008078,0.032698,0.805672,0.008014,-0.000000
1654,-0.000046,0.808594,0.808594,0.007916,0.010365,0.805672,0.008014,-0.000000
1655,-0.000393,0.860352,0.860352,0.008509,0.028453,0.805672,0.008014,-0.000000
1656,0.004361,0.820312,0.820312,0.008015,0.055234,0.805672,0.008014,-0.000000
1657,0.002429,0.828125,0.828125,0.007875,0.027634,0.805672,0.008014,-0.000000
1658,0.001858,0.789062,0.789062,0.008087,0.021110,0.805672,0.008014,-0.000000
1659,0.009084,0.781641,0.781641,0.007933,0.054653,0.805672,0.008014,-0.000000
1660,0.001447,0.783984,0.783984,0.007831,0.038296,0.805672,0.008014,-0.000000
1661,0.002226,0.839844,0.839844,0.007534,0.031810,0.805672,0.008014,-0.000000
1662,0.012290,0.798828,0.798828,0.007956,0.062604,0.805672,0.008014,-0.000000
1663,0.003054,0.822266,0.822266,0.007669,0.025722,0.805672,0.008014,-0.000000
1664,0.013747,0.786133,0.786133,0.007854,0.030644,0.805672,0.008014,-0.000000
1665,0.010249,0.788086,0.788086,0.007468,0.062002,0.805672,0.008014,-0.000000
1666,0.003658,0.784180,0.784180,0.007722,0.027951,0.805672,0.008014,-0.000000
1667,0.011322,0.796289,0.796289,0.008258,0.038474,0.805672,0.008014,-0.000000
1668,0.002495,0.801758,0.801758,0.007814,0.024390,0.805672,0.008014,-0.000000
1669,0.002445,0.827148,0.827148,0.008061,0.070821,0.805672,0.008014,-0.000000
1670,0.003732,0.829102,0.829102,0.007956,0.038105,0.805672,0.008014,-0.000000
1671,-0.014331,0.819336,0.819336,0.008054,0.035779,0.805672,0.008014,-0.000000
1672,0.001653,0.799805,0.799805,0.008138,0.021077,0.805672,0.008014,-0.000000
1673,0.002773,0.813477,0.813477,0.008184,0.017314,0.805672,0.008014,-0.000000
1674,0.003904,0.787109,0.787109,0.008140,0.023575,0.805672,0.008014,-0.000000
1675,0.004531,0.818359,0.818359,0.007933,0.046298,0.805672,0.008014,-0.000000
1676,-0.008785,0.817383,0.817383,0.008186,0.042952,0.805672,0.008014,-0.000000
1677,0.004254,0.806641,0.806641,0.008124,0.044340,0.805672,0.008014,-0.000000
1678,0.003968,0.849609,0.849609,0.008026,0.036277,0.805672,0.008014,-0.000000
1679,0.002991,0.808594,0.808594,0.007660,0.037190,0.805672,0.008014,-0.000000
1680,0.003607,0.801758,0.801758,0.007954,0.037559,0.805672,0.008014,-0.000000
1681,-0.000352,0.812500,0.812500,0.007780,0.016426,0.805672,0.008014,-0.000000
1682,0.000741,0.832031,0.832031,0.007795,0.029436,0.805672,0.008014,-0.000000
1683,-0.000761,0.800586,0.800586,0.008132,0.047018,0.805672,0.008014,-0.000000
1684,0.001238,0.795898,0.795898,0.008075,0.019158,0.805672,0.008014,-0.000000
1685,0.013402,0.798828,0.798828,0.007692,0.021736,0.805672,0.008014,-0.000000
1686,-0.000694,0.803711,0.803711,0.008031,0.020081,0.805672,0.008014,-0.000000
1687,0.003834,0.764648,0.764648,0.007919,0.035771,0.805672,0.008014,-0.000000
1688,0.002517,0.802734,0.802734,0.007648,0.030824,0.805672,0.008014,-0.000000
1689,-0.031167,0.772461,0.772461,0.007903,0.027807,0.805672,0.008014,-0.000000
1690,0.000115,0.790625,0.790625,0.007948,0.012090,0.805672,0.008014,-0.000000
1691,0.002056,0.789062,0.789062,0.007625,0.019276,0.805672,0.008014,-0.000000
1692,0.001271,0.821289,0.821289,0.007845,0.018629,0.805672,0.008014,-0.000000
1693,-0.022522,0.794922,0.794922,0.008434,0.015478,0.805672,0.008014,-0.000000
1694,0.004632,0.796484,0.796484,0.008140,0.040910,0.805672,0.008014,-0.000000
1695,0.011223,0.822266,0.822266,0.008135,0.050061,0.805672,0.008014,-0.000000
1696,0.001789,0.814453,0.814453,0.007718,0.024667,0.805672,0.008014,-0.000000
1697,0.002899,0.814453,0.814453,0.007882,0.030090,0.805672,0.008014,-0.000000
1698,0.000164,0.812500,0.812500,0.008089,0.014170,0.805672,0.008014,-0.000000
1699,-0.000291,0.796875,0.796875,0.008180,0.011354,0.805672,0.008014,-0.000000
1700,-0.008851,0.775391,0.775391,0.007857,0.029293,0.805672,0.008014,-0.000000
1701,0.005715,0.841797,0.841797,0.007911,0.033222,0.805672,0.008014,-0.000000
1702,0.001015,0.810547,0.810547,0.007992,0.022469,0.805672,0.008014,-0.000000
1703,0.002159,0.813477,0.813477,0.007980,0.051571,0.805672,0.008014,-0.000000
1704,0.002093,0.785547,0.785547,0.008141,0.019401,0.805672,0.008014,-0.000000
1705,0.000593,0.821094,0.821094,0.008122,0.026845,0.805672,0.008014,-0.000000
1706,0.001885,0.813477,0.813477,0.007970,0.023638,0.805672,0.008014,-0.000000
1707,0.006220,0.807617,0.807617,0.007789,0.046548,0.805672,0.008014,-0.000000
1708,0.002710,0.831055,0.831055,0.007754,0.031800,0.805672,0.008014,-0.000000
1709,0.010095,0.805664,0.805664,0.007868,0.039231,0.805672,0.008014,-0.000000
1710,0.004815,0.835938,0.835938,0.008103,0.018393,0.805672,0.008014,-0.000000
1711,0.004990,0.785742,0.785742,0.008012,0.036714,0.805672,0.008014,-0.000000
1712,-0.016875,0.812500,0.812500,0.007801,0.051663,0.805672,0.008014,-0.000000
1713,0.006788,0.752930,0.752930,0.007890,0.040147,0.805672,0.008014,-0.000000
1714,0.001811,0.816406,0.816406,0.007801,0.024742,0.805672,0.008014,-0.000000
1715,0.004322,0.761719,0.761719,0.007742,0.032485,0.805672,0.008014,-0.000000
1716,0.001966,0.819336,0.819336,0.007514,0.014989,0.805672,0.008014,-0.000000
1717,0.001797,0.818359,0.818359,0.007688,0.014850,0.805672,0.008014,-0.000000
1718,0.008438,0.771875,0.771875,0.008183,0.051057,0.805672,0.008014,-0.000000
1719,0.003803,0.804688,0.804688,0.007581,0.044415,0.805672,0.008014,-0.000000
1720,-0.003925,0.830078,0.830078,0.007747,0.043880,0.805672,0.008014,-0.000000
1721,0.002638,0.801758,0.801758,0.007812,0.025971,0.805672,0.008014,-0.000000
1722,-0.004835,0.822266,0.822266,0.007513,0.011326,0.805672,0.008014,-0.000000
1723,-0.000763,0.801758,0.801758,0.007840,0.015615,0.805672,0.008014,-0.000000
1724,0.001562,0.783203,0.783203,0.008283,0.022056,0.805672,0.008014,-0.000000
1725,0.000614,0.781836,0.781836,0.007842,0.025905,0.805672,0.008014,-0.000000
1726,0.010873,0.775391,0.775391,0.008289,0.023716,0.805672,0.008014,-0.000000
1727,0.007412,0.795117,0.795117,0.008248,0.059048,0.805672,0.008014,-0.000000
1728,0.001511,0.845703,0.845703,0.007438,0.032766,0.805672,0.008014,-0.000000
1729,-0.005328,0.783203,0.783203,0.007938,0.037393,0.805672,0.008014,-0.000000
1730,0.002493,0.776367,0.776367,0.008013,0.027214,0.805672,0.008014,-0.000000
1731,0.002380,0.836914,0.836914,0.008112,0.031361,0.805672,0.008014,-0.000000
1732,0.001524,0.824219,0.824219,0.007962,0.041188,0.805672,0.008014,-0.000000
1733,0.001371,0.813477,0.813477,0.007648,0.018142,0.805672,0.008014,-0.000000
1734,0.002403,0.819336,0.819336,0.007656,0.039239,0.805672,0.008014,-0.000000
1735,0.011738,0.802734,0.802734,0.007395,0.052176,0.805672,0.008014,-0.000000
1736,-0.000628,0.778125,0.778125,0.008161,0.011896,0.805672,0.008014,-0.000000
1737,0.002568,0.833984,0.833984,0.007944,0.030429,0.805672,0.008014,-0.000000
1738,-0.000993,0.815430,0.815430,0.008027,0.013699,0.805672,0.008014,-0.000000
1739,0.000419,0.805664,0.805664,0.008210,0.022273,0.805672,0.008014,-0.000000
1740,0.006571,0.825195,0.825195,0.007842,0.026938,0.805672,0.008014,-0.000000
1741,0.000542,0.811523,0.811523,0.007571,0.025186,0.805672,0.008014,-0.000000
1742,-0.023615,0.832031,0.832031,0.008018,0.024404,0.805672,0.008014,-0.000000
1743,-0.002753,0.772461,0.772461,0.008032,0.057274,0.805672,0.008014,-0.000000
1744,0.004820,0.775586,0.775586,0.007972,0.047251,0.805672,0.008014,-0.000000
1745,0.006397,0.838867,0.838867,0.008269,0.046853,0.805672,0.008014,-0.000000
1746,0.000980,0.785156,0.785156,0.008431,0.022894,0.805672,0.008014,-0.000000
1747,-0.000340,0.804688,0.804688,0.007824,0.014126,0.805672,0.008014,-0.000000
1748,-0.000079,0.818359,0.818359,0.007764,0.034801,0.805672,0.008014,-0.000000
1749,0.006181,0.845703,0.845703,0.007948,0.029210,0.805672,0.008014,-0.000000
1750,0.000702,0.810547,0.810547,0.007966,0.043282,0.805672,0.008014,-0.000000
1751,-0.026939,0.799805,0.799805,0.008103,0.044185,0.805672,0.008014,-0.000000
1752,0.003545,0.806055,0.806055,0.007817,0.024810,0.805672,0.008014,-0.000000
1753,0.004491,0.840820,0.840820,0.007904,0.045716,0.805672,0.008014,-0.000000
1754,0.002664,0.849609,0.849609,0.007667,0.036148,0.805672,0.008014,-0.000000
1755,0.006264,0.793945,0.793945,0.008075,0.043736,0.805672,0.008014,-0.000000
1756,0.002354,0.778320,0.778320,0.007983,0.018471,0.805672,0.008014,-0.000000
1757,-0.004529,0.765625,0.765625,0.007879,0.044896,0.805672,0.008014,-0.000000
1758,0.000864,0.799805,0.799805,0.007883,0.018196,0.805672,0.008014,-0.000000
1759,0.009111,0.793945,0.793945,0.007869,0.026312,0.805672,0.008014,-0.000000
1760,0.003544,0.832031,0.832031,0.007708,0.028814,0.805672,0.008014,-0.000000
1761,-0.000264,0.773438,0.773438,0.007930,0.020347,0.805672,0.008014,-0.000000
1762,0.001567,0.802734,0.802734,0.008245,0.017336,0.805672,0.008014,-0.000000
1763,-0.000719,0.773438,0.773438,0.007896,0.016497,0.805672,0.008014,-0.000000
1764,0.002766,0.822266,0.822266,0.007653,0.034571,0.805672,0.008014,-0.000000
1765,0.000956,0.823828,0.823828,0.008447,0.023653,0.805672,0.008014,-0.000000
1766,0.002152,0.808594,0.808594,0.007933,0.015242,0.805672,0.008014,-0.000000
1767,-0.006600,0.792969,0.792969,0.008018,0.022429,0.805672,0.008014,-0.000000
1768,0.008090,0.820312,0.820312,0.007563,0.036720,0.805672,0.008014,-0.000000
1769,0.001512,0.804688,0.804688,0.008184,0.019364,0.805672,0.008014,-0.000000
1770,-0.000705,0.794922,0.794922,0.008318,0.016636,0.805672,0.008014,-0.000000
1771,0.011290,0.804688,0.804688,0.008185,0.023598,0.805672,0.008014,-0.000000
1772,-0.002274,0.821289,0.821289,0.008053,0.058534,0.805672,0.008014,-0.000000
1773,0.002307,0.802344,0.802344,0.008439,0.046003,0.805672,0.008014,-0.000000
1774,-0.007328,0.791016,0.791016,0.007883,0.019050,0.805672,0.008014,-0.000000
1775,0.001250,0.829102,0.829102,0.008287,0.025684,0.805672,0.008014,-0.000000
1776,0.000632,0.803711,0.803711,0.007717,0.039083,0.805672,0.008014,-0.000000
1777,-0.001429,0.790039,0.790039,0.007593,0.023866,0.805672,0.008014,-0.000000
1778,0.004571,0.772461,0.772461,0.007845,0.017494,0.805672,0.008014,-0.000000
1779,0.004797,0.828125,0.828125,0.008225,0.012729,0.805672,0.008014,-0.000000
1780,0.002714,0.820312,0.820312,0.008157,0.033388,0.805672,0.008014,-0.000000
1781,0.003604,0.792969,0.792969,0.008026,0.021322,0.805672,0.008014,-0.000000
1782,0.004585,0.827148,0.827148,0.007689,0.045150,0.805672,0.008014,-0.000000
1783,0.001596,0.785156,0.785156,0.007967,0.024252,0.805672,0.008014,-0.000000
1784,-0.011477,0.788086,0.788086,0.007669,0.025166,0.805672,0.008014,-0.000000
1785,0.003589,0.792969,0.792969,0.007732,0.028091,0.805672,0.008014,-0.000000
1786,0.001436,0.814453,0.814453,0.007751,0.021221,0.805672,0.008014,-0.000000
1787,-0.015443,0.817773,0.817773,0.008104,0.037794,0.805672,0.008014,-0.000000
1788,0.005601,0.820898,0.820898,0.007942,0.036442,0.805672,0.008014,-0.000000
1789,0.002161,0.790039,0.790039,0.007905,0.020789,0.805672,0.008014,-0.000000
1790,-0.029732,0.815430,0.815430,0.008017,0.017591,0.805672,0.008014,-0.000000
1791,0.001774,0.803125,0.803125,0.007959,0.022077,0.805672,0.008014,-0.000000
1792,0.011288,0.804688,0.804688,0.008000,0.043064,0.805672,0.008014,-0.000000
1793,0.001864,0.769531,0.769531,0.007890,0.018552,0.805672,0.008014,-0.000000
1794,-0.024043,0.814453,0.814453,0.007789,0.030661,0.805672,0.008014,-0.000000
1795,0.001831,0.792383,0.792383,0.007714,0.034535,0.805672,0.008014,-0.000000
1796,0.001768,0.771484,0.771484,0.007587,0.018727,0.805672,0.008014,-0.000000
1797,0.005813,0.782227,0.782227,0.007783,0.039039,0.805672,0.008014,-0.000000
1798,0.003345,0.811523,0.811523,0.008107,0.026974,0.805672,0.008014,-0.000000
1799,0.002518,0.805664,0.805664,0.007972,0.035058,0.805672,0.008014,-0.000000
1800,0.001426,0.824219,0.824219,0.008027,0.020449,0.805672,0.008014,-0.000000
1801,0.000423,0.834961,0.834961,0.007678,0.017258,0.805672,0.008014,-0.000000
1802,0.006984,0.784180,0.784180,0.008028,0.035429,0.805672,0.008014,-0.000000
1803,-0.001320,0.779297,0.779297,0.008618,0.014352,0.805672,0.008014,-0.000000
1804,0.005561,0.788672,0.788672,0.007882,0.028579,0.805672,0.008014,-0.000000
1805,0.003751,0.801758,0.801758,0.007960,0.036694,0.805672,0.008014,-0.000000
1806,-0.007159,0.839844,0.839844,0.007851,0.034492,0.805672,0.008014,-0.000000
1807,0.008459,0.815430,0.815430,0.008281,0.036787,0.805672,0.008014,-0.000000
1808,0.001793,0.798828,0.798828,0.007880,0.020421,0.805672,0.008014,-0.000000
1809,0.009769,0.810547,0.810547,0.007517,0.028789,0.805672,0.008014,-0.000000
1810,-0.000473,0.791992,0.791992,0.007919,0.013284,0.805672,0.008014,-0.000000
1811,0.005768,0.798828,0.798828,0.007868,0.029371,0.805672,0.008014,-0.000000
1812,0.005353,0.806641,0.806641,0.007597,0.037667,0.805672,0.008014,-0.000000
1813,0.001627,0.814453,0.814453,0.007723,0.039672,0.805672,0.008014,-0.000000
1814,0.004005,0.811523,0.811523,0.007658,0.043443,0.805672,0.008014,-0.000000
1815,0.003663,0.803711,0.803711,0.007730,0.046055,0.805672,0.008014,-0.000000
1816,-0.004236,0.791992,0.791992,0.007783,0.038594,0.805672,0.008014,-0.000000
1817,0.000626,0.790039,0.790039,0.007860,0.047470,0.805672,0.008014,-0.000000
1818,0.002333,0.818359,0.818359,0.008326,0.049831,0.805672,0.008014,-0.000000
1819,0.015688,0.768555,0.768555,0.008010,0.035879,0.805672,0.008014,-0.000000
1820,-0.000395,0.817383,0.817383,0.008040,0.014253,0.805672,0.008014,-0.000000
1821,-0.000238,0.805664,0.805664,0.007845,0.012488,0.805672,0.008014,-0.000000
1822,0.003924,0.820312,0.820312,0.007751,0.042842,0.805672,0.008014,-0.000000
1823,0.009282,0.794531,0.794531,0.007656,0.063944,0.805672,0.008014,-0.000000
1824,0.002480,0.807617,0.807617,0.008123,0.030523,0.805672,0.008014,-0.000000
1825,0.004994,0.818359,0.818359,0.007968,0.025147,0.805672,0.008014,-0.000000
1826,-0.003442,0.824219,0.824219,0.008052,0.030355,0.805672,0.008014,-0.000000
1827,0.003454,0.796484,0.796484,0.008174,0.030153,0.805672,0.008014,-0.000000
1828,0.004387,0.800781,0.800781,0.007871,0.034986,0.805672,0.008014,-0.000000
1829,-0.010529,0.826172,0.826172,0.007553,0.034641,0.805672,0.008014,-0.000000
1830,0.001279,0.798828,0.798828,0.007858,0.021329,0.805672,0.008014,-0.000000
1831,0.002288,0.827148,0.827148,0.007487,0.026412,0.805672,0.008014,-0.000000
1832,0.002589,0.847656,0.847656,0.007776,0.034379,0.805672,0.008014,-0.000000
1833,0.003871,0.807617,0.807617,0.008316,0.045509,0.805672,0.008014,-0.000000
1834,0.006717,0.774414,0.774414,0.007846,0.015796,0.805672,0.008014,-0.000000
1835,-0.015086,0.793359,0.793359,0.008269,0.031171,0.805672,0.008014,-0.000000
1836,0.003799,0.817969,0.817969,0.007372,0.047226,0.805672,0.008014,-0.000000
1837,0.003423,0.796875,0.796875,0.007802,0.027300,0.805672,0.008014,-0.000000
1838,0.003325,0.799609,0.799609,0.007456,0.030688,0.805672,0.008014,-0.000000
1839,-0.007192,0.817383,0.817383,0.007825,0.026825,0.805672,0.008014,-0.000000
1840,0.003456,0.832031,0.832031,0.007936,0.015612,0.805672,0.008014,-0.000000
1841,0.001846,0.797852,0.797852,0.007962,0.038376,0.805672,0.008014,-0.000000
1842,0.003733,0.783203,0.783203,0.007732,0.050091,0.805672,0.008014,-0.000000
1843,0.004698,0.801758,0.801758,0.008116,0.040307,0.805672,0.008014,-0.000000
1844,0.001183,0.847656,0.847656,0.007740,0.023191,0.805672,0.008014,-0.000000
1845,-0.000160,0.789648,0.789648,0.007717,0.010841,0.805672,0.008014,-0.000000
1846,0.008969,0.791992,0.791992,0.007659,0.052145,0.805672,0.008014,-0.000000
1847,-0.000319,0.827148,0.827148,0.007673,0.026911,0.805672,0.008014,-0.000000
1848,0.001713,0.806250,0.806250,0.007639,0.021482,0.805672,0.008014,-0.000000
1849,-0.015187,0.839844,0.839844,0.008108,0.029124,0.805672,0.008014,-0.000000
1850,0.004225,0.781250,0.781250,0.007844,0.063620,0.805672,0.008014,-0.000000
1851,0.002008,0.817383,0.817383,0.007506,0.022392,0.805672,0.008014,-0.000000
1852,-0.000998,0.808594,0.808594,0.008168,0.018381,0.805672,0.008014,-0.000000
1853,0.001521,0.822266,0.822266,0.007785,0.022411,0.805672,0.008014,-0.000000
1854,0.002549,0.813477,0.813477,0.007911,0.036823,0.805672,0.008014,-0.000000
1855,0.004515,0.802734,0.802734,0.008130,0.037249,0.805672,0.008014,-0.000000
1856,0.003881,0.778320,0.778320,0.007530,0.029847,0.805672,0.008014,-0.000000
1857,-0.018532,0.791016,0.791016,0.008245,0.010954,0.805672,0.008014,-0.000000
1858,0.005574,0.770508,0.770508,0.007813,0.025106,0.805672,0.008014,-0.000000
1859,0.010198,0.786133,0.786133,0.007713,0.063977,0.805672,0.008014,-0.000000
1860,-0.010197,0.784180,0.784180,0.007795,0.035288,0.805672,0.008014,-0.000000
1861,0.007104,0.828125,0.828125,0.007439,0.051408,0.805672,0.008014,-0.000000
1862,0.007084,0.781250,0.781250,0.007728,0.058402,0.805672,0.008014,-0.000000
1863,0.001134,0.842773,0.842773,0.007496,0.028208,0.805672,0.008014,-0.000000
1864,0.002690,0.818164,0.818164,0.007919,0.028064,0.805672,0.008014,-0.000000
1865,-0.012404,0.822266,0.822266,0.007683,0.045727,0.805672,0.008014,-0.000000
1866,0.006649,0.770508,0.770508,0.007769,0.055479,0.805672,0.008014,-0.000000
1867,-0.000349,0.786133,0.786133,0.007374,0.011308,0.805672,0.008014,-0.000000
1868,0.000668,0.804688,0.804688,0.007773,0.028774,0.805672,0.008014,-0.000000
1869,-0.000466,0.802734,0.802734,0.007601,0.013570,0.805672,0.008014,-0.000000
1870,-0.001875,0.772461,0.772461,0.008006,0.022176,0.805672,0.008014,-0.000000
1871,-0.000182,0.760742,0.760742,0.007751,0.011468,0.805672,0.008014,-0.000000
1872,0.002639,0.810547,0.810547,0.007669,0.041821,0.805672,0.008014,-0.000000
1873,0.000521,0.854688,0.854688,0.007879,0.019169,0.805672,0.008014,-0.000000
1874,-0.000155,0.799805,0.799805,0.007584,0.021036,0.805672,0.008014,-0.000000
1875,0.000742,0.800781,0.800781,0.007815,0.043756,0.805672,0.008014,-0.000000
1876,-0.040545,0.827148,0.827148,0.007856,0.030496,0.805672,0.008014,-0.000000
1877,-0.000369,0.794922,0.794922,0.008233,0.016829,0.805672,0.008014,-0.000000
1878,0.003428,0.812500,0.812500,0.007954,0.031347,0.805672,0.008014,-0.000000
1879,0.010225,0.802734,0.802734,0.007741,0.031117,0.805672,0.008014,-0.000000
1880,-0.001551,0.848633,0.848633,0.007747,0.027633,0.805672,0.008014,-0.000000
1881,0.000211,0.781250,0.781250,0.007898,0.023188,0.805672,0.008014,-0.000000
1882,0.004794,0.787109,0.787109,0.008208,0.042143,0.805672,0.008014,-0.000000
1883,0.000941,0.782227,0.782227,0.008046,0.027256,0.805672,0.008014,-0.000000
1884,0.002798,0.812500,0.812500,0.008145,0.030896,0.805672,0.008014,-0.000000
1885,0.003532,0.815430,0.815430,0.008273,0.038973,0.805672,0.008014,-0.000000
1886,0.001913,0.768555,0.768555,0.007703,0.026636,0.805672,0.008014,-0.000000
1887,0.002429,0.835938,0.835938,0.008267,0.015863,0.805672,0.008014,-0.000000
1888,0.002892,0.799805,0.799805,0.007557,0.029161,0.805672,0.008014,-0.000000
1889,0.003413,0.797852,0.797852,0.007806,0.037560,0.805672,0.008014,-0.000000
1890,0.001668,0.830078,0.830078,0.007903,0.018860,0.805672,0.008014,-0.000000
1891,-0.003611,0.796875,0.796875,0.007970,0.019506,0.805672,0.008014,-0.000000
1892,-0.010110,0.799805,0.799805,0.007878,0.024116,0.805672,0.008014,-0.000000
1893,0.001511,0.800781,0.800781,0.008089,0.037639,0.805672,0.008014,-0.000000
1894,-0.025450,0.802734,0.802734,0.007664,0.034011,0.805672,0.008014,-0.000000
1895,0.005091,0.822266,0.822266,0.008231,0.045913,0.805672,0.008014,-0.000000
1896,0.004013,0.819336,0.819336,0.008046,0.039472,0.805672,0.008014,-0.000000
1897,0.008442,0.768555,0.768555,0.007800,0.050866,0.805672,0.008014,-0.000000
1898,-0.004068,0.808008,0.808008,0.007668,0.022200,0.805672,0.008014,-0.000000
1899,0.001217,0.794922,0.794922,0.007886,0.030228,0.805672,0.008014,-0.000000
1900,0.002646,0.789453,0.789453,0.007797,0.034283,0.805672,0.008014,-0.000000
1901,-0.000197,0.830078,0.830078,0.008154,0.013533,0.805672,0.008014,-0.000000
1902,0.001393,0.821680,0.821680,0.008105,0.027285,0.805672,0.008014,-0.000000
1903,0.004646,0.818359,0.818359,0.007866,0.036660,0.805672,0.008014,-0.000000
1904,0.006608,0.780273,0.780273,0.007748,0.028380,0.805672,0.008014,-0.000000
1905,0.002126,0.829102,0.829102,0.007485,0.028975,0.805672,0.008014,-0.000000
1906,0.009119,0.793945,0.793945,0.008420,0.031313,0.805672,0.008014,-0.000000
1907,0.006626,0.773828,0.773828,0.007905,0.047943,0.805672,0.008014,-0.000000
1908,-0.001611,0.777344,0.777344,0.008167,0.044626,0.805672,0.008014,-0.000000
1909,-0.004521,0.792969,0.792969,0.007870,0.026886,0.805672,0.008014,-0.000000
1910,0.001887,0.816406,0.816406,0.008280,0.022133,0.805672,0.008014,-0.000000
1911,0.003921,0.802539,0.802539,0.007799,0.052418,0.805672,0.008014,-0.000000
1912,-0.004765,0.828125,0.828125,0.007946,0.029226,0.805672,0.008014,-0.000000
1913,0.001487,0.813281,0.813281,0.007720,0.041237,0.805672,0.008014,-0.000000
1914,0.001100,0.803711,0.803711,0.007776,0.022241,0.805672,0.008014,-0.000000
1915,0.007147,0.819336,0.819336,0.007847,0.038427,0.805672,0.008014,-0.000000
1916,-0.013254,0.818359,0.818359,0.007758,0.022378,0.805672,0.008014,-0.000000
1917,0.004866,0.805273,0.805273,0.007819,0.016551,0.805672,0.008014,-0.000000
1918,0.004073,0.800000,0.800000,0.008147,0.026159,0.805672,0.008014,-0.000000
1919,0.009066,0.797852,0.797852,0.007590,0.074737,0.805672,0.008014,-0.000000
1920,0.001651,0.787109,0.787109,0.008102,0.031617,0.805672,0.008014,-0.000000
1921,0.003100,0.829102,0.829102,0.007840,0.027106,0.805672,0.008014,-0.000000
1922,0.001778,0.818359,0.818359,0.008254,0.021406,0.805672,0.008014,-0.000000
1923,0.000926,0.837891,0.837891,0.007419,0.020997,0.805672,0.008014,-0.000000
1924,0.003618,0.789453,0.789453,0.007855,0.032533,0.805672,0.008014,-0.000000
1925,0.007798,0.812500,0.812500,0.007894,0.057820,0.805672,0.008014,-0.000000
1926,-0.021638,0.828711,0.828711,0.007790,0.044964,0.805672,0.008014,-0.000000
1927,-0.002594,0.802344,0.802344,0.007782,0.044318,0.805672,0.008014,-0.000000
1928,0.001362,0.800781,0.800781,0.008197,0.022880,0.805672,0.008014,-0.000000
1929,0.001323,0.826172,0.826172,0.008236,0.027089,0.805672,0.008014,-0.000000
1930,0.005109,0.791992,0.791992,0.007978,0.041058,0.805672,0.008014,-0.000000
1931,-0.000186,0.763672,0.763672,0.007775,0.009823,0.805672,0.008014,-0.000000
1932,0.004876,0.817383,0.817383,0.008028,0.037982,0.805672,0.008014,-0.000000
1933,0.000545,0.829102,0.829102,0.008004,0.065480,0.805672,0.008014,-0.000000
1934,-0.009518,0.800781,0.800781,0.008334,0.042697,0.805672,0.008014,-0.000000
1935,-0.000069,0.792969,0.792969,0.008648,0.012915,0.805672,0.008014,-0.000000
1936,-0.008198,0.746094,0.746094,0.008068,0.034371,0.805672,0.008014,-0.000000
1937,0.007685,0.806250,0.806250,0.007907,0.042028,0.805672,0.008014,-0.000000
1938,0.003967,0.833984,0.833984,0.008604,0.057260,0.805672,0.008014,-0.000000
1939,0.008448,0.804688,0.804688,0.007881,0.034982,0.805672,0.008014,-0.000000
1940,0.001855,0.806641,0.806641,0.007532,0.023211,0.805672,0.008014,-0.000000
1941,0.001655,0.806641,0.806641,0.008092,0.020385,0.805672,0.008014,-0.000000
1942,-0.009323,0.835352,0.835352,0.008052,0.023888,0.805672,0.008014,-0.000000
1943,0.004448,0.803711,0.803711,0.007943,0.027580,0.805672,0.008014,-0.000000
1944,0.006522,0.784180,0.784180,0.007198,0.044669,0.805672,0.008014,-0.000000
1945,0.002260,0.820312,0.820312,0.008093,0.053681,0.805672,0.008014,-0.000000
1946,-0.003168,0.813477,0.813477,0.007607,0.040194,0.805672,0.008014,-0.000000
1947,0.003376,0.799805,0.799805,0.007731,0.030080,0.805672,0.008014,-0.000000
1948,0.002469,0.793945,0.793945,0.008066,0.031857,0.805672,0.008014,-0.000000
1949,0.002072,0.739258,0.739258,0.008360,0.027107,0.805672,0.008014,-0.000000
1950,0.003594,0.805664,0.805664,0.007716,0.032237,0.805672,0.008014,-0.000000
1951,-0.000910,0.803711,0.803711,0.007763,0.015899,0.805672,0.008014,-0.000000
1952,0.001500,0.793945,0.793945,0.008031,0.022488,0.805672,0.008014,-0.000000
1953,-0.001436,0.795898,0.795898,0.008261,0.023045,0.805672,0.008014,-0.000000
1954,0.005616,0.809766,0.809766,0.007919,0.038912,0.805672,0.008014,-0.000000
1955,-0.002134,0.844727,0.844727,0.007739,0.023982,0.805672,0.008014,-0.000000
1956,-0.015738,0.780273,0.780273,0.007935,0.037966,0.805672,0.008014,-0.000000
1957,-0.000249,0.802734,0.802734,0.008159,0.011532,0.805672,0.008014,-0.000000
1958,0.004649,0.834961,0.834961,0.008065,0.037043,0.805672,0.008014,-0.000000
1959,-0.007922,0.818359,0.818359,0.007960,0.023648,0.805672,0.008014,-0.000000
1960,0.001968,0.792969,0.792969,0.007696,0.025282,0.805672,0.008014,-0.000000
1961,0.011482,0.794922,0.794922,0.007676,0.046676,0.805672,0.008014,-0.000000
1962,-0.000212,0.795703,0.795703,0.007885,0.031388,0.805672,0.008014,-0.000000
1963,0.006706,0.834961,0.834961,0.008183,0.032610,0.805672,0.008014,-0.000000
1964,0.002510,0.827148,0.827148,0.007724,0.032095,0.805672,0.008014,-0.000000
1965,-0.000844,0.794922,0.794922,0.007848,0.018802,0.805672,0.008014,-0.000000
1966,-0.000440,0.774414,0.774414,0.007976,0.018483,0.805672,0.008014,-0.000000
1967,0.003746,0.820312,0.820312,0.007897,0.037214,0.805672,0.008014,-0.000000
1968,0.018682,0.756836,0.756836,0.007751,0.076604,0.805672,0.008014,-0.000000
1969,0.002454,0.796289,0.796289,0.008495,0.035175,0.805672,0.008014,-0.000000
1970,-0.003050,0.747266,0.747266,0.008107,0.020975,0.805672,0.008014,-0.000000
1971,-0.000959,0.819336,0.819336,0.007836,0.019540,0.805672,0.008014,-0.000000
1972,0.004019,0.799805,0.799805,0.007959,0.063876,0.805672,0.008014,-0.000000
1973,0.000338,0.794922,0.794922,0.007699,0.029472,0.805672,0.008014,-0.000000
1974,0.001378,0.840820,0.840820,0.008078,0.021278,0.805672,0.008014,-0.000000
1975,0.011216,0.808594,0.808594,0.007979,0.033040,0.805672,0.008014,-0.000000
1976,-0.018654,0.813477,0.813477,0.007279,0.045106,0.805672,0.008014,-0.000000
1977,0.002374,0.817383,0.817383,0.007395,0.047845,0.805672,0.008014,-0.000000
1978,-0.006624,0.822266,0.822266,0.008150,0.028678,0.805672,0.008014,-0.000000
1979,-0.000388,0.831055,0.831055,0.007625,0.013754,0.805672,0.008014,-0.000000
1980,0.003304,0.808594,0.808594,0.008465,0.035353,0.805672,0.008014,-0.000000
1981,0.003727,0.829102,0.829102,0.007944,0.041265,0.805672,0.008014,-0.000000
1982,0.002678,0.795898,0.795898,0.007960,0.047283,0.805672,0.008014,-0.000000
1983,0.000681,0.804883,0.804883,0.007909,0.026424,0.805672,0.008014,-0.000000
1984,-0.037980,0.826172,0.826172,0.007770,0.034004,0.805672,0.008014,-0.000000
1985,-0.004272,0.776367,0.776367,0.007827,0.050912,0.805672,0.008014,-0.000000
1986,0.001427,0.784180,0.784180,0.007658,0.032586,0.805672,0.008014,-0.000000
1987,0.002081,0.800781,0.800781,0.007995,0.043887,0.805672,0.008014,-0.000000
1988,0.000830,0.861328,0.861328,0.008078,0.026940,0.805672,0.008014,-0.000000
1989,0.003484,0.797852,0.797852,0.008041,0.029443,0.805672,0.008014,-0.000000
1990,-0.000113,0.777734,0.777734,0.007954,0.018473,0.805672,0.008014,-0.000000
1991,-0.005941,0.819336,0.819336,0.007504,0.045186,0.805672,0.008014,-0.000000
1992,0.004794,0.808203,0.808203,0.007844,0.027398,0.805672,0.008014,-0.000000
1993,0.007136,0.808594,0.808594,0.007898,0.046730,0.805672,0.008014,-0.000000
1994,0.004618,0.824414,0.824414,0.007883,0.038068,0.805672,0.008014,-0.000000
1995,0.001311,0.819336,0.819336,0.007369,0.070644,0.805672,0.008014,-0.000000
1996,0.008157,0.780273,0.780273,0.008136,0.052525,0.805672,0.008014,-0.000000
1997,-0.000228,0.810547,0.810547,0.008145,0.014437,0.805672,0.008014,-0.000000
1998,0.002746,0.810547,0.810547,0.008019,0.037313,0.805672,0.008014,-0.000000
1999,0.000677,0.804688,0.804688,0.008194,0.027287,0.805672,0.008014,-0.000000
2000,-0.000032,0.832031,0.832031,0.007931,0.029454,0.805672,0.008014,-0.000000
2001,-0.002977,0.809570,0.809570,0.008136,0.049906,0.805672,0.008014,-0.000000
2002,0.000470,0.826172,0.826172,0.007971,0.029002,0.805672,0.008014,-0.000000
2003,0.001739,0.809961,0.809961,0.007948,0.038111,0.805672,0.008014,-0.000000
2004,-0.012982,0.794922,0.794922,0.007781,0.029649,0.805672,0.008014,-0.000000
2005,-0.020014,0.826172,0.826172,0.007715,0.052688,0.805672,0.008014,-0.000000
2006,0.002434,0.802734,0.802734,0.007644,0.042372,0.805672,0.008014,-0.000000
2007,0.002050,0.805664,0.805664,0.008108,0.033045,0.805672,0.008014,-0.000000
2008,0.009004,0.773438,0.773438,0.007618,0.038299,0.805672,0.008014,-0.000000
2009,0.001627,0.804688,0.804688,0.008086,0.021373,0.805672,0.008014,-0.000000
2010,-0.005789,0.765625,0.765625,0.007916,0.027685,0.805672,0.008014,-0.000000
2011,0.003432,0.799805,0.799805,0.007880,0.032761,0.805672,0.008014,-0.000000
2012,0.008852,0.821289,0.821289,0.007554,0.074857,0.805672,0.008014,-0.000000
2013,0.001267,0.769531,0.769531,0.007823,0.052041,0.805672,0.008014,-0.000000
2014,-0.008563,0.775781,0.775781,0.007697,0.026809,0.805672,0.008014,-0.000000
2015,-0.000854,0.800195,0.800195,0.007785,0.025447,0.805672,0.008014,-0.000000
2016,0.009928,0.838672,0.838672,0.007870,0.053107,0.805672,0.008014,-0.000000
2017,0.000344,0.818359,0.818359,0.007876,0.031479,0.805672,0.008014,-0.000000
2018,-0.015850,0.793945,0.793945,0.007514,0.037395,0.805672,0.008014,-0.000000
2019,-0.000775,0.861328,0.861328,0.007983,0.051360,0.805672,0.008014,-0.000000
2020,0.018460,0.761719,0.761719,0.007850,0.056768,0.805672,0.008014,-0.000000
2021,-0.009698,0.834570,0.834570,0.007714,0.053859,0.805672,0.008014,-0.000000
2022,0.001544,0.791992,0.791992,0.007889,0.042985,0.805672,0.008014,-0.000000
2023,0.006462,0.825195,0.825195,0.007672,0.048145,0.805672,0.008014,-0.000000
2024,0.000977,0.812500,0.812500,0.007846,0.029014,0.805672,0.008014,-0.000000
2025,0.001666,0.764648,0.764648,0.007754,0.025708,0.805672,0.008014,-0.000000
2026,0.002521,0.841797,0.841797,0.007426,0.057515,0.805672,0.008014,-0.000000
2027,0.005761,0.776367,0.776367,0.007942,0.059058,0.805672,0.008014,-0.000000
2028,0.007635,0.784766,0.784766,0.008157,0.040597,0.805672,0.008014,-0.000000
2029,0.007090,0.783203,0.783203,0.007437,0.058553,0.805672,0.008014,-0.000000
2030,-0.000902,0.790625,0.790625,0.007925,0.031196,0.805672,0.008014,-0.000000
2031,-0.000802,0.808398,0.808398,0.008236,0.018893,0.805672,0.008014,-0.000000
2032,-0.000272,0.814453,0.814453,0.007925,0.019488,0.805672,0.008014,-0.000000
2033,0.004289,0.795508,0.795508,0.007957,0.037864,0.805672,0.008014,-0.000000
2034,-0.003723,0.823242,0.823242,0.007871,0.054080,0.805672,0.008014,-0.000000
2035,0.008385,0.812500,0.812500,0.007516,0.076338,0.805672,0.008014,-0.000000
2036,0.003475,0.824219,0.824219,0.008060,0.037809,0.805672,0.008014,-0.000000
2037,0.002836,0.807617,0.807617,0.007533,0.044036,0.805672,0.008014,-0.000000
2038,0.015826,0.791016,0.791016,0.008060,0.027041,0.805672,0.008014,-0.000000
2039,0.008179,0.827148,0.827148,0.008062,0.063010,0.805672,0.008014,-0.000000
2040,0.002972,0.835938,0.835938,0.007666,0.044296,0.805672,0.008014,-0.000000
2041,0.004516,0.794922,0.794922,0.008090,0.017216,0.805672,0.008014,-0.000000
2042,-0.001570,0.815039,0.815039,0.007577,0.034439,0.805672,0.008014,-0.000000
2043,-0.020742,0.819727,0.819727,0.007816,0.023117,0.805672,0.008014,-0.000000
2044,-0.012936,0.804688,0.804688,0.008171,0.042046,0.805672,0.008014,-0.000000
2045,-0.000768,0.837305,0.837305,0.007672,0.018665,0.805672,0.008014,-0.000000
2046,0.004753,0.826172,0.826172,0.007882,0.045304,0.805672,0.008014,-0.000000
2047,-0.031421,0.760742,0.760742,0.008247,0.045020,0.805672,0.008014,-0.000000
2048,-0.010402,0.817383,0.817383,0.007756,0.024152,0.805672,0.008014,-0.000000
2049,-0.000908,0.806641,0.806641,0.008092,0.022630,0.805672,0.008014,-0.000000
2050,0.001726,0.799805,0.799805,0.007956,0.025929,0.805672,0.008014,-0.000000
2051,-0.031186,0.740234,0.740234,0.007920,0.054624,0.805672,0.008014,-0.000000
2052,0.006143,0.820312,0.820312,0.007645,0.023989,0.805672,0.008014,-0.000000
2053,0.003727,0.829102,0.829102,0.008042,0.048773,0.805672,0.008014,-0.000000
2054,0.002595,0.802734,0.802734,0.007898,0.044099,0.805672,0.008014,-0.000000
2055,-0.001985,0.813477,0.813477,0.008153,0.066257,0.805672,0.008014,-0.000000
2056,-0.030742,0.792969,0.792969,0.007992,0.065978,0.805672,0.008014,-0.000000
2057,-0.004234,0.808008,0.808008,0.007763,0.073507,0.805672,0.008014,-0.000000
2058,-0.016893,0.803516,0.803516,0.007835,0.050834,0.805672,0.008014,-0.000000
2059,-0.000228,0.829102,0.829102,0.008089,0.019923,0.805672,0.008014,-0.000000
2060,-0.003515,0.798828,0.798828,0.008200,0.019270,0.805672,0.008014,-0.000000
2061,0.000727,0.777344,0.777344,0.007582,0.018707,0.805672,0.008014,-0.000000
2062,0.016332,0.786133,0.786133,0.008091,0.041445,0.805672,0.008014,-0.000000
2063,-0.019899,0.802734,0.802734,0.007695,0.022641,0.805672,0.008014,-0.000000
2064,-0.003511,0.800781,0.800781,0.007824,0.050689,0.805672,0.008014,-0.000000
2065,-0.037010,0.778320,0.778320,0.008290,0.044613,0.805672,0.008014,-0.000000
2066,0.006919,0.784180,0.784180,0.008308,0.052825,0.805672,0.008014,-0.000000
2067,0.007016,0.833008,0.833008,0.007870,0.060528,0.805672,0.008014,-0.000000
2068,-0.013145,0.791016,0.791016,0.007697,0.044620,0.805672,0.008014,-0.000000
2069,0.002856,0.817383,0.817383,0.007860,0.037357,0.805672,0.008014,-0.000000
2070,-0.047535,0.794922,0.794922,0.008366,0.039883,0.805672,0.008014,-0.000000
2071,-0.002626,0.808984,0.808984,0.007704,0.044622,0.805672,0.008014,-0.000000
2072,0.000928,0.830078,0.830078,0.008563,0.046376,0.805672,0.008014,-0.000000
2073,0.004397,0.824609,0.824609,0.007676,0.035066,0.805672,0.008014,-0.000000
2074,-0.003300,0.802344,0.802344,0.007852,0.025975,0.805672,0.008014,-0.000000
2075,0.001116,0.781250,0.781250,0.007589,0.034498,0.805672,0.008014,-0.000000
2076,0.002344,0.772461,0.772461,0.007622,0.044812,0.805672,0.008014,-0.000000
2077,-0.001199,0.789062,0.789062,0.008074,0.038812,0.805672,0.008014,-0.000000
2078,0.002522,0.810547,0.810547,0.007917,0.043396,0.805672,0.008014,-0.000000
2079,0.003337,0.840820,0.840820,0.008115,0.043484,0.805672,0.008014,-0.000000
2080,0.002025,0.795898,0.795898,0.007275,0.045837,0.805672,0.008014,-0.000000
2081,0.000515,0.819141,0.819141,0.007637,0.024888,0.805672,0.008014,-0.000000
2082,0.007606,0.819336,0.819336,0.007696,0.028307,0.805672,0.008014,-0.000000
2083,0.001485,0.803711,0.803711,0.008341,0.025315,0.805672,0.008014,-0.000000
2084,0.001237,0.843750,0.843750,0.007808,0.023052,0.805672,0.008014,-0.000000
2085,-0.002646,0.793945,0.793945,0.008145,0.024692,0.805672,0.008014,-0.000000
2086,0.003995,0.816406,0.816406,0.007679,0.049286,0.805672,0.008014,-0.000000
2087,0.003420,0.806641,0.806641,0.008189,0.070291,0.805672,0.008014,-0.000000
2088,0.004252,0.783203,0.783203,0.007891,0.027196,0.805672,0.008014,-0.000000
2089,-0.000120,0.802734,0.802734,0.007624,0.010300,0.805672,0.008014,-0.000000
2090,0.008899,0.790039,0.790039,0.007881,0.048615,0.805672,0.008014,-0.000000
2091,0.010489,0.815430,0.815430,0.008118,0.053479,0.805672,0.008014,-0.000000
2092,0.002093,0.801758,0.801758,0.007509,0.077159,0.805672,0.008014,-0.000000
2093,0.001591,0.799805,0.799805,0.007778,0.018907,0.805672,0.008014,-0.000000
2094,0.001339,0.805273,0.805273,0.007568,0.057642,0.805672,0.008014,-0.000000
2095,0.008782,0.798828,0.798828,0.007717,0.061921,0.805672,0.008014,-0.000000
2096,0.000640,0.778320,0.778320,0.007863,0.046429,0.805672,0.008014,-0.000000
2097,0.000810,0.814453,0.814453,0.008220,0.022548,0.805672,0.008014,-0.000000
2098,0.014410,0.778320,0.778320,0.007989,0.053831,0.805672,0.008014,-0.000000
2099,-0.022618,0.816406,0.816406,0.007850,0.031002,0.805672,0.008014,-0.000000
2100,-0.001485,0.851562,0.851562,0.007698,0.016397,0.805672,0.008014,-0.000000
2101,-0.023759,0.835938,0.835938,0.007883,0.026787,0.805672,0.008014,-0.000000
2102,-0.013140,0.839844,0.839844,0.007930,0.043904,0.805672,0.008014,-0.000000
2103,-0.020008,0.791992,0.791992,0.008150,0.044412,0.805672,0.008014,-0.000000
2104,-0.005849,0.785547,0.785547,0.007511,0.036019,0.805672,0.008014,-0.000000
2105,-0.000192,0.827148,0.827148,0.008214,0.044194,0.805672,0.008014,-0.000000
2106,0.000927,0.815820,0.815820,0.007814,0.027430,0.805672,0.008014,-0.000000
2107,-0.008700,0.815430,0.815430,0.007272,0.043693,0.805672,0.008014,-0.000000
2108,0.007988,0.773047,0.773047,0.007831,0.058529,0.805672,0.008014,-0.000000
2109,0.005571,0.763672,0.763672,0.008088,0.040429,0.805672,0.008014,-0.000000
2110,-0.001307,0.838867,0.838867,0.007957,0.036748,0.805672,0.008014,-0.000000
2111,-0.029765,0.824219,0.824219,0.007793,0.021920,0.805672,0.008014,-0.000000
2112,0.010775,0.783203,0.783203,0.007736,0.044507,0.805672,0.008014,-0.000000
2113,0.002686,0.792383,0.792383,0.007815,0.034148,0.805672,0.008014,-0.000000
2114,-0.009574,0.826172,0.826172,0.007726,0.050641,0.805672,0.008014,-0.000000
2115,-0.000107,0.827148,0.827148,0.007724,0.034795,0.805672,0.008014,-0.000000
2116,0.009385,0.805664,0.805664,0.007734,0.037505,0.805672,0.008014,-0.000000
2117,-0.002389,0.803711,0.803711,0.007455,0.038441,0.805672,0.008014,-0.000000
2118,0.002219,0.814453,0.814453,0.007731,0.038340,0.805672,0.008014,-0.000000
2119,-0.000200,0.785156,0.785156,0.008176,0.010028,0.805672,0.008014,-0.000000
2120,0.000785,0.820312,0.820312,0.007607,0.039255,0.805672,0.008014,-0.000000
2121,0.001003,0.819336,0.819336,0.007961,0.019105,0.805672,0.008014,-0.000000
2122,0.002538,0.813477,0.813477,0.007825,0.031403,0.805672,0.008014,-0.000000
2123,0.017911,0.764648,0.764648,0.007429,0.039116,0.805672,0.008014,-0.000000
2124,0.000469,0.821289,0.821289,0.008097,0.022678,0.805672,0.008014,-0.000000
2125,0.002930,0.798828,0.798828,0.007879,0.028937,0.805672,0.008014,-0.000000
2126,0.001804,0.797852,0.797852,0.007943,0.023256,0.805672,0.008014,-0.000000
2127,0.002381,0.825195,0.825195,0.007629,0.039301,0.805672,0.008014,-0.000000
2128,-0.000081,0.810547,0.810547,0.008267,0.008674,0.805672,0.008014,-0.000000
2129,0.000099,0.828125,0.828125,0.007652,0.031491,0.805672,0.008014,-0.000000
2130,0.002190,0.799805,0.799805,0.007621,0.025391,0.805672,0.008014,-0.000000
2131,0.012917,0.781250,0.781250,0.008020,0.044593,0.805672,0.008014,-0.000000
2132,0.000946,0.808594,0.808594,0.008127,0.031570,0.805672,0.008014,-0.000000
2133,0.000646,0.801758,0.801758,0.007589,0.027026,0.805672,0.008014,-0.000000
2134,0.002082,0.802734,0.802734,0.007819,0.036943,0.805672,0.008014,-0.000000
2135,0.003242,0.813477,0.813477,0.008023,0.024600,0.805672,0.008014,-0.000000
2136,0.007489,0.806641,0.806641,0.008086,0.023031,0.805672,0.008014,-0.000000
2137,0.001471,0.792969,0.792969,0.008207,0.028657,0.805672,0.008014,-0.000000
2138,0.008648,0.790039,0.790039,0.008062,0.041194,0.805672,0.008014,-0.000000
2139,-0.007680,0.791992,0.791992,0.007762,0.043667,0.805672,0.008014,-0.000000
2140,-0.000792,0.792969,0.792969,0.007704,0.064893,0.805672,0.008014,-0.000000
2141,-0.021440,0.818359,0.818359,0.007688,0.047776,0.805672,0.008014,-0.000000
2142,-0.003143,0.802734,0.802734,0.008153,0.020504,0.805672,0.008014,-0.000000
2143,-0.010048,0.833008,0.833008,0.007607,0.044749,0.805672,0.008014,-0.000000
2144,0.004003,0.858789,0.858789,0.008156,0.039645,0.805672,0.008014,-0.000000
2145,0.003781,0.827148,0.827148,0.008430,0.040405,0.805672,0.008014,-0.000000
2146,0.001665,0.775391,0.775391,0.008319,0.024365,0.805672,0.008014,-0.000000
2147,0.003291,0.827148,0.827148,0.007601,0.048186,0.805672,0.008014,-0.000000
2148,0.009982,0.796875,0.796875,0.007558,0.064401,0.805672,0.008014,-0.000000
2149,0.003352,0.794922,0.794922,0.007823,0.030089,0.805672,0.008014,-0.000000
2150,-0.006935,0.817383,0.817383,0.008200,0.042337,0.805672,0.008014,-0.000000
2151,0.003782,0.802734,0.802734,0.007988,0.024127,0.805672,0.008014,-0.000000
2152,0.001545,0.803711,0.803711,0.007750,0.037840,0.805672,0.008014,-0.000000
2153,0.002447,0.855469,0.855469,0.007883,0.046136,0.805672,0.008014,-0.000000
2154,0.003866,0.874023,0.874023,0.008073,0.018593,0.805672,0.008014,-0.000000
2155,-0.015732,0.781250,0.781250,0.007915,0.035971,0.805672,0.008014,-0.000000
2156,0.000152,0.789062,0.789062,0.007794,0.019774,0.805672,0.008014,-0.000000
2157,0.005270,0.819336,0.819336,0.007753,0.032496,0.805672,0.008014,-0.000000
2158,0.003309,0.798828,0.798828,0.007970,0.034042,0.805672,0.008014,-0.000000
2159,-0.026491,0.834961,0.834961,0.008033,0.010797,0.805672,0.008014,-0.000000
2160,0.003063,0.801758,0.801758,0.008055,0.031420,0.805672,0.008014,-0.000000
2161,0.008589,0.819336,0.819336,0.007720,0.046191,0.805672,0.008014,-0.000000
2162,0.001320,0.827148,0.827148,0.007551,0.018292,0.805672,0.008014,-0.000000
2163,0.006966,0.810547,0.810547,0.007650,0.028402,0.805672,0.008014,-0.000000
2164,-0.035241,0.802734,0.802734,0.007853,0.025458,0.805672,0.008014,-0.000000
2165,0.001106,0.831055,0.831055,0.007987,0.028971,0.805672,0.008014,-0.000000
2166,-0.001030,0.835938,0.835938,0.007839,0.036340,0.805672,0.008014,-0.000000
2167,0.001368,0.814453,0.814453,0.008097,0.021200,0.805672,0.008014,-0.000000
2168,0.000146,0.833008,0.833008,0.007918,0.039673,0.805672,0.008014,-0.000000
2169,0.002587,0.818359,0.818359,0.007657,0.033626,0.805672,0.008014,-0.000000
2170,0.002192,0.830078,0.830078,0.007794,0.029139,0.805672,0.008014,-0.000000
2171,0.002476,0.798242,0.798242,0.007887,0.031051,0.805672,0.008014,-0.000000
2172,0.007412,0.837891,0.837891,0.008114,0.026762,0.805672,0.008014,-0.000000
2173,0.004470,0.826172,0.826172,0.008153,0.030310,0.805672,0.008014,-0.000000
2174,-0.002399,0.796875,0.796875,0.007826,0.047256,0.805672,0.008014,-0.000000
2175,-0.000556,0.794727,0.794727,0.007576,0.038442,0.805672,0.008014,-0.000000
2176,0.001467,0.774414,0.774414,0.008167,0.022140,0.805672,0.008014,-0.000000
2177,-0.008511,0.777344,0.777344,0.007694,0.054114,0.805672,0.008014,-0.000000
2178,0.005039,0.809570,0.809570,0.007496,0.036843,0.805672,0.008014,-0.000000
2179,0.004846,0.758789,0.758789,0.008533,0.037081,0.805672,0.008014,-0.000000
2180,-0.008689,0.830469,0.830469,0.008193,0.021559,0.805672,0.008014,-0.000000
2181,-0.002482,0.818359,0.818359,0.008294,0.051679,0.805672,0.008014,-0.000000
2182,0.016295,0.757812,0.757812,0.007911,0.036735,0.805672,0.008014,-0.000000
2183,0.001578,0.789062,0.789062,0.007745,0.025295,0.805672,0.008014,-0.000000
2184,0.000220,0.782617,0.782617,0.007482,0.024570,0.805672,0.008014,-0.000000
2185,0.007669,0.791992,0.791992,0.007807,0.021514,0.805672,0.008014,-0.000000
2186,0.007285,0.747461,0.747461,0.007836,0.010917,0.805672,0.008014,-0.000000
2187,-0.002953,0.833984,0.833984,0.007841,0.035913,0.805672,0.008014,-0.000000
2188,0.002572,0.809570,0.809570,0.008153,0.048544,0.805672,0.008014,-0.000000
2189,-0.000134,0.826172,0.826172,0.008085,0.026381,0.805672,0.008014,-0.000000
2190,0.001205,0.805664,0.805664,0.008066,0.025081,0.805672,0.008014,-0.000000
2191,-0.000081,0.806641,0.806641,0.008018,0.013296,0.805672,0.008014,-0.000000
2192,0.003598,0.806641,0.806641,0.007814,0.028861,0.805672,0.008014,-0.000000
2193,-0.023429,0.777930,0.777930,0.007877,0.046838,0.805672,0.008014,-0.000000
2194,-0.013591,0.816406,0.816406,0.007946,0.072200,0.805672,0.008014,-0.000000
2195,0.001668,0.831250,0.831250,0.007590,0.029701,0.805672,0.008014,-0.000000
2196,0.003880,0.799805,0.799805,0.007630,0.049755,0.805672,0.008014,-0.000000
2197,0.001646,0.793359,0.793359,0.008073,0.018082,0.805672,0.008014,-0.000000
2198,-0.026101,0.802734,0.802734,0.007841,0.031463,0.805672,0.008014,-0.000000
2199,0.003330,0.813477,0.813477,0.007880,0.027201,0.805672,0.008014,-0.000000
2200,-0.012058,0.802734,0.802734,0.007894,0.033975,0.805672,0.008014,-0.000000
2201,0.001160,0.799805,0.799805,0.007707,0.028875,0.805672,0.008014,-0.000000
2202,-0.018888,0.777344,0.777344,0.008128,0.018689,0.805672,0.008014,-0.000000
2203,0.006280,0.836914,0.836914,0.008122,0.065275,0.805672,0.008014,-0.000000
2204,0.001580,0.792969,0.792969,0.007550,0.032320,0.805672,0.008014,-0.000000
2205,-0.002624,0.763281,0.763281,0.008178,0.020378,0.805672,0.008014,-0.000000
2206,0.001051,0.772461,0.772461,0.007842,0.019432,0.805672,0.008014,-0.000000
2207,-0.000733,0.816406,0.816406,0.007972,0.021339,0.805672,0.008014,-0.000000
2208,-0.001773,0.805664,0.805664,0.008006,0.028177,0.805672,0.008014,-0.000000
2209,0.001451,0.829492,0.829492,0.007883,0.018719,0.805672,0.008014,-0.000000
2210,-0.015581,0.777344,0.777344,0.007756,0.028590,0.805672,0.008014,-0.000000
2211,-0.013838,0.784180,0.784180,0.007898,0.037962,0.805672,0.008014,-0.000000
2212,0.000782,0.839844,0.839844,0.008176,0.035912,0.805672,0.008014,-0.000000
2213,-0.011984,0.840820,0.840820,0.007829,0.031508,0.805672,0.008014,-0.000000
2214,-0.009898,0.784180,0.784180,0.007819,0.050879,0.805672,0.008014,-0.000000
2215,0.006090,0.791016,0.791016,0.007598,0.045388,0.805672,0.008014,-0.000000
2216,0.001582,0.811719,0.811719,0.008277,0.019224,0.805672,0.008014,-0.000000
2217,0.002194,0.814453,0.814453,0.007946,0.041266,0.805672,0.008014,-0.000000
2218,0.007760,0.776367,0.776367,0.007512,0.064557,0.805672,0.008014,-0.000000
2219,-0.012052,0.802734,0.802734,0.008490,0.073441,0.805672,0.008014,-0.000000
2220,0.001673,0.812500,0.812500,0.007904,0.022093,0.805672,0.008014,-0.000000
2221,-0.000913,0.798828,0.798828,0.007620,0.018525,0.805672,0.008014,-0.000000
2222,0.006738,0.810547,0.810547,0.008128,0.017839,0.805672,0.008014,-0.000000
2223,-0.003598,0.748047,0.748047,0.007951,0.021369,0.805672,0.008014,-0.000000
2224,0.000059,0.798828,0.798828,0.007590,0.023482,0.805672,0.008014,-0.000000
2225,0.005309,0.765625,0.765625,0.008279,0.032256,0.805672,0.008014,-0.000000
2226,-0.000476,0.777539,0.777539,0.008866,0.018634,0.805672,0.008014,-0.000000
2227,0.003536,0.787109,0.787109,0.007967,0.029717,0.805672,0.008014,-0.000000
2228,0.002092,0.799805,0.799805,0.008064,0.021153,0.805672,0.008014,-0.000000
2229,0.003013,0.836914,0.836914,0.008047,0.027060,0.805672,0.008014,-0.000000
2230,-0.020099,0.817383,0.817383,0.007738,0.051263,0.805672,0.008014,-0.000000
2231,0.001967,0.779297,0.779297,0.007614,0.016224,0.805672,0.008014,-0.000000
2232,0.010375,0.822266,0.822266,0.007888,0.044171,0.805672,0.008014,-0.000000
2233,-0.000332,0.831055,0.831055,0.007737,0.026816,0.805672,0.008014,-0.000000
2234,0.008441,0.813867,0.813867,0.008023,0.060398,0.805672,0.008014,-0.000000
2235,-0.035837,0.783203,0.783203,0.007568,0.015052,0.805672,0.008014,-0.000000
2236,-0.000813,0.803711,0.803711,0.007489,0.035476,0.805672,0.008014,-0.000000
2237,-0.000108,0.816406,0.816406,0.008054,0.009568,0.805672,0.008014,-0.000000
2238,-0.000278,0.799805,0.799805,0.007886,0.013286,0.805672,0.008014,-0.000000
2239,0.001948,0.800781,0.800781,0.007876,0.019090,0.805672,0.008014,-0.000000
2240,-0.018519,0.835938,0.835938,0.008076,0.037844,0.805672,0.008014,-0.000000
2241,0.008598,0.804688,0.804688,0.008009,0.017120,0.805672,0.008014,-0.000000
2242,0.002414,0.770508,0.770508,0.007760,0.033822,0.805672,0.008014,-0.000000
2243,0.008670,0.788086,0.788086,0.008117,0.071028,0.805672,0.008014,-0.000000
2244,0.001672,0.831055,0.831055,0.007962,0.022532,0.805672,0.008014,-0.000000
2245,0.007981,0.776367,0.776367,0.008011,0.016049,0.805672,0.008014,-0.000000
2246,0.001272,0.838867,0.838867,0.007951,0.016496,0.805672,0.008014,-0.000000
2247,0.004656,0.797852,0.797852,0.007952,0.050385,0.805672,0.008014,-0.000000
2248,0.008304,0.833008,0.833008,0.007327,0.049589,0.805672,0.008014,-0.000000
2249,-0.003928,0.820312,0.820312,0.008012,0.044694,0.805672,0.008014,-0.000000
2250,0.003556,0.793945,0.793945,0.008180,0.043800,0.805672,0.008014,-0.000000
2251,0.001886,0.812500,0.812500,0.008056,0.015612,0.805672,0.008014,-0.000000
2252,0.005159,0.797461,0.797461,0.007576,0.037581,0.805672,0.008014,-0.000000
2253,-0.000767,0.811328,0.811328,0.008047,0.034216,0.805672,0.008014,-0.000000
2254,0.002740,0.795898,0.795898,0.008124,0.042099,0.805672,0.008014,-0.000000
2255,0.005320,0.771484,0.771484,0.007444,0.052810,0.805672,0.008014,-0.000000
2256,0.005986,0.785742,0.785742,0.008066,0.030768,0.805672,0.008014,-0.000000
2257,-0.012056,0.808008,0.808008,0.007666,0.051060,0.805672,0.008014,-0.000000
2258,-0.001069,0.822852,0.822852,0.008332,0.049046,0.805672,0.008014,-0.000000
2259,0.003302,0.783203,0.783203,0.007934,0.042618,0.805672,0.008014,-0.000000
2260,0.006603,0.790039,0.790039,0.007842,0.016972,0.805672,0.008014,-0.000000
2261,-0.003384,0.835938,0.835938,0.007705,0.024452,0.805672,0.008014,-0.000000
2262,0.000457,0.806641,0.806641,0.007985,0.022377,0.805672,0.008014,-0.000000
2263,0.008426,0.790039,0.790039,0.007811,0.054228,0.805672,0.008014,-0.000000
2264,-0.001985,0.788086,0.788086,0.007885,0.033437,0.805672,0.008014,-0.000000
2265,-0.007720,0.842773,0.842773,0.008154,0.058424,0.805672,0.008014,-0.000000
2266,-0.002035,0.830078,0.830078,0.007861,0.036116,0.805672,0.008014,-0.000000
2267,0.003056,0.802734,0.802734,0.008049,0.035041,0.805672,0.008014,-0.000000
2268,-0.005119,0.812500,0.812500,0.007697,0.051042,0.805672,0.008014,-0.000000
2269,0.003081,0.805664,0.805664,0.008096,0.031803,0.805672,0.008014,-0.000000
2270,-0.006186,0.756836,0.756836,0.007896,0.024707,0.805672,0.008014,-0.000000
2271,-0.002969,0.823828,0.823828,0.007666,0.036843,0.805672,0.008014,-0.000000
2272,0.010051,0.786133,0.786133,0.007784,0.028358,0.805672,0.008014,-0.000000
2273,-0.009018,0.835938,0.835938,0.007864,0.048101,0.805672,0.008014,-0.000000
2274,-0.007115,0.767578,0.767578,0.008072,0.017983,0.805672,0.008014,-0.000000
2275,-0.018615,0.816406,0.816406,0.007943,0.047834,0.805672,0.008014,-0.000000
2276,-0.004909,0.783203,0.783203,0.007710,0.024382,0.805672,0.008014,-0.000000
2277,-0.029364,0.802734,0.802734,0.007839,0.035848,0.805672,0.008014,-0.000000
2278,0.002091,0.796875,0.796875,0.007940,0.021787,0.805672,0.008014,-0.000000
2279,0.000687,0.818359,0.818359,0.007777,0.022964,0.805672,0.008014,-0.000000
2280,0.003777,0.789062,0.789062,0.007992,0.031615,0.805672,0.008014,-0.000000
2281,0.005856,0.783203,0.783203,0.007947,0.042482,0.805672,0.008014,-0.000000
2282,0.001917,0.833984,0.833984,0.008012,0.038245,0.805672,0.008014,-0.000000
2283,-0.000069,0.807617,0.807617,0.007917,0.012827,0.805672,0.008014,-0.000000
2284,0.000638,0.793945,0.793945,0.008003,0.016880,0.805672,0.008014,-0.000000
2285,-0.018219,0.807617,0.807617,0.007937,0.063462,0.805672,0.008014,-0.000000
2286,-0.000148,0.787500,0.787500,0.008161,0.011224,0.805672,0.008014,-0.000000
2287,0.002467,0.821289,0.821289,0.007774,0.035201,0.805672,0.008014,-0.000000
2288,0.000895,0.749023,0.749023,0.007705,0.016764,0.805672,0.008014,-0.000000
2289,0.001924,0.830078,0.830078,0.007525,0.041569,0.805672,0.008014,-0.000000
2290,-0.019297,0.830078,0.830078,0.007889,0.031531,0.805672,0.008014,-0.000000
2291,0.001484,0.801758,0.801758,0.007941,0.044571,0.805672,0.008014,-0.000000
2292,0.001906,0.840820,0.840820,0.007705,0.040526,0.805672,0.008014,-0.000000
2293,-0.012733,0.772461,0.772461,0.007818,0.030264,0.805672,0.008014,-0.000000
2294,0.001203,0.787109,0.787109,0.007795,0.031347,0.805672,0.008014,-0.000000
2295,0.007430,0.779492,0.779492,0.008099,0.017134,0.805672,0.008014,-0.000000
2296,0.001888,0.808594,0.808594,0.007962,0.018314,0.805672,0.008014,-0.000000
2297,0.000326,0.799805,0.799805,0.007690,0.024088,0.805672,0.008014,-0.000000
2298,0.008944,0.802148,0.802148,0.008242,0.026700,0.805672,0.008014,-0.000000
2299,0.001044,0.804688,0.804688,0.007792,0.031713,0.805672,0.008014,-0.000000
2300,0.004710,0.795898,0.795898,0.008209,0.027832,0.805672,0.008014,-0.000000
2301,-0.002216,0.842773,0.842773,0.007903,0.015653,0.805672,0.008014,-0.000000
2302,-0.000315,0.797852,0.797852,0.007920,0.037454,0.805672,0.008014,-0.000000
2303,0.001820,0.787305,0.787305,0.007627,0.043572,0.805672,0.008014,-0.000000
2304,-0.012406,0.839844,0.839844,0.007769,0.039478,0.805672,0.008014,-0.000000
2305,-0.000325,0.800781,0.800781,0.008041,0.013395,0.805672,0.008014,-0.000000
2306,-0.000969,0.826172,0.826172,0.007799,0.026708,0.805672,0.008014,-0.000000
2307,0.003522,0.792969,0.792969,0.008291,0.028404,0.805672,0.008014,-0.000000
2308,-0.000692,0.809570,0.809570,0.007745,0.034558,0.805672,0.008014,-0.000000
2309,-0.000817,0.793945,0.793945,0.008001,0.032646,0.805672,0.008014,-0.000000
2310,0.008166,0.810938,0.810938,0.008022,0.027194,0.805672,0.008014,-0.000000
2311,0.004254,0.798828,0.798828,0.007996,0.028515,0.805672,0.008014,-0.000000
2312,-0.019355,0.778320,0.778320,0.007512,0.022462,0.805672,0.008014,-0.000000
2313,0.004446,0.767578,0.767578,0.007828,0.035068,0.805672,0.008014,-0.000000
2314,-0.028479,0.821875,0.821875,0.007889,0.028581,0.805672,0.008014,-0.000000
2315,-0.000381,0.816406,0.816406,0.008024,0.022355,0.805672,0.008014,-0.000000
2316,0.002165,0.853125,0.853125,0.007785,0.029072,0.805672,0.008014,-0.000000
2317,0.001836,0.795898,0.795898,0.008124,0.017637,0.805672,0.008014,-0.000000
2318,0.004093,0.824805,0.824805,0.008122,0.020654,0.805672,0.008014,-0.000000
2319,-0.010728,0.786133,0.786133,0.008101,0.033908,0.805672,0.008014,-0.000000
2320,0.006899,0.788086,0.788086,0.007692,0.019324,0.805672,0.008014,-0.000000
2321,-0.016508,0.767578,0.767578,0.008152,0.033503,0.805672,0.008014,-0.000000
2322,0.003088,0.813477,0.813477,0.007763,0.038566,0.805672,0.008014,-0.000000
2323,0.008005,0.799805,0.799805,0.007903,0.042055,0.805672,0.008014,-0.000000
2324,0.006504,0.796289,0.796289,0.007907,0.043199,0.805672,0.008014,-0.000000
2325,0.009582,0.793945,0.793945,0.008265,0.041075,0.805672,0.008014,-0.000000
2326,0.004723,0.814453,0.814453,0.007966,0.043754,0.805672,0.008014,-0.000000
2327,-0.001129,0.813477,0.813477,0.007706,0.039725,0.805672,0.008014,-0.000000
2328,-0.000968,0.809570,0.809570,0.007647,0.028988,0.805672,0.008014,-0.000000
2329,-0.002251,0.793945,0.793945,0.008124,0.032160,0.805672,0.008014,-0.000000
2330,-0.000029,0.831055,0.831055,0.008404,0.027723,0.805672,0.008014,-0.000000
2331,-0.000209,0.795898,0.795898,0.008376,0.012072,0.805672,0.008014,-0.000000
2332,0.002090,0.823242,0.823242,0.007758,0.051416,0.805672,0.008014,-0.000000
2333,-0.000100,0.771875,0.771875,0.007597,0.029874,0.805672,0.008014,-0.000000
2334,-0.000907,0.794922,0.794922,0.007770,0.024917,0.805672,0.008014,-0.000000
2335,-0.002175,0.798828,0.798828,0.007565,0.031589,0.805672,0.008014,-0.000000
2336,-0.000792,0.806641,0.806641,0.008138,0.018820,0.805672,0.008014,-0.000000
2337,0.006370,0.847656,0.847656,0.007911,0.037676,0.805672,0.008014,-0.000000
2338,0.005679,0.804688,0.804688,0.007539,0.036335,0.805672,0.008014,-0.000000
2339,0.000594,0.826172,0.826172,0.007624,0.027626,0.805672,0.008014,-0.000000
2340,0.000171,0.804688,0.804688,0.008165,0.055897,0.805672,0.008014,-0.000000
2341,0.006044,0.794922,0.794922,0.007909,0.045787,0.805672,0.008014,-0.000000
2342,0.002736,0.825195,0.825195,0.007905,0.046951,0.805672,0.008014,-0.000000
2343,0.001210,0.774414,0.774414,0.007891,0.045381,0.805672,0.008014,-0.000000
2344,0.006660,0.753906,0.753906,0.008234,0.040577,0.805672,0.008014,-0.000000
2345,-0.001784,0.836914,0.836914,0.007867,0.025223,0.805672,0.008014,-0.000000
2346,0.002656,0.803711,0.803711,0.007809,0.033892,0.805672,0.008014,-0.000000
2347,-0.017321,0.802344,0.802344,0.007963,0.023996,0.805672,0.008014,-0.000000
2348,0.003413,0.777344,0.777344,0.007831,0.037100,0.805672,0.008014,-0.000000
2349,0.007531,0.786133,0.786133,0.008389,0.035983,0.805672,0.008014,-0.000000
2350,0.003047,0.803711,0.803711,0.007721,0.033252,0.805672,0.008014,-0.000000
2351,0.000347,0.814453,0.814453,0.007798,0.042767,0.805672,0.008014,-0.000000
2352,0.003833,0.792969,0.792969,0.007841,0.037342,0.805672,0.008014,-0.000000
2353,0.000429,0.861328,0.861328,0.007661,0.054856,0.805672,0.008014,-0.000000
2354,0.004034,0.784180,0.784180,0.007891,0.034190,0.805672,0.008014,-0.000000
2355,0.003528,0.820312,0.820312,0.007809,0.077041,0.805672,0.008014,-0.000000
2356,0.003282,0.805664,0.805664,0.007890,0.016830,0.805672,0.008014,-0.000000
2357,0.000540,0.814453,0.814453,0.007774,0.039143,0.805672,0.008014,-0.000000
2358,0.002065,0.813477,0.813477,0.008114,0.027698,0.805672,0.008014,-0.000000
2359,0.003924,0.795898,0.795898,0.007412,0.021122,0.805672,0.008014,-0.000000
2360,0.004611,0.859375,0.859375,0.007823,0.057469,0.805672,0.008014,-0.000000
2361,-0.002010,0.828711,0.828711,0.007514,0.039529,0.805672,0.008014,-0.000000
2362,-0.002608,0.861328,0.861328,0.007947,0.036050,0.805672,0.008014,-0.000000
2363,0.001832,0.844727,0.844727,0.007885,0.030497,0.805672,0.008014,-0.000000
2364,0.000032,0.842773,0.842773,0.007798,0.023397,0.805672,0.008014,-0.000000
2365,-0.007957,0.794922,0.794922,0.007743,0.019268,0.805672,0.008014,-0.000000
2366,0.002798,0.859375,0.859375,0.007901,0.026927,0.805672,0.008014,-0.000000
2367,0.001014,0.824219,0.824219,0.007448,0.036812,0.805672,0.008014,-0.000000
2368,-0.003972,0.798828,0.798828,0.008368,0.020872,0.805672,0.008014,-0.000000
2369,0.002680,0.826172,0.826172,0.008232,0.030836,0.805672,0.008014,-0.000000
2370,-0.017114,0.791992,0.791992,0.007819,0.063572,0.805672,0.008014,-0.000000
2371,0.002153,0.828125,0.828125,0.007824,0.040927,0.805672,0.008014,-0.000000
2372,-0.002088,0.826172,0.826172,0.007549,0.042754,0.805672,0.008014,-0.000000
2373,0.004402,0.817383,0.817383,0.007697,0.047330,0.805672,0.008014,-0.000000
2374,0.001017,0.809570,0.809570,0.007836,0.041489,0.805672,0.008014,-0.000000
2375,-0.000352,0.831055,0.831055,0.008282,0.028645,0.805672,0.008014,-0.000000
2376,-0.025380,0.814453,0.814453,0.008227,0.026123,0.805672,0.008014,-0.000000
2377,-0.001179,0.798828,0.798828,0.007890,0.033309,0.805672,0.008014,-0.000000
2378,-0.001021,0.812500,0.812500,0.007815,0.033411,0.805672,0.008014,-0.000000
2379,-0.003453,0.780273,0.780273,0.007736,0.071316,0.805672,0.008014,-0.000000
2380,0.003917,0.788086,0.788086,0.008115,0.030435,0.805672,0.008014,-0.000000
2381,-0.007959,0.795898,0.795898,0.007528,0.058615,0.805672,0.008014,-0.000000
2382,0.006400,0.833008,0.833008,0.007546,0.058424,0.805672,0.008014,-0.000000
2383,-0.000132,0.787109,0.787109,0.008163,0.061371,0.805672,0.008014,-0.000000
2384,0.006030,0.811523,0.811523,0.008112,0.022633,0.805672,0.008014,-0.000000
2385,0.000835,0.825195,0.825195,0.007851,0.032607,0.805672,0.008014,-0.000000
2386,0.010119,0.827148,0.827148,0.007700,0.066498,0.805672,0.008014,-0.000000
2387,0.011217,0.786133,0.786133,0.007679,0.044451,0.805672,0.008014,-0.000000
2388,-0.009308,0.829102,0.829102,0.007574,0.058777,0.805672,0.008014,-0.000000
2389,0.006813,0.777344,0.777344,0.007530,0.061341,0.805672,0.008014,-0.000000
2390,-0.000188,0.822266,0.822266,0.007751,0.013506,0.805672,0.008014,-0.000000
2391,-0.000031,0.803711,0.803711,0.008373,0.012484,0.805672,0.008014,-0.000000
2392,0.009006,0.803711,0.803711,0.008005,0.034057,0.805672,0.008014,-0.000000
2393,0.001635,0.798828,0.798828,0.007864,0.043291,0.805672,0.008014,-0.000000
2394,-0.022669,0.798828,0.798828,0.008080,0.015292,0.805672,0.008014,-0.000000
2395,0.012137,0.775391,0.775391,0.008537,0.044855,0.805672,0.008014,-0.000000
2396,0.000864,0.848633,0.848633,0.007611,0.028708,0.805672,0.008014,-0.000000
2397,0.011114,0.817383,0.817383,0.007906,0.072129,0.805672,0.008014,-0.000000
2398,-0.000547,0.795898,0.795898,0.008153,0.037926,0.805672,0.008014,-0.000000
2399,-0.003439,0.789062,0.789062,0.008110,0.022452,0.805672,0.008014,-0.000000
2400,-0.001782,0.823242,0.823242,0.007587,0.037735,0.805672,0.008014,-0.000000
2401,-0.003568,0.795898,0.795898,0.008058,0.039374,0.805672,0.008014,-0.000000
2402,0.002619,0.776758,0.776758,0.008107,0.060694,0.805672,0.008014,-0.000000
2403,-0.024222,0.789062,0.789062,0.007796,0.038695,0.805672,0.008014,-0.000000
2404,0.003968,0.830078,0.830078,0.007671,0.046915,0.805672,0.008014,-0.000000
2405,0.001630,0.812500,0.812500,0.007741,0.035803,0.805672,0.008014,-0.000000
2406,0.002190,0.827148,0.827148,0.008529,0.051584,0.805672,0.008014,-0.000000
2407,0.001317,0.823242,0.823242,0.007579,0.028164,0.805672,0.008014,-0.000000
2408,-0.000671,0.802148,0.802148,0.008141,0.043001,0.805672,0.008014,-0.000000
2409,0.005180,0.791016,0.791016,0.007562,0.053504,0.805672,0.008014,-0.000000
2410,-0.001803,0.792969,0.792969,0.007952,0.024492,0.805672,0.008014,-0.000000
2411,-0.000800,0.790039,0.790039,0.008061,0.023985,0.805672,0.008014,-0.000000
2412,-0.006081,0.805664,0.805664,0.008243,0.064509,0.805672,0.008014,-0.000000
2413,0.009475,0.779297,0.779297,0.008101,0.025893,0.805672,0.008014,-0.000000
2414,-0.011540,0.810547,0.810547,0.007805,0.032161,0.805672,0.008014,-0.000000
2415,0.005598,0.855469,0.855469,0.007548,0.061514,0.805672,0.008014,-0.000000
2416,0.003967,0.788477,0.788477,0.007889,0.041228,0.805672,0.008014,-0.000000
2417,-0.003202,0.816406,0.816406,0.007633,0.038978,0.805672,0.008014,-0.000000
2418,-0.024520,0.825195,0.825195,0.007882,0.039545,0.805672,0.008014,-0.000000
2419,0.002141,0.802734,0.802734,0.007579,0.036321,0.805672,0.008014,-0.000000
2420,0.006204,0.799805,0.799805,0.008075,0.047341,0.805672,0.008014,-0.000000
2421,0.016295,0.776367,0.776367,0.008019,0.028196,0.805672,0.008014,-0.000000
2422,0.004764,0.840820,0.840820,0.008034,0.046661,0.805672,0.008014,-0.000000
2423,0.007791,0.821289,0.821289,0.007660,0.046599,0.805672,0.008014,-0.000000
2424,0.001645,0.774414,0.774414,0.008202,0.020206,0.805672,0.008014,-0.000000
2425,0.003857,0.780273,0.780273,0.007689,0.040541,0.805672,0.008014,-0.000000
2426,0.002112,0.798828,0.798828,0.007537,0.041232,0.805672,0.008014,-0.000000
2427,0.002489,0.815430,0.815430,0.007791,0.027896,0.805672,0.008014,-0.000000
2428,-0.011643,0.820312,0.820312,0.007774,0.047765,0.805672,0.008014,-0.000000
2429,0.000340,0.803711,0.803711,0.007977,0.018596,0.805672,0.008014,-0.000000
2430,0.004778,0.797852,0.797852,0.007993,0.035789,0.805672,0.008014,-0.000000
2431,0.002030,0.822266,0.822266,0.008189,0.017149,0.805672,0.008014,-0.000000
2432,0.000563,0.775391,0.775391,0.008526,0.033643,0.805672,0.008014,-0.000000
2433,0.005299,0.809570,0.809570,0.007805,0.019555,0.805672,0.008014,-0.000000
2434,0.002780,0.821289,0.821289,0.007831,0.031234,0.805672,0.008014,-0.000000
2435,0.002079,0.836914,0.836914,0.007665,0.058787,0.805672,0.008014,-0.000000
2436,0.001519,0.785547,0.785547,0.007938,0.027924,0.805672,0.008014,-0.000000
2437,-0.000697,0.805664,0.805664,0.007794,0.039982,0.805672,0.008014,-0.000000
2438,-0.020968,0.827539,0.827539,0.008149,0.015512,0.805672,0.008014,-0.000000
2439,-0.009784,0.791016,0.791016,0.007845,0.065285,0.805672,0.008014,-0.000000
2440,-0.007808,0.789062,0.789062,0.007710,0.028907,0.805672,0.008014,-0.000000
2441,-0.029822,0.785156,0.785156,0.007754,0.043620,0.805672,0.008014,-0.000000
2442,-0.006229,0.780859,0.780859,0.008311,0.025576,0.805672,0.008014,-0.000000
2443,-0.022152,0.814453,0.814453,0.007423,0.039631,0.805672,0.008014,-0.000000
2444,0.005283,0.800781,0.800781,0.008120,0.046985,0.805672,0.008014,-0.000000
2445,0.005995,0.808594,0.808594,0.007826,0.039660,0.805672,0.008014,-0.000000
2446,0.009009,0.778320,0.778320,0.007385,0.035671,0.805672,0.008014,-0.000000
2447,0.010145,0.790039,0.790039,0.008139,0.038450,0.805672,0.008014,-0.000000
2448,-0.002062,0.758398,0.758398,0.007942,0.019793,0.805672,0.008014,-0.000000
2449,-0.005685,0.791992,0.791992,0.007891,0.055168,0.805672,0.008014,-0.000000
2450,0.003896,0.794922,0.794922,0.008149,0.041316,0.805672,0.008014,-0.000000
2451,-0.000928,0.805859,0.805859,0.007947,0.025900,0.805672,0.008014,-0.000000
2452,-0.012548,0.838867,0.838867,0.007941,0.040248,0.805672,0.008014,-0.000000
2453,0.001789,0.832031,0.832031,0.007711,0.031667,0.805672,0.008014,-0.000000
2454,0.005914,0.792969,0.792969,0.007891,0.039591,0.805672,0.008014,-0.000000
2455,-0.004410,0.829102,0.829102,0.008054,0.042601,0.805672,0.008014,-0.000000
2456,0.003953,0.815430,0.815430,0.007684,0.055234,0.805672,0.008014,-0.000000
2457,-0.000485,0.823242,0.823242,0.007871,0.040152,0.805672,0.008014,-0.000000
2458,-0.016227,0.813477,0.813477,0.007711,0.031163,0.805672,0.008014,-0.000000
2459,0.007577,0.830469,0.830469,0.007772,0.027613,0.805672,0.008014,-0.000000
2460,0.012751,0.793359,0.793359,0.007857,0.062479,0.805672,0.008014,-0.000000
2461,0.001792,0.815430,0.815430,0.007932,0.032255,0.805672,0.008014,-0.000000
2462,0.000230,0.808594,0.808594,0.008112,0.030793,0.805672,0.008014,-0.000000
2463,-0.000010,0.788672,0.788672,0.007858,0.022358,0.805672,0.008014,-0.000000
2464,-0.000250,0.814453,0.814453,0.007816,0.012688,0.805672,0.008014,-0.000000
2465,-0.009782,0.843750,0.843750,0.007940,0.042123,0.805672,0.008014,-0.000000
2466,-0.027781,0.750000,0.750000,0.007793,0.041750,0.805672,0.008014,-0.000000
2467,0.005899,0.785156,0.785156,0.007808,0.069452,0.805672,0.008014,-0.000000
2468,-0.004647,0.808594,0.808594,0.007911,0.048726,0.805672,0.008014,-0.000000
2469,0.002584,0.802734,0.802734,0.008118,0.028639,0.805672,0.008014,-0.000000
2470,0.008941,0.790039,0.790039,0.007816,0.035764,0.805672,0.008014,-0.000000
2471,-0.006222,0.813477,0.813477,0.008138,0.035709,0.805672,0.008014,-0.000000
2472,0.001640,0.784180,0.784180,0.008077,0.024030,0.805672,0.008014,-0.000000
2473,0.002909,0.814453,0.814453,0.007589,0.067732,0.805672,0.008014,-0.000000
2474,-0.020274,0.781250,0.781250,0.007606,0.042979,0.805672,0.008014,-0.000000
2475,-0.004091,0.774414,0.774414,0.007965,0.043625,0.805672,0.008014,-0.000000
2476,-0.015817,0.798828,0.798828,0.007902,0.049555,0.805672,0.008014,-0.000000
2477,-0.000943,0.790039,0.790039,0.007833,0.019631,0.805672,0.008014,-0.000000
2478,-0.037453,0.849023,0.849023,0.007639,0.049176,0.805672,0.008014,-0.000000
2479,0.005204,0.798828,0.798828,0.007894,0.057672,0.805672,0.008014,-0.000000
2480,-0.023424,0.820312,0.820312,0.007850,0.025224,0.805672,0.008014,-0.000000
2481,0.002575,0.817383,0.817383,0.007879,0.036647,0.805672,0.008014,-0.000000
2482,-0.001267,0.821680,0.821680,0.007725,0.024691,0.805672,0.008014,-0.000000
2483,0.000707,0.826172,0.826172,0.008062,0.017855,0.805672,0.008014,-0.000000
2484,0.000649,0.775391,0.775391,0.008238,0.018901,0.805672,0.008014,-0.000000
2485,-0.000124,0.774414,0.774414,0.008374,0.014490,0.805672,0.008014,-0.000000
2486,-0.013766,0.843750,0.843750,0.007810,0.052130,0.805672,0.008014,-0.000000
2487,0.001924,0.817383,0.817383,0.008019,0.016586,0.805672,0.008014,-0.000000
2488,0.000715,0.802734,0.802734,0.007771,0.021472,0.805672,0.008014,-0.000000
2489,-0.002755,0.796875,0.796875,0.008364,0.016585,0.805672,0.008014,-0.000000
2490,0.004390,0.827148,0.827148,0.008082,0.020198,0.805672,0.008014,-0.000000
2491,-0.000011,0.809570,0.809570,0.008231,0.007363,0.805672,0.008014,-0.000000
2492,0.007020,0.815430,0.815430,0.007836,0.043258,0.805672,0.008014,-0.000000
2493,0.001180,0.834961,0.834961,0.007916,0.019918,0.805672,0.008014,-0.000000
2494,0.007414,0.787109,0.787109,0.007557,0.077589,0.805672,0.008014,-0.000000
2495,-0.001283,0.789062,0.789062,0.007637,0.027063,0.805672,0.008014,-0.000000
2496,-0.026438,0.853906,0.853906,0.007766,0.021324,0.805672,0.008014,-0.000000
2497,0.001496,0.827148,0.827148,0.007948,0.023902,0.805672,0.008014,-0.000000
2498,0.000517,0.809570,0.809570,0.008082,0.019031,0.805672,0.008014,-0.000000
2499,-0.000542,0.830664,0.830664,0.008414,0.017838,0.805672,0.008014,-0.000000
2500,-0.000445,0.820312,0.820312,0.007920,0.024634,0.805581,0.008011,0.008667
2501,-0.002814,0.774414,0.774414,0.008102,0.058219,0.805581,0.008011,0.008667
2502,0.004537,0.815234,0.815234,0.008163,0.021155,0.805581,0.008011,0.008667
2503,-0.001002,0.810547,0.810547,0.007882,0.021129,0.805581,0.008011,0.008667
2504,0.006112,0.819336,0.819336,0.007909,0.044987,0.805581,0.008011,0.008667
2505,0.004633,0.802734,0.802734,0.007750,0.039635,0.805581,0.008011,0.008667
2506,0.002722,0.818359,0.818359,0.007902,0.045598,0.805581,0.008011,0.008667
2507,-0.008786,0.813477,0.813477,0.007866,0.050984,0.805581,0.008011,0.008667
2508,-0.004343,0.756836,0.756836,0.007932,0.040770,0.805581,0.008011,0.008667
2509,0.002265,0.767578,0.767578,0.007728,0.024817,0.805581,0.008011,0.008667
2510,-0.013336,0.778320,0.778320,0.007538,0.048016,0.805581,0.008011,0.008667
2511,0.001194,0.791016,0.791016,0.008159,0.022080,0.805581,0.008011,0.008667
2512,-0.004619,0.782227,0.782227,0.008236,0.022885,0.805581,0.008011,0.008667
2513,-0.017037,0.800781,0.800781,0.007497,0.044739,0.805581,0.008011,0.008667
2514,0.007127,0.781250,0.781250,0.008159,0.043777,0.805581,0.008011,0.008667
2515,0.000553,0.819336,0.819336,0.007900,0.016633,0.805581,0.008011,0.008667
2516,0.002926,0.834961,0.834961,0.007911,0.031641,0.805581,0.008011,0.008667
2517,0.002065,0.820312,0.820312,0.007865,0.029967,0.805581,0.008011,0.008667
2518,-0.002858,0.797852,0.797852,0.007916,0.062525,0.805581,0.008011,0.008667
2519,0.003743,0.810547,0.810547,0.007859,0.034572,0.805581,0.008011,0.008667
2520,0.005700,0.808594,0.808594,0.008078,0.033649,0.805581,0.008011,0.008667
2521,0.002240,0.806641,0.806641,0.008012,0.014522,0.805581,0.008011,0.008667
2522,-0.000367,0.809570,0.809570,0.007861,0.033260,0.805581,0.008011,0.008667
2523,0.006097,0.812500,0.812500,0.007525,0.051098,0.805581,0.008011,0.008667
2524,0.012143,0.793945,0.793945,0.008311,0.021679,0.805581,0.008011,0.008667
2525,-0.005206,0.822266,0.822266,0.007923,0.030712,0.805581,0.008011,0.008667
2526,0.004276,0.811523,0.811523,0.008543,0.021728,0.805581,0.008011,0.008667
2527,0.000028,0.791992,0.791992,0.008045,0.007214,0.805581,0.008011,0.008667
2528,0.004223,0.781836,0.781836,0.008059,0.045916,0.805581,0.008011,0.008667
2529,0.002531,0.773438,0.773438,0.007993,0.031259,0.805581,0.008011,0.008667
2530,0.011317,0.789062,0.789062,0.007992,0.027572,0.805581,0.008011,0.008667
2531,0.001154,0.837695,0.837695,0.008067,0.031715,0.805581,0.008011,0.008667
2532,0.002290,0.816406,0.816406,0.007653,0.030316,0.805581,0.008011,0.008667
2533,0.004344,0.823242,0.823242,0.007939,0.038962,0.805581,0.008011,0.008667
2534,-0.006581,0.782227,0.782227,0.008024,0.022840,0.805581,0.008011,0.008667
2535,-0.015075,0.800781,0.800781,0.007407,0.034475,0.805581,0.008011,0.008667
2536,-0.007328,0.826172,0.826172,0.007760,0.065364,0.805581,0.008011,0.008667
2537,0.002878,0.810547,0.810547,0.007889,0.030156,0.805581,0.008011,0.008667
2538,0.001154,0.823242,0.823242,0.007525,0.078104,0.805581,0.008011,0.008667
2539,0.001191,0.795898,0.795898,0.007796,0.039060,0.805581,0.008011,0.008667
2540,-0.007483,0.792578,0.792578,0.008386,0.027058,0.805581,0.008011,0.008667
2541,0.002776,0.810938,0.810938,0.007934,0.028840,0.805581,0.008011,0.008667
2542,0.003381,0.811523,0.811523,0.007532,0.042870,0.805581,0.008011,0.008667
2543,0.003139,0.835938,0.835938,0.008014,0.038441,0.805581,0.008011,0.008667
2544,0.004319,0.800781,0.800781,0.008448,0.033947,0.805581,0.008011,0.008667
2545,0.003839,0.802148,0.802148,0.008252,0.027297,0.805581,0.008011,0.008667
2546,-0.005593,0.833008,0.833008,0.008145,0.020743,0.805581,0.008011,0.008667
2547,0.002317,0.809570,0.809570,0.007814,0.025073,0.805581,0.008011,0.008667
2548,0.001595,0.813477,0.813477,0.007543,0.017477,0.805581,0.008011,0.008667
2549,0.013734,0.798828,0.798828,0.008568,0.032629,0.805581,0.008011,0.008667
2550,0.002756,0.777539,0.777539,0.007908,0.035213,0.805581,0.008011,0.008667
2551,0.003920,0.802734,0.802734,0.007650,0.034144,0.805581,0.008011,0.008667
2552,0.004100,0.837891,0.837891,0.008309,0.031106,0.805581,0.008011,0.008667
2553,0.003930,0.800781,0.800781,0.007824,0.023353,0.805581,0.008011,0.008667
2554,0.006554,0.798828,0.798828,0.007598,0.015717,0.805581,0.008011,0.008667
2555,-0.004413,0.828125,0.828125,0.007732,0.033285,0.805581,0.008011,0.008667
2556,0.005455,0.801758,0.801758,0.008158,0.041654,0.805581,0.008011,0.008667
2557,-0.000135,0.791992,0.791992,0.007887,0.020973,0.805581,0.008011,0.008667
2558,-0.002905,0.829102,0.829102,0.007805,0.068745,0.805581,0.008011,0.008667
2559,-0.007906,0.822266,0.822266,0.007987,0.036591,0.805581,0.008011,0.008667
2560,-0.000059,0.821289,0.821289,0.007792,0.005830,0.805581,0.008011,0.008667
2561,0.000783,0.802734,0.802734,0.008026,0.023807,0.805581,0.008011,0.008667
2562,0.000690,0.784180,0.784180,0.008025,0.020856,0.805581,0.008011,0.008667
2563,0.007685,0.780273,0.780273,0.008142,0.042188,0.805581,0.008011,0.008667
2564,-0.005491,0.782227,0.782227,0.007891,0.038014,0.805581,0.008011,0.008667
2565,0.004087,0.757227,0.757227,0.007944,0.032134,0.805581,0.008011,0.008667
2566,0.001172,0.836914,0.836914,0.007608,0.054784,0.805581,0.008011,0.008667
2567,-0.028099,0.791016,0.791016,0.007746,0.031525,0.805581,0.008011,0.008667
2568,0.003886,0.792969,0.792969,0.007895,0.025239,0.805581,0.008011,0.008667
2569,0.011927,0.804297,0.804297,0.007409,0.043357,0.805581,0.008011,0.008667
2570,-0.000597,0.803711,0.803711,0.007927,0.013504,0.805581,0.008011,0.008667
2571,0.002737,0.808594,0.808594,0.007911,0.037058,0.805581,0.008011,0.008667
2572,0.001223,0.800781,0.800781,0.007704,0.030673,0.805581,0.008011,0.008667
2573,0.000517,0.831055,0.831055,0.007790,0.014576,0.805581,0.008011,0.008667
2574,0.000784,0.793750,0.793750,0.008007,0.026498,0.805581,0.008011,0.008667
2575,-0.000784,0.847656,0.847656,0.008050,0.061343,0.805581,0.008011,0.008667
2576,0.003187,0.777344,0.777344,0.008211,0.032706,0.805581,0.008011,0.008667
2577,0.005673,0.850586,0.850586,0.008035,0.046276,0.805581,0.008011,0.008667
2578,0.005376,0.818359,0.818359,0.007774,0.041770,0.805581,0.008011,0.008667
2579,0.001476,0.813477,0.813477,0.008370,0.015999,0.805581,0.008011,0.008667
2580,-0.007331,0.818359,0.818359,0.007597,0.024578,0.805581,0.008011,0.008667
2581,-0.000907,0.804688,0.804688,0.007999,0.052494,0.805581,0.008011,0.008667
2582,0.003323,0.817383,0.817383,0.007549,0.023101,0.805581,0.008011,0.008667
2583,0.002994,0.822266,0.822266,0.007768,0.025150,0.805581,0.008011,0.008667
2584,0.003258,0.801758,0.801758,0.008044,0.028786,0.805581,0.008011,0.008667
2585,0.004135,0.787305,0.787305,0.007864,0.031612,0.805581,0.008011,0.008667
2586,0.000017,0.775391,0.775391,0.007516,0.010273,0.805581,0.008011,0.008667
2587,-0.026154,0.818359,0.818359,0.007371,0.055016,0.805581,0.008011,0.008667
2588,0.004625,0.824219,0.824219,0.008052,0.042243,0.805581,0.008011,0.008667
2589,0.000744,0.816406,0.816406,0.008015,0.025198,0.805581,0.008011,0.008667
2590,0.001315,0.824414,0.824414,0.007967,0.017032,0.805581,0.008011,0.008667
2591,-0.007074,0.821289,0.821289,0.007683,0.036118,0.805581,0.008011,0.008667
2592,-0.002642,0.800781,0.800781,0.007890,0.018324,0.805581,0.008011,0.008667
2593,0.000831,0.824219,0.824219,0.007448,0.016515,0.805581,0.008011,0.008667
2594,-0.001649,0.832031,0.832031,0.007744,0.029422,0.805581,0.008011,0.008667
2595,-0.000067,0.780664,0.780664,0.008102,0.030753,0.805581,0.008011,0.008667
2596,0.002335,0.848633,0.848633,0.007399,0.050536,0.805581,0.008011,0.008667
2597,-0.003448,0.815039,0.815039,0.007921,0.025756,0.805581,0.008011,0.008667
2598,-0.000444,0.807617,0.807617,0.008166,0.018606,0.805581,0.008011,0.008667
2599,0.002656,0.823242,0.823242,0.008224,0.044640,0.805581,0.008011,0.008667
2600,-0.000135,0.815430,0.815430,0.007994,0.006224,0.805581,0.008011,0.008667
2601,0.005206,0.839844,0.839844,0.007795,0.044008,0.805581,0.008011,0.008667
2602,0.013256,0.796875,0.796875,0.007768,0.041368,0.805581,0.008011,0.008667
2603,-0.003605,0.826172,0.826172,0.008009,0.033133,0.805581,0.008011,0.008667
2604,0.003232,0.791992,0.791992,0.007788,0.030938,0.805581,0.008011,0.008667
2605,0.001528,0.828125,0.828125,0.007739,0.027315,0.805581,0.008011,0.008667
2606,-0.001971,0.807617,0.807617,0.007929,0.024848,0.805581,0.008011,0.008667
2607,-0.003645,0.810547,0.810547,0.007462,0.061582,0.805581,0.008011,0.008667
2608,-0.000143,0.807617,0.807617,0.007564,0.042380,0.805581,0.008011,0.008667
2609,0.008229,0.766602,0.766602,0.007895,0.031774,0.805581,0.008011,0.008667
2610,0.004310,0.813477,0.813477,0.007743,0.067697,0.805581,0.008011,0.008667
2611,0.004132,0.804688,0.804688,0.007878,0.047077,0.805581,0.008011,0.008667
2612,0.000080,0.851562,0.851562,0.007913,0.020694,0.805581,0.008011,0.008667
2613,0.009995,0.819336,0.819336,0.007949,0.060351,0.805581,0.008011,0.008667
2614,0.001380,0.808594,0.808594,0.008155,0.015060,0.805581,0.008011,0.008667
2615,0.001196,0.799805,0.799805,0.007883,0.031663,0.805581,0.008011,0.008667
2616,0.004574,0.796875,0.796875,0.007593,0.040912,0.805581,0.008011,0.008667
2617,0.003131,0.791016,0.791016,0.008118,0.025936,0.805581,0.008011,0.008667
2618,0.001636,0.806641,0.806641,0.007637,0.020027,0.805581,0.008011,0.008667
2619,-0.000024,0.838867,0.838867,0.007989,0.007011,0.805581,0.008011,0.008667
2620,0.001186,0.815430,0.815430,0.007878,0.021008,0.805581,0.008011,0.008667
2621,0.001939,0.815430,0.815430,0.008153,0.015752,0.805581,0.008011,0.008667
2622,0.007788,0.776367,0.776367,0.007745,0.045696,0.805581,0.008011,0.008667
2623,0.015193,0.779297,0.779297,0.007890,0.030205,0.805581,0.008011,0.008667
2624,0.007469,0.808594,0.808594,0.008022,0.039074,0.805581,0.008011,0.008667
2625,0.004526,0.803125,0.803125,0.008017,0.052808,0.805581,0.008011,0.008667
2626,0.003713,0.814453,0.814453,0.007802,0.028122,0.805581,0.008011,0.008667
2627,-0.002352,0.811523,0.811523,0.008071,0.024867,0.805581,0.008011,0.008667
2628,0.000936,0.767578,0.767578,0.007989,0.050057,0.805581,0.008011,0.008667
2629,-0.013783,0.831055,0.831055,0.007926,0.052578,0.805581,0.008011,0.008667
2630,0.014330,0.773438,0.773438,0.007954,0.047347,0.805581,0.008011,0.008667
2631,-0.038442,0.791992,0.791992,0.007873,0.071069,0.805581,0.008011,0.008667
2632,-0.003168,0.816406,0.816406,0.008103,0.027361,0.805581,0.008011,0.008667
2633,-0.004495,0.828125,0.828125,0.007987,0.068639,0.805581,0.008011,0.008667
2634,0.000877,0.778711,0.778711,0.007694,0.018334,0.805581,0.008011,0.008667
2635,0.000933,0.802734,0.802734,0.007803,0.019863,0.805581,0.008011,0.008667
2636,-0.017923,0.802734,0.802734,0.008148,0.010034,0.805581,0.008011,0.008667
2637,-0.000440,0.817383,0.817383,0.007788,0.066472,0.805581,0.008011,0.008667
2638,0.002036,0.808594,0.808594,0.007541,0.044862,0.805581,0.008011,0.008667
2639,0.003451,0.814453,0.814453,0.007739,0.027890,0.805581,0.008011,0.008667
2640,0.001000,0.835938,0.835938,0.007916,0.047132,0.805581,0.008011,0.008667
2641,-0.003037,0.783203,0.783203,0.007913,0.067382,0.805581,0.008011,0.008667
2642,0.000959,0.802734,0.802734,0.008134,0.042101,0.805581,0.008011,0.008667
2643,0.005267,0.782227,0.782227,0.007658,0.048459,0.805581,0.008011,0.008667
2644,-0.003267,0.827148,0.827148,0.007589,0.033181,0.805581,0.008011,0.008667
2645,0.001003,0.805664,0.805664,0.007764,0.043069,0.805581,0.008011,0.008667
2646,0.007771,0.791992,0.791992,0.008251,0.052017,0.805581,0.008011,0.008667
2647,0.002681,0.818359,0.818359,0.007802,0.027813,0.805581,0.008011,0.008667
2648,-0.010850,0.789453,0.789453,0.007910,0.017349,0.805581,0.008011,0.008667
2649,0.007348,0.849609,0.849609,0.007873,0.038895,0.805581,0.008011,0.008667
2650,-0.002999,0.812500,0.812500,0.008182,0.049007,0.805581,0.008011,0.008667
2651,-0.020865,0.763086,0.763086,0.007686,0.017011,0.805581,0.008011,0.008667
2652,0.003834,0.811523,0.811523,0.008052,0.036630,0.805581,0.008011,0.008667
2653,0.001285,0.791406,0.791406,0.008134,0.019879,0.805581,0.008011,0.008667
2654,0.000723,0.833984,0.833984,0.008089,0.041105,0.805581,0.008011,0.008667
2655,0.003511,0.799805,0.799805,0.007639,0.017237,0.805581,0.008011,0.008667
2656,0.002503,0.823242,0.823242,0.007509,0.030537,0.805581,0.008011,0.008667
2657,-0.000810,0.803711,0.803711,0.007950,0.060515,0.805581,0.008011,0.008667
2658,0.003096,0.782227,0.782227,0.008095,0.044667,0.805581,0.008011,0.008667
2659,0.001800,0.780273,0.780273,0.008106,0.020515,0.805581,0.008011,0.008667
2660,0.003601,0.823242,0.823242,0.007529,0.034751,0.805581,0.008011,0.008667
2661,-0.000475,0.776563,0.776563,0.008323,0.037827,0.805581,0.008011,0.008667
2662,0.002868,0.831055,0.831055,0.007623,0.034522,0.805581,0.008011,0.008667
2663,0.003755,0.817383,0.817383,0.007662,0.028913,0.805581,0.008011,0.008667
2664,-0.008241,0.824219,0.824219,0.007798,0.056510,0.805581,0.008011,0.008667
2665,-0.008882,0.820312,0.820312,0.008017,0.054544,0.805581,0.008011,0.008667
2666,0.005572,0.772461,0.772461,0.007989,0.037980,0.805581,0.008011,0.008667
2667,0.002003,0.778320,0.778320,0.007555,0.038167,0.805581,0.008011,0.008667
2668,0.001470,0.776367,0.776367,0.008392,0.036927,0.805581,0.008011,0.008667
2669,-0.003155,0.815430,0.815430,0.007491,0.050719,0.805581,0.008011,0.008667
2670,0.001337,0.837891,0.837891,0.007881,0.037243,0.805581,0.008011,0.008667
2671,0.004588,0.819336,0.819336,0.007905,0.037983,0.805581,0.008011,0.008667
2672,-0.006377,0.752930,0.752930,0.008280,0.025235,0.805581,0.008011,0.008667
2673,0.010942,0.733398,0.733398,0.007845,0.022300,0.805581,0.008011,0.008667
2674,-0.024515,0.804688,0.804688,0.007917,0.029560,0.805581,0.008011,0.008667
2675,0.000034,0.805664,0.805664,0.007964,0.041148,0.805581,0.008011,0.008667
2676,0.000108,0.848633,0.848633,0.007777,0.033440,0.805581,0.008011,0.008667
2677,-0.013888,0.846680,0.846680,0.007787,0.105421,0.805581,0.008011,0.008667
2678,-0.009761,0.779297,0.779297,0.007938,0.054891,0.805581,0.008011,0.008667
2679,0.007090,0.847266,0.847266,0.007786,0.056643,0.805581,0.008011,0.008667
2680,-0.007541,0.811914,0.811914,0.008326,0.037042,0.805581,0.008011,0.008667
2681,0.001886,0.794922,0.794922,0.007868,0.017217,0.805581,0.008011,0.008667
2682,0.001660,0.803125,0.803125,0.008116,0.033446,0.805581,0.008011,0.008667
2683,0.008078,0.804688,0.804688,0.008132,0.037540,0.805581,0.008011,0.008667
2684,0.000014,0.779297,0.779297,0.008046,0.008507,0.805581,0.008011,0.008667
2685,0.001214,0.779297,0.779297,0.007797,0.016576,0.805581,0.008011,0.008667
2686,-0.007328,0.795898,0.795898,0.008037,0.029773,0.805581,0.008011,0.008667
2687,0.001308,0.826172,0.826172,0.008118,0.021363,0.805581,0.008011,0.008667
2688,0.001637,0.781250,0.781250,0.007788,0.040380,0.805581,0.008011,0.008667
2689,0.000041,0.835938,0.835938,0.008032,0.051417,0.805581,0.008011,0.008667
2690,0.007133,0.819336,0.819336,0.007740,0.035520,0.805581,0.008011,0.008667
2691,-0.004142,0.819336,0.819336,0.008150,0.036319,0.805581,0.008011,0.008667
2692,0.007897,0.807617,0.807617,0.007794,0.022271,0.805581,0.008011,0.008667
2693,0.006278,0.829102,0.829102,0.008107,0.017976,0.805581,0.008011,0.008667
2694,-0.011842,0.803516,0.803516,0.007592,0.047879,0.805581,0.008011,0.008667
2695,-0.020823,0.833984,0.833984,0.007345,0.052808,0.805581,0.008011,0.008667
2696,0.005534,0.785156,0.785156,0.008379,0.026220,0.805581,0.008011,0.008667
2697,0.005200,0.819336,0.819336,0.007833,0.064186,0.805581,0.008011,0.008667
2698,-0.000655,0.820703,0.820703,0.008256,0.038671,0.805581,0.008011,0.008667
2699,-0.001136,0.814453,0.814453,0.007788,0.019716,0.805581,0.008011,0.008667
2700,-0.000021,0.806641,0.806641,0.007929,0.013532,0.805581,0.008011,0.008667
2701,-0.006102,0.799805,0.799805,0.008085,0.066675,0.805581,0.008011,0.008667
2702,-0.006167,0.799805,0.799805,0.008340,0.022357,0.805581,0.008011,0.008667
2703,-0.018394,0.821289,0.821289,0.007910,0.065924,0.805581,0.008011,0.008667
2704,-0.004392,0.825195,0.825195,0.007922,0.045269,0.805581,0.008011,0.008667
2705,0.003025,0.780664,0.780664,0.007693,0.045671,0.805581,0.008011,0.008667
2706,0.001305,0.868164,0.868164,0.008195,0.021392,0.805581,0.008011,0.008667
2707,-0.022257,0.804688,0.804688,0.007957,0.032903,0.805581,0.008011,0.008667
2708,-0.001941,0.816406,0.816406,0.008172,0.039372,0.805581,0.008011,0.008667
2709,-0.009238,0.773438,0.773438,0.007622,0.063020,0.805581,0.008011,0.008667
2710,0.003418,0.806641,0.806641,0.008083,0.038313,0.805581,0.008011,0.008667
2711,0.000486,0.802734,0.802734,0.007853,0.033794,0.805581,0.008011,0.008667
2712,0.008517,0.784180,0.784180,0.007772,0.033076,0.805581,0.008011,0.008667
2713,0.013539,0.783984,0.783984,0.007250,0.063591,0.805581,0.008011,0.008667
2714,-0.011647,0.826172,0.826172,0.007811,0.063527,0.805581,0.008011,0.008667
2715,0.000850,0.819336,0.819336,0.007842,0.020536,0.805581,0.008011,0.008667
2716,0.000722,0.767969,0.767969,0.008276,0.030016,0.805581,0.008011,0.008667
2717,0.002022,0.813477,0.813477,0.007868,0.020460,0.805581,0.008011,0.008667
2718,-0.000390,0.811523,0.811523,0.007269,0.035003,0.805581,0.008011,0.008667
2719,0.002173,0.813477,0.813477,0.007972,0.033051,0.805581,0.008011,0.008667
2720,-0.010185,0.764648,0.764648,0.007779,0.055518,0.805581,0.008011,0.008667
2721,0.020923,0.772461,0.772461,0.008106,0.038547,0.805581,0.008011,0.008667
2722,-0.009691,0.775000,0.775000,0.007995,0.044266,0.805581,0.008011,0.008667
2723,0.001336,0.815430,0.815430,0.008431,0.027246,0.805581,0.008011,0.008667
2724,0.002887,0.785156,0.785156,0.008030,0.054867,0.805581,0.008011,0.008667
2725,-0.008266,0.820312,0.820312,0.007858,0.041602,0.805581,0.008011,0.008667
2726,0.005538,0.795313,0.795313,0.007996,0.044917,0.805581,0.008011,0.008667
2727,0.005231,0.841797,0.841797,0.007595,0.024977,0.805581,0.008011,0.008667
2728,0.004792,0.819531,0.819531,0.007466,0.057226,0.805581,0.008011,0.008667
2729,0.005931,0.825781,0.825781,0.007360,0.058159,0.805581,0.008011,0.008667
2730,-0.013595,0.796875,0.796875,0.007342,0.050400,0.805581,0.008011,0.008667
2731,-0.000535,0.826172,0.826172,0.008266,0.023329,0.805581,0.008011,0.008667
2732,0.004141,0.804688,0.804688,0.008040,0.029143,0.805581,0.008011,0.008667
2733,-0.000616,0.806641,0.806641,0.007995,0.033468,0.805581,0.008011,0.008667
2734,-0.007495,0.825195,0.825195,0.008061,0.053654,0.805581,0.008011,0.008667
2735,0.003061,0.818359,0.818359,0.007742,0.059797,0.805581,0.008011,0.008667
2736,0.000992,0.835938,0.835938,0.007965,0.034614,0.805581,0.008011,0.008667
2737,0.010030,0.817383,0.817383,0.007919,0.063331,0.805581,0.008011,0.008667
2738,-0.001659,0.777344,0.777344,0.008118,0.051851,0.805581,0.008011,0.008667
2739,0.002045,0.798828,0.798828,0.007875,0.040190,0.805581,0.008011,0.008667
2740,-0.016414,0.818359,0.818359,0.007509,0.042176,0.805581,0.008011,0.008667
2741,-0.001635,0.829102,0.829102,0.007966,0.033496,0.805581,0.008011,0.008667
2742,-0.015595,0.824219,0.824219,0.007887,0.047285,0.805581,0.008011,0.008667
2743,-0.003152,0.804688,0.804688,0.007780,0.068179,0.805581,0.008011,0.008667
2744,-0.002032,0.790039,0.790039,0.007854,0.047378,0.805581,0.008011,0.008667
2745,0.007475,0.764063,0.764063,0.008012,0.051065,0.805581,0.008011,0.008667
2746,0.011959,0.819336,0.819336,0.008101,0.038322,0.805581,0.008011,0.008667
2747,0.003815,0.808594,0.808594,0.007547,0.062156,0.805581,0.008011,0.008667
2748,-0.000514,0.821289,0.821289,0.008064,0.018655,0.805581,0.008011,0.008667
2749,0.008370,0.856445,0.856445,0.007441,0.063885,0.805581,0.008011,0.008667
2750,0.003079,0.789062,0.789062,0.007576,0.088069,0.805581,0.008011,0.008667
2751,0.001254,0.798828,0.798828,0.007828,0.033489,0.805581,0.008011,0.008667
2752,-0.010457,0.778320,0.778320,0.007725,0.060917,0.805581,0.008011,0.008667
2753,0.007630,0.836914,0.836914,0.007641,0.057032,0.805581,0.008011,0.008667
2754,0.001807,0.825195,0.825195,0.007629,0.061785,0.805581,0.008011,0.008667
2755,-0.006708,0.826172,0.826172,0.008227,0.058118,0.805581,0.008011,0.008667
2756,-0.012214,0.760938,0.760938,0.008007,0.067879,0.805581,0.008011,0.008667
2757,-0.012390,0.786133,0.786133,0.008075,0.053275,0.805581,0.008011,0.008667
2758,-0.001663,0.751953,0.751953,0.007706,0.046987,0.805581,0.008011,0.008667
2759,-0.009182,0.816406,0.816406,0.007533,0.060719,0.805581,0.008011,0.008667
2760,0.005490,0.834570,0.834570,0.008580,0.029880,0.805581,0.008011,0.008667
2761,0.000624,0.818164,0.818164,0.007574,0.080721,0.805581,0.008011,0.008667
2762,0.000367,0.770508,0.770508,0.007733,0.058410,0.805581,0.008011,0.008667
2763,0.010820,0.804688,0.804688,0.008108,0.065641,0.805581,0.008011,0.008667
2764,-0.002625,0.826172,0.826172,0.007744,0.057049,0.805581,0.008011,0.008667
2765,-0.001199,0.806641,0.806641,0.007963,0.095617,0.805581,0.008011,0.008667
2766,0.006406,0.788086,0.788086,0.007700,0.041593,0.805581,0.008011,0.008667
2767,0.016398,0.783203,0.783203,0.007778,0.078303,0.805581,0.008011,0.008667
2768,0.004142,0.782227,0.782227,0.007907,0.062710,0.805581,0.008011,0.008667
2769,0.002476,0.816406,0.816406,0.007592,0.062129,0.805581,0.008011,0.008667
2770,0.001469,0.798828,0.798828,0.007620,0.081435,0.805581,0.008011,0.008667
2771,0.001817,0.840430,0.840430,0.008032,0.055635,0.805581,0.008011,0.008667
2772,0.004248,0.833984,0.833984,0.007682,0.048540,0.805581,0.008011,0.008667
2773,0.007693,0.758789,0.758789,0.007872,0.074391,0.805581,0.008011,0.008667
2774,-0.013874,0.786133,0.786133,0.007920,0.052269,0.805581,0.008011,0.008667
2775,-0.007167,0.806641,0.806641,0.007780,0.060839,0.805581,0.008011,0.008667
2776,0.003000,0.819336,0.819336,0.008152,0.067665,0.805581,0.008011,0.008667
2777,0.009333,0.797852,0.797852,0.007571,0.087029,0.805581,0.008011,0.008667
2778,0.003444,0.810547,0.810547,0.008147,0.062156,0.805581,0.008011,0.008667
2779,0.012629,0.824219,0.824219,0.007598,0.065950,0.805581,0.008011,0.008667
2780,-0.001923,0.815234,0.815234,0.007978,0.056137,0.805581,0.008011,0.008667
2781,-0.004471,0.829102,0.829102,0.007813,0.086200,0.805581,0.008011,0.008667
2782,-0.021556,0.777344,0.777344,0.007824,0.078013,0.805581,0.008011,0.008667
2783,-0.012783,0.791016,0.791016,0.007585,0.108235,0.805581,0.008011,0.008667
2784,0.000303,0.825195,0.825195,0.008156,0.082233,0.805581,0.008011,0.008667
2785,-0.009987,0.815430,0.815430,0.007476,0.065199,0.805581,0.008011,0.008667
2786,0.012128,0.788086,0.788086,0.007996,0.060626,0.805581,0.008011,0.008667
2787,0.010006,0.761719,0.761719,0.007786,0.088337,0.805581,0.008011,0.008667
2788,-0.012250,0.801758,0.801758,0.007661,0.098675,0.805581,0.008011,0.008667
2789,0.006761,0.846680,0.846680,0.007548,0.068382,0.805581,0.008011,0.008667
2790,-0.027272,0.815430,0.815430,0.008026,0.121602,0.805581,0.008011,0.008667
2791,0.008407,0.808594,0.808594,0.008214,0.079839,0.805581,0.008011,0.008667
2792,-0.002465,0.787109,0.787109,0.007913,0.067006,0.805581,0.008011,0.008667
2793,-0.005309,0.807031,0.807031,0.007501,0.075423,0.805581,0.008011,0.008667
2794,-0.000864,0.819336,0.819336,0.007772,0.115478,0.805581,0.008011,0.008667
2795,-0.019031,0.804688,0.804688,0.007918,0.100975,0.805581,0.008011,0.008667
2796,-0.015083,0.769531,0.769531,0.007944,0.072517,0.805581,0.008011,0.008667
2797,-0.015697,0.773438,0.773438,0.007833,0.089364,0.805581,0.008011,0.008667
2798,0.001937,0.801172,0.801172,0.007860,0.075522,0.805581,0.008011,0.008667
2799,-0.029197,0.815430,0.815430,0.007813,0.086852,0.805581,0.008011,0.008667
2800,0.013326,0.771094,0.771094,0.008026,0.077731,0.805581,0.008011,0.008667
2801,-0.006278,0.819336,0.819336,0.008115,0.089839,0.805581,0.008011,0.008667
2802,0.009326,0.815430,0.815430,0.007430,0.073671,0.805581,0.008011,0.008667
2803,-0.023876,0.798828,0.798828,0.007297,0.049269,0.805581,0.008011,0.008667
2804,0.022356,0.779297,0.779297,0.007431,0.109499,0.805581,0.008011,0.008667
2805,0.005951,0.824219,0.824219,0.007618,0.090443,0.805581,0.008011,0.008667
2806,-0.005016,0.801758,0.801758,0.008099,0.095104,0.805581,0.008011,0.008667
2807,-0.041827,0.783984,0.783984,0.007842,0.094649,0.805581,0.008011,0.008667
2808,-0.002369,0.814453,0.814453,0.007684,0.068330,0.805581,0.008011,0.008667
2809,-0.005204,0.846680,0.846680,0.007880,0.088727,0.805581,0.008011,0.008667
2810,-0.007252,0.799805,0.799805,0.007829,0.077363,0.805581,0.008011,0.008667
2811,-0.009724,0.828125,0.828125,0.007992,0.059180,0.805581,0.008011,0.008667
2812,-0.010787,0.789062,0.789062,0.007682,0.039523,0.805581,0.008011,0.008667
2813,-0.009420,0.792969,0.792969,0.007873,0.054176,0.805581,0.008011,0.008667
2814,0.004440,0.808594,0.808594,0.007978,0.076678,0.805581,0.008011,0.008667
2815,0.007489,0.839844,0.839844,0.007786,0.048612,0.805581,0.008011,0.008667
2816,-0.036441,0.816406,0.816406,0.007515,0.072456,0.805581,0.008011,0.008667
2817,-0.015499,0.847656,0.847656,0.008020,0.068026,0.805581,0.008011,0.008667
2818,0.003012,0.799805,0.799805,0.007684,0.064482,0.805581,0.008011,0.008667
2819,-0.002626,0.791016,0.791016,0.007611,0.055782,0.805581,0.008011,0.008667
2820,-0.001109,0.830078,0.830078,0.007625,0.055473,0.805581,0.008011,0.008667
2821,0.000944,0.809570,0.809570,0.007604,0.045216,0.805581,0.008011,0.008667
2822,0.012450,0.801172,0.801172,0.007947,0.068269,0.805581,0.008011,0.008667
2823,0.002897,0.785156,0.785156,0.007858,0.085409,0.805581,0.008011,0.008667
2824,-0.009499,0.801758,0.801758,0.007654,0.111596,0.805581,0.008011,0.008667
2825,-0.003791,0.813477,0.813477,0.008145,0.040816,0.805581,0.008011,0.008667
2826,-0.028017,0.789062,0.789062,0.007755,0.060938,0.805581,0.008011,0.008667
2827,-0.005292,0.836914,0.836914,0.007699,0.050003,0.805581,0.008011,0.008667
2828,0.003596,0.813477,0.813477,0.007700,0.076639,0.805581,0.008011,0.008667
2829,0.001900,0.797852,0.797852,0.007936,0.060120,0.805581,0.008011,0.008667
2830,0.005549,0.823242,0.823242,0.008038,0.078382,0.805581,0.008011,0.008667
2831,0.007905,0.812500,0.812500,0.007456,0.100469,0.805581,0.008011,0.008667
2832,-0.044834,0.797852,0.797852,0.007616,0.089744,0.805581,0.008011,0.008667
2833,0.013089,0.785156,0.785156,0.007736,0.037021,0.805581,0.008011,0.008667
2834,0.007617,0.775391,0.775391,0.008155,0.078878,0.805581,0.008011,0.008667
2835,-0.027220,0.812500,0.812500,0.007739,0.061466,0.805581,0.008011,0.008667
2836,0.005222,0.809570,0.809570,0.007536,0.063323,0.805581,0.008011,0.008667
2837,-0.037962,0.785156,0.785156,0.007776,0.095214,0.805581,0.008011,0.008667
2838,-0.010170,0.785156,0.785156,0.007558,0.067946,0.805581,0.008011,0.008667
2839,-0.021538,0.840820,0.840820,0.007550,0.072016,0.805581,0.008011,0.008667
2840,0.002304,0.808594,0.808594,0.007640,0.066674,0.805581,0.008011,0.008667
2841,0.001550,0.789062,0.789062,0.008034,0.040192,0.805581,0.008011,0.008667
2842,0.000576,0.797852,0.797852,0.008087,0.048363,0.805581,0.008011,0.008667
2843,0.014961,0.813477,0.813477,0.008276,0.058063,0.805581,0.008011,0.008667
2844,-0.005205,0.834766,0.834766,0.008019,0.082793,0.805581,0.008011,0.008667
2845,0.007745,0.792969,0.792969,0.008370,0.056747,0.805581,0.008011,0.008667
2846,0.001442,0.825195,0.825195,0.007374,0.073604,0.805581,0.008011,0.008667
2847,-0.043072,0.790039,0.790039,0.008012,0.080388,0.805581,0.008011,0.008667
2848,-0.007354,0.780273,0.780273,0.008153,0.058286,0.805581,0.008011,0.008667
2849,-0.022530,0.801758,0.801758,0.007687,0.050283,0.805581,0.008011,0.008667
2850,-0.005174,0.828125,0.828125,0.007686,0.079738,0.805581,0.008011,0.008667
2851,-0.004220,0.781250,0.781250,0.007885,0.088345,0.805581,0.008011,0.008667
2852,0.003207,0.810938,0.810938,0.008130,0.058562,0.805581,0.008011,0.008667
2853,-0.011047,0.801758,0.801758,0.007907,0.084115,0.805581,0.008011,0.008667
2854,0.005222,0.786133,0.786133,0.007307,0.045440,0.805581,0.008011,0.008667
2855,-0.003846,0.793359,0.793359,0.007957,0.062809,0.805581,0.008011,0.008667
2856,-0.002795,0.786523,0.786523,0.007794,0.076135,0.805581,0.008011,0.008667
2857,-0.009547,0.846094,0.846094,0.007443,0.079362,0.805581,0.008011,0.008667
2858,0.007069,0.816406,0.816406,0.007883,0.051413,0.805581,0.008011,0.008667
2859,0.001515,0.852539,0.852539,0.007909,0.043522,0.805581,0.008011,0.008667
2860,-0.003626,0.796875,0.796875,0.008007,0.038773,0.805581,0.008011,0.008667
2861,0.001958,0.778320,0.778320,0.008061,0.043280,0.805581,0.008011,0.008667
2862,-0.003330,0.808594,0.808594,0.007781,0.045470,0.805581,0.008011,0.008667
2863,-0.029717,0.822266,0.822266,0.008330,0.070013,0.805581,0.008011,0.008667
2864,-0.004799,0.787109,0.787109,0.007856,0.087182,0.805581,0.008011,0.008667
2865,0.012020,0.818359,0.818359,0.008235,0.083185,0.805581,0.008011,0.008667
2866,-0.020645,0.853516,0.853516,0.007956,0.088332,0.805581,0.008011,0.008667
2867,0.001925,0.818359,0.818359,0.008113,0.047404,0.805581,0.008011,0.008667
2868,-0.001089,0.818359,0.818359,0.007791,0.047100,0.805581,0.008011,0.008667
2869,-0.030825,0.833984,0.833984,0.008034,0.033212,0.805581,0.008011,0.008667
2870,0.010039,0.840820,0.840820,0.007591,0.050115,0.805581,0.008011,0.008667
2871,0.003818,0.773438,0.773438,0.007898,0.042575,0.805581,0.008011,0.008667
2872,-0.017257,0.820312,0.820312,0.007834,0.077409,0.805581,0.008011,0.008667
2873,0.003659,0.805664,0.805664,0.008186,0.062578,0.805581,0.008011,0.008667
2874,-0.020989,0.800781,0.800781,0.007379,0.079656,0.805581,0.008011,0.008667
2875,0.003400,0.823242,0.823242,0.007468,0.058891,0.805581,0.008011,0.008667
2876,0.006757,0.763672,0.763672,0.007767,0.056252,0.805581,0.008011,0.008667
2877,0.001749,0.815820,0.815820,0.007966,0.057504,0.805581,0.008011,0.008667
2878,-0.006957,0.799414,0.799414,0.007331,0.093915,0.805581,0.008011,0.008667
2879,-0.004015,0.789062,0.789062,0.007994,0.064068,0.805581,0.008011,0.008667
2880,-0.020455,0.826172,0.826172,0.007838,0.069119,0.805581,0.008011,0.008667
2881,0.005040,0.851172,0.851172,0.008315,0.036574,0.805581,0.008011,0.008667
2882,-0.007770,0.792188,0.792188,0.007905,0.056667,0.805581,0.008011,0.008667
2883,-0.027143,0.768555,0.768555,0.007888,0.060357,0.805581,0.008011,0.008667
2884,0.003069,0.817383,0.817383,0.007893,0.057997,0.805581,0.008011,0.008667
2885,0.007302,0.794922,0.794922,0.008071,0.064001,0.805581,0.008011,0.008667
2886,-0.016828,0.807617,0.807617,0.008306,0.091154,0.805581,0.008011,0.008667
2887,0.004068,0.780273,0.780273,0.007946,0.074586,0.805581,0.008011,0.008667
2888,-0.022684,0.781250,0.781250,0.008094,0.065735,0.805581,0.008011,0.008667
2889,0.010881,0.810547,0.810547,0.007858,0.043288,0.805581,0.008011,0.008667
2890,-0.001032,0.822266,0.822266,0.008015,0.043848,0.805581,0.008011,0.008667
2891,-0.040348,0.791016,0.791016,0.008128,0.067551,0.805581,0.008011,0.008667
2892,-0.018704,0.817773,0.817773,0.007698,0.050424,0.805581,0.008011,0.008667
2893,-0.034212,0.798828,0.798828,0.007684,0.072781,0.805581,0.008011,0.008667
2894,0.005908,0.804688,0.804688,0.007561,0.056529,0.805581,0.008011,0.008667
2895,0.007091,0.781250,0.781250,0.007600,0.055013,0.805581,0.008011,0.008667
2896,-0.009689,0.792969,0.792969,0.007896,0.055051,0.805581,0.008011,0.008667
2897,-0.022820,0.838867,0.838867,0.007691,0.039909,0.805581,0.008011,0.008667
2898,-0.028056,0.813477,0.813477,0.007442,0.076256,0.805581,0.008011,0.008667
2899,0.002673,0.827148,0.827148,0.008398,0.045905,0.805581,0.008011,0.008667
2900,-0.012355,0.834961,0.834961,0.007774,0.045142,0.805581,0.008011,0.008667
2901,-0.001457,0.809180,0.809180,0.008010,0.048195,0.805581,0.008011,0.008667
2902,0.002157,0.785156,0.785156,0.007972,0.029840,0.805581,0.008011,0.008667
2903,-0.032126,0.811523,0.811523,0.008027,0.045509,0.805581,0.008011,0.008667
2904,0.003687,0.819336,0.819336,0.008131,0.051415,0.805581,0.008011,0.008667
2905,-0.048084,0.785156,0.785156,0.008041,0.047180,0.805581,0.008011,0.008667
2906,-0.001755,0.822266,0.822266,0.007995,0.062999,0.805581,0.008011,0.008667
2907,0.002686,0.808203,0.808203,0.007866,0.053991,0.805581,0.008011,0.008667
2908,0.010450,0.776367,0.776367,0.007785,0.071838,0.805581,0.008011,0.008667
2909,0.002688,0.797852,0.797852,0.007777,0.043112,0.805581,0.008011,0.008667
2910,-0.002279,0.796875,0.796875,0.008098,0.081815,0.805581,0.008011,0.008667
2911,-0.021767,0.773438,0.773438,0.007469,0.034308,0.805581,0.008011,0.008667
2912,0.004234,0.832031,0.832031,0.007748,0.032952,0.805581,0.008011,0.008667
2913,-0.000165,0.772070,0.772070,0.008308,0.032100,0.805581,0.008011,0.008667
2914,-0.020136,0.825195,0.825195,0.007961,0.028968,0.805581,0.008011,0.008667
2915,0.000337,0.814453,0.814453,0.007611,0.040666,0.805581,0.008011,0.008667
2916,-0.011214,0.773828,0.773828,0.008178,0.035177,0.805581,0.008011,0.008667
2917,-0.021785,0.803711,0.803711,0.008103,0.038321,0.805581,0.008011,0.008667
2918,-0.000125,0.808594,0.808594,0.007740,0.052831,0.805581,0.008011,0.008667
2919,0.002444,0.786133,0.786133,0.008129,0.016382,0.805581,0.008011,0.008667
2920,-0.002757,0.821289,0.821289,0.007772,0.058702,0.805581,0.008011,0.008667
2921,-0.023651,0.817383,0.817383,0.007985,0.023752,0.805581,0.008011,0.008667
2922,-0.012442,0.786523,0.786523,0.007906,0.029532,0.805581,0.008011,0.008667
2923,-0.000460,0.821289,0.821289,0.008186,0.018151,0.805581,0.008011,0.008667
2924,0.005506,0.817383,0.817383,0.007966,0.046072,0.805581,0.008011,0.008667
2925,-0.026043,0.803711,0.803711,0.007988,0.023659,0.805581,0.008011,0.008667
2926,0.013538,0.808594,0.808594,0.007828,0.050487,0.805581,0.008011,0.008667
2927,0.003901,0.817383,0.817383,0.007999,0.029268,0.805581,0.008011,0.008667
2928,0.001717,0.823242,0.823242,0.007501,0.071236,0.805581,0.008011,0.008667
2929,-0.036548,0.772461,0.772461,0.008000,0.055246,0.805581,0.008011,0.008667
2930,-0.022790,0.807617,0.807617,0.007673,0.022960,0.805581,0.008011,0.008667
2931,0.001690,0.799805,0.799805,0.007709,0.061100,0.805581,0.008011,0.008667
2932,0.001504,0.805664,0.805664,0.007894,0.035315,0.805581,0.008011,0.008667
2933,-0.018580,0.782227,0.782227,0.007884,0.019261,0.805581,0.008011,0.008667
2934,0.008220,0.783203,0.783203,0.007805,0.060345,0.805581,0.008011,0.008667
2935,-0.034264,0.776367,0.776367,0.007784,0.035662,0.805581,0.008011,0.008667
2936,0.001436,0.795898,0.795898,0.008439,0.024876,0.805581,0.008011,0.008667
2937,0.007009,0.841797,0.841797,0.007982,0.035933,0.805581,0.008011,0.008667
2938,-0.001677,0.808594,0.808594,0.007503,0.037253,0.805581,0.008011,0.008667
2939,0.005080,0.802734,0.802734,0.008242,0.049300,0.805581,0.008011,0.008667
2940,-0.001437,0.784180,0.784180,0.007958,0.051973,0.805581,0.008011,0.008667
2941,0.001224,0.805273,0.805273,0.007943,0.035836,0.805581,0.008011,0.008667
2942,-0.003953,0.818750,0.818750,0.008125,0.040038,0.805581,0.008011,0.008667
2943,-0.006156,0.813477,0.813477,0.008011,0.024401,0.805581,0.008011,0.008667
2944,0.000901,0.807617,0.807617,0.007552,0.029105,0.805581,0.008011,0.008667
2945,-0.001528,0.793359,0.793359,0.007884,0.040625,0.805581,0.008011,0.008667
2946,0.006481,0.787109,0.787109,0.007687,0.042678,0.805581,0.008011,0.008667
2947,0.010282,0.819336,0.819336,0.007592,0.028259,0.805581,0.008011,0.008667
2948,-0.030956,0.780273,0.780273,0.007525,0.016160,0.805581,0.008011,0.008667
2949,0.000573,0.812500,0.812500,0.007915,0.049534,0.805581,0.008011,0.008667
2950,0.007281,0.802734,0.802734,0.007937,0.039932,0.805581,0.008011,0.008667
2951,0.003695,0.782227,0.782227,0.007971,0.033957,0.805581,0.008011,0.008667
2952,0.002822,0.860937,0.860937,0.007977,0.018515,0.805581,0.008011,0.008667
2953,-0.015962,0.795898,0.795898,0.008114,0.046342,0.805581,0.008011,0.008667
2954,0.000763,0.783203,0.783203,0.007857,0.040845,0.805581,0.008011,0.008667
2955,0.006862,0.799219,0.799219,0.007636,0.049704,0.805581,0.008011,0.008667
2956,0.002506,0.751953,0.751953,0.007963,0.023066,0.805581,0.008011,0.008667
2957,0.001213,0.851562,0.851562,0.007635,0.013657,0.805581,0.008011,0.008667
2958,0.002482,0.824219,0.824219,0.007754,0.047699,0.805581,0.008011,0.008667
2959,-0.007068,0.813477,0.813477,0.007577,0.043271,0.805581,0.008011,0.008667
2960,0.000119,0.776367,0.776367,0.008003,0.024028,0.805581,0.008011,0.008667
2961,0.000054,0.840820,0.840820,0.007862,0.008645,0.805581,0.008011,0.008667
2962,-0.010426,0.797852,0.797852,0.007854,0.024958,0.805581,0.008011,0.008667
2963,0.000852,0.807617,0.807617,0.007809,0.014841,0.805581,0.008011,0.008667
2964,0.003490,0.793945,0.793945,0.008426,0.022425,0.805581,0.008011,0.008667
2965,-0.007649,0.820312,0.820312,0.008134,0.071825,0.805581,0.008011,0.008667
2966,-0.000174,0.795898,0.795898,0.007645,0.027060,0.805581,0.008011,0.008667
2967,-0.012637,0.816406,0.816406,0.007713,0.053740,0.805581,0.008011,0.008667
2968,0.001605,0.820312,0.820312,0.007522,0.068059,0.805581,0.008011,0.008667
2969,-0.017650,0.806641,0.806641,0.007483,0.051313,0.805581,0.008011,0.008667
2970,-0.001185,0.805664,0.805664,0.007872,0.010093,0.805581,0.008011,0.008667
2971,0.003291,0.766602,0.766602,0.008216,0.036754,0.805581,0.008011,0.008667
2972,0.002874,0.747070,0.747070,0.007736,0.032501,0.805581,0.008011,0.008667
2973,0.003298,0.789062,0.789062,0.007773,0.075657,0.805581,0.008011,0.008667
2974,-0.000524,0.799805,0.799805,0.007814,0.006813,0.805581,0.008011,0.008667
2975,0.003049,0.807617,0.807617,0.007597,0.022363,0.805581,0.008011,0.008667
2976,-0.000845,0.782812,0.782812,0.008267,0.021476,0.805581,0.008011,0.008667
2977,-0.010407,0.772266,0.772266,0.007953,0.019025,0.805581,0.008011,0.008667
2978,-0.003683,0.802734,0.802734,0.008019,0.017635,0.805581,0.008011,0.008667
2979,0.011795,0.766602,0.766602,0.007948,0.048235,0.805581,0.008011,0.008667
2980,0.001020,0.802734,0.802734,0.007695,0.013131,0.805581,0.008011,0.008667
2981,-0.014133,0.792383,0.792383,0.008093,0.021030,0.805581,0.008011,0.008667
2982,0.001600,0.791016,0.791016,0.007988,0.022381,0.805581,0.008011,0.008667
2983,0.001594,0.820312,0.820312,0.007936,0.018799,0.805581,0.008011,0.008667
2984,0.001134,0.802734,0.802734,0.007729,0.021610,0.805581,0.008011,0.008667
2985,-0.002853,0.766602,0.766602,0.007923,0.022469,0.805581,0.008011,0.008667
2986,0.000346,0.776367,0.776367,0.008068,0.030506,0.805581,0.008011,0.008667
2987,-0.002609,0.800781,0.800781,0.007895,0.036473,0.805581,0.008011,0.008667
2988,-0.017823,0.797852,0.797852,0.007901,0.030574,0.805581,0.008011,0.008667
2989,-0.000301,0.826172,0.826172,0.007859,0.025122,0.805581,0.008011,0.008667
2990,0.001792,0.796875,0.796875,0.008200,0.020634,0.805581,0.008011,0.008667
2991,-0.001585,0.829102,0.829102,0.007564,0.060372,0.805581,0.008011,0.008667
2992,0.001359,0.820312,0.820312,0.007855,0.015149,0.805581,0.008011,0.008667
2993,0.004331,0.832031,0.832031,0.007527,0.058946,0.805581,0.008011,0.008667
2994,-0.016110,0.801758,0.801758,0.008148,0.030131,0.805581,0.008011,0.008667
2995,0.000687,0.806641,0.806641,0.007907,0.028999,0.805581,0.008011,0.008667
2996,0.001373,0.787109,0.787109,0.008065,0.028497,0.805581,0.008011,0.008667
2997,-0.006346,0.826172,0.826172,0.007995,0.014188,0.805581,0.008011,0.008667
2998,0.009268,0.780273,0.780273,0.008178,0.056301,0.805581,0.008011,0.008667
2999,0.008980,0.785156,0.785156,0.008362,0.048899,0.805581,0.008011,0.008667
3000,-0.025132,0.799805,0.799805,0.007860,0.043295,0.805992,0.008006,0.022524
3001,-0.000007,0.791016,0.791016,0.007909,0.003475,0.805992,0.008006,0.022524
3002,0.004808,0.820312,0.820312,0.007828,0.039326,0.805992,0.008006,0.022524
3003,0.001848,0.832031,0.832031,0.008016,0.022230,0.805992,0.008006,0.022524
3004,0.000801,0.829102,0.829102,0.007878,0.031072,0.805992,0.008006,0.022524
3005,0.018825,0.782227,0.782227,0.007782,0.047194,0.805992,0.008006,0.022524
3006,0.004104,0.784180,0.784180,0.007602,0.019911,0.805992,0.008006,0.022524
3007,0.005517,0.812109,0.812109,0.008005,0.039395,0.805992,0.008006,0.022524
3008,0.005271,0.836914,0.836914,0.008037,0.040174,0.805992,0.008006,0.022524
3009,-0.001936,0.810547,0.810547,0.007647,0.047616,0.805992,0.008006,0.022524
3010,0.004193,0.770898,0.770898,0.007572,0.050036,0.805992,0.008006,0.022524
3011,0.002057,0.767578,0.767578,0.007835,0.035273,0.805992,0.008006,0.022524
3012,0.001119,0.809570,0.809570,0.007898,0.035342,0.805992,0.008006,0.022524
3013,0.001259,0.793945,0.793945,0.008437,0.030770,0.805992,0.008006,0.022524
3014,-0.000049,0.811523,0.811523,0.008170,0.004454,0.805992,0.008006,0.022524
3015,-0.000408,0.781250,0.781250,0.007475,0.024457,0.805992,0.008006,0.022524
3016,0.005249,0.795898,0.795898,0.007974,0.044194,0.805992,0.008006,0.022524
3017,0.001412,0.804688,0.804688,0.007921,0.011970,0.805992,0.008006,0.022524
3018,-0.005915,0.794922,0.794922,0.007935,0.035567,0.805992,0.008006,0.022524
3019,0.005845,0.801758,0.801758,0.007432,0.037580,0.805992,0.008006,0.022524
3020,0.001572,0.796875,0.796875,0.008109,0.023421,0.805992,0.008006,0.022524
3021,0.004826,0.781250,0.781250,0.007984,0.036080,0.805992,0.008006,0.022524
3022,0.003057,0.803711,0.803711,0.007601,0.033143,0.805992,0.008006,0.022524
3023,0.003286,0.825195,0.825195,0.007353,0.050581,0.805992,0.008006,0.022524
3024,-0.012055,0.802734,0.802734,0.007736,0.020702,0.805992,0.008006,0.022524
3025,0.005037,0.807617,0.807617,0.007610,0.035607,0.805992,0.008006,0.022524
3026,-0.008228,0.783203,0.783203,0.008078,0.010443,0.805992,0.008006,0.022524
3027,-0.006019,0.855469,0.855469,0.007611,0.028403,0.805992,0.008006,0.022524
3028,0.001493,0.818359,0.818359,0.007585,0.013554,0.805992,0.008006,0.022524
3029,0.001356,0.831055,0.831055,0.007712,0.045677,0.805992,0.008006,0.022524
3030,0.003610,0.761719,0.761719,0.007892,0.050321,0.805992,0.008006,0.022524
3031,-0.000168,0.787109,0.787109,0.007831,0.006379,0.805992,0.008006,0.022524
3032,-0.006028,0.799805,0.799805,0.008170,0.029948,0.805992,0.008006,0.022524
3033,-0.004314,0.816406,0.816406,0.007721,0.032174,0.805992,0.008006,0.022524
3034,-0.001753,0.801758,0.801758,0.007502,0.034142,0.805992,0.008006,0.022524
3035,0.003479,0.791992,0.791992,0.008054,0.021850,0.805992,0.008006,0.022524
3036,0.006366,0.791016,0.791016,0.007780,0.054024,0.805992,0.008006,0.022524
3037,0.002100,0.775391,0.775391,0.007976,0.014363,0.805992,0.008006,0.022524
3038,0.003001,0.821289,0.821289,0.007656,0.029746,0.805992,0.008006,0.022524
3039,0.001836,0.783203,0.783203,0.007727,0.025419,0.805992,0.008006,0.022524
3040,-0.001494,0.808594,0.808594,0.007846,0.046941,0.805992,0.008006,0.022524
3041,0.000866,0.786133,0.786133,0.008604,0.016217,0.805992,0.008006,0.022524
3042,0.008347,0.796094,0.796094,0.007905,0.039982,0.805992,0.008006,0.022524
3043,0.000759,0.814844,0.814844,0.007647,0.032539,0.805992,0.008006,0.022524
3044,0.005802,0.839844,0.839844,0.007866,0.037985,0.805992,0.008006,0.022524
3045,0.001214,0.850586,0.850586,0.007990,0.020314,0.805992,0.008006,0.022524
3046,0.000648,0.808594,0.808594,0.007918,0.032912,0.805992,0.008006,0.022524
3047,-0.031077,0.827148,0.827148,0.007855,0.010515,0.805992,0.008006,0.022524
3048,0.001791,0.799805,0.799805,0.008398,0.016687,0.805992,0.008006,0.022524
3049,0.004839,0.814453,0.814453,0.007553,0.039242,0.805992,0.008006,0.022524
3050,-0.001135,0.810547,0.810547,0.008291,0.012408,0.805992,0.008006,0.022524
3051,-0.006745,0.799805,0.799805,0.007512,0.083624,0.805992,0.008006,0.022524
3052,0.006079,0.809570,0.809570,0.008152,0.025394,0.805992,0.008006,0.022524
3053,0.002996,0.784180,0.784180,0.007553,0.038930,0.805992,0.008006,0.022524
3054,-0.001189,0.820312,0.820312,0.008186,0.035609,0.805992,0.008006,0.022524
3055,-0.000174,0.826953,0.826953,0.007728,0.007257,0.805992,0.008006,0.022524
3056,-0.006689,0.799805,0.799805,0.007913,0.036164,0.805992,0.008006,0.022524
3057,-0.013021,0.801758,0.801758,0.007732,0.051644,0.805992,0.008006,0.022524
3058,0.001597,0.833984,0.833984,0.008301,0.018639,0.805992,0.008006,0.022524
3059,-0.010267,0.815430,0.815430,0.008296,0.020386,0.805992,0.008006,0.022524
3060,0.001259,0.794922,0.794922,0.008292,0.015409,0.805992,0.008006,0.022524
3061,-0.029052,0.816406,0.816406,0.007673,0.030110,0.805992,0.008006,0.022524
3062,0.000128,0.804688,0.804688,0.007753,0.015067,0.805992,0.008006,0.022524
3063,0.002723,0.801758,0.801758,0.008082,0.035329,0.805992,0.008006,0.022524
3064,0.001475,0.823242,0.823242,0.007977,0.013393,0.805992,0.008006,0.022524
3065,-0.000033,0.772461,0.772461,0.007824,0.031921,0.805992,0.008006,0.022524
3066,0.004317,0.750977,0.750977,0.008040,0.030702,0.805992,0.008006,0.022524
3067,0.004085,0.806641,0.806641,0.007939,0.044297,0.805992,0.008006,0.022524
3068,-0.001889,0.803711,0.803711,0.007904,0.062256,0.805992,0.008006,0.022524
3069,-0.001804,0.802734,0.802734,0.007724,0.047856,0.805992,0.008006,0.022524
3070,0.001598,0.822266,0.822266,0.007706,0.019746,0.805992,0.008006,0.022524
3071,0.003659,0.823242,0.823242,0.008015,0.035815,0.805992,0.008006,0.022524
3072,-0.005396,0.836914,0.836914,0.008042,0.032698,0.805992,0.008006,0.022524
3073,0.000219,0.830078,0.830078,0.007660,0.029710,0.805992,0.008006,0.022524
3074,0.001538,0.800781,0.800781,0.008174,0.037631,0.805992,0.008006,0.022524
3075,0.002181,0.797070,0.797070,0.007850,0.030639,0.805992,0.008006,0.022524
3076,-0.006780,0.830078,0.830078,0.007638,0.029602,0.805992,0.008006,0.022524
3077,0.001989,0.761719,0.761719,0.007496,0.011393,0.805992,0.008006,0.022524
3078,0.012718,0.791016,0.791016,0.007815,0.038050,0.805992,0.008006,0.022524
3079,-0.022789,0.823242,0.823242,0.007652,0.042459,0.805992,0.008006,0.022524
3080,0.000077,0.798828,0.798828,0.007617,0.046382,0.805992,0.008006,0.022524
3081,0.002082,0.815430,0.815430,0.007913,0.016641,0.805992,0.008006,0.022524
3082,0.006563,0.834961,0.834961,0.007834,0.030616,0.805992,0.008006,0.022524
3083,-0.007086,0.799219,0.799219,0.007577,0.045075,0.805992,0.008006,0.022524
3084,0.005904,0.784180,0.784180,0.008105,0.024957,0.805992,0.008006,0.022524
3085,-0.022458,0.782227,0.782227,0.007394,0.027312,0.805992,0.008006,0.022524
3086,0.000031,0.804688,0.804688,0.008039,0.018592,0.805992,0.008006,0.022524
3087,0.000597,0.818359,0.818359,0.008000,0.029632,0.805992,0.008006,0.022524
3088,-0.008881,0.812695,0.812695,0.007722,0.028745,0.805992,0.008006,0.022524
3089,0.003647,0.821289,0.821289,0.008022,0.018443,0.805992,0.008006,0.022524
3090,0.001910,0.795117,0.795117,0.008097,0.012206,0.805992,0.008006,0.022524
3091,-0.007770,0.791992,0.791992,0.008201,0.020211,0.805992,0.008006,0.022524
3092,-0.002291,0.831445,0.831445,0.007972,0.033026,0.805992,0.008006,0.022524
3093,-0.002685,0.825195,0.825195,0.008186,0.027927,0.805992,0.008006,0.022524
3094,0.004423,0.792969,0.792969,0.007585,0.020276,0.805992,0.008006,0.022524
3095,0.003792,0.791016,0.791016,0.008362,0.028910,0.805992,0.008006,0.022524
3096,0.000008,0.840820,0.840820,0.008084,0.002812,0.805992,0.008006,0.022524
3097,0.000174,0.767578,0.767578,0.007811,0.019449,0.805992,0.008006,0.022524
3098,-0.003708,0.827148,0.827148,0.007675,0.025918,0.805992,0.008006,0.022524
3099,0.001053,0.807617,0.807617,0.007841,0.028647,0.805992,0.008006,0.022524
3100,0.003067,0.794922,0.794922,0.008017,0.035375,0.805992,0.008006,0.022524
3101,-0.010550,0.814453,0.814453,0.007649,0.045556,0.805992,0.008006,0.022524
3102,0.002238,0.817383,0.817383,0.008036,0.025918,0.805992,0.008006,0.022524
3103,-0.007475,0.832031,0.832031,0.007779,0.033712,0.805992,0.008006,0.022524
3104,0.002000,0.787109,0.787109,0.008187,0.010199,0.805992,0.008006,0.022524
3105,0.000026,0.804297,0.804297,0.007808,0.003894,0.805992,0.008006,0.022524
3106,0.008182,0.809570,0.809570,0.008211,0.011201,0.805992,0.008006,0.022524
3107,-0.005008,0.826172,0.826172,0.007484,0.030715,0.805992,0.008006,0.022524
3108,0.000016,0.873828,0.873828,0.008162,0.031343,0.805992,0.008006,0.022524
3109,0.001769,0.805664,0.805664,0.008059,0.016568,0.805992,0.008006,0.022524
3110,-0.003462,0.806641,0.806641,0.007431,0.030090,0.805992,0.008006,0.022524
3111,0.002106,0.830469,0.830469,0.008434,0.026573,0.805992,0.008006,0.022524
3112,0.003507,0.829102,0.829102,0.007707,0.045675,0.805992,0.008006,0.022524
3113,0.000748,0.834961,0.834961,0.007966,0.013151,0.805992,0.008006,0.022524
3114,0.009250,0.803711,0.803711,0.007672,0.054432,0.805992,0.008006,0.022524
3115,0.003285,0.796875,0.796875,0.008010,0.026731,0.805992,0.008006,0.022524
3116,0.006846,0.813477,0.813477,0.007823,0.047972,0.805992,0.008006,0.022524
3117,0.006987,0.774414,0.774414,0.007837,0.023570,0.805992,0.008006,0.022524
3118,-0.000951,0.825195,0.825195,0.008181,0.034996,0.805992,0.008006,0.022524
3119,0.002165,0.792187,0.792187,0.007939,0.025219,0.805992,0.008006,0.022524
3120,-0.000133,0.830078,0.830078,0.008558,0.003472,0.805992,0.008006,0.022524
3121,-0.014395,0.826172,0.826172,0.008598,0.018988,0.805992,0.008006,0.022524
3122,-0.008745,0.788086,0.788086,0.008133,0.014433,0.805992,0.008006,0.022524
3123,0.002892,0.812500,0.812500,0.008177,0.038732,0.805992,0.008006,0.022524
3124,-0.002269,0.779297,0.779297,0.007837,0.031621,0.805992,0.008006,0.022524
3125,-0.000099,0.809570,0.809570,0.007836,0.018056,0.805992,0.008006,0.022524
3126,0.002231,0.788086,0.788086,0.007542,0.024926,0.805992,0.008006,0.022524
3127,0.001140,0.799805,0.799805,0.008145,0.018708,0.805992,0.008006,0.022524
3128,0.002290,0.824609,0.824609,0.007746,0.022847,0.805992,0.008006,0.022524
3129,0.002913,0.825195,0.825195,0.007813,0.034004,0.805992,0.008006,0.022524
3130,0.001724,0.790039,0.790039,0.007801,0.050760,0.805992,0.008006,0.022524
3131,0.004185,0.787500,0.787500,0.008316,0.051516,0.805992,0.008006,0.022524
3132,0.001630,0.817383,0.817383,0.008230,0.026986,0.805992,0.008006,0.022524
3133,0.004765,0.817383,0.817383,0.007763,0.052376,0.805992,0.008006,0.022524
3134,0.000166,0.807617,0.807617,0.007823,0.029557,0.805992,0.008006,0.022524
3135,-0.000035,0.793359,0.793359,0.007566,0.017771,0.805992,0.008006,0.022524
3136,-0.008206,0.807617,0.807617,0.008037,0.034499,0.805992,0.008006,0.022524
3137,0.002735,0.805664,0.805664,0.007833,0.031867,0.805992,0.008006,0.022524
3138,0.005191,0.807617,0.807617,0.007582,0.041087,0.805992,0.008006,0.022524
3139,0.006630,0.808594,0.808594,0.007893,0.035196,0.805992,0.008006,0.022524
3140,0.004272,0.857422,0.857422,0.007854,0.045359,0.805992,0.008006,0.022524
3141,0.001810,0.804688,0.804688,0.008094,0.026133,0.805992,0.008006,0.022524
3142,0.004393,0.785156,0.785156,0.008275,0.019195,0.805992,0.008006,0.022524
3143,0.000010,0.791016,0.791016,0.008453,0.019870,0.805992,0.008006,0.022524
3144,0.001487,0.835938,0.835938,0.008069,0.027635,0.805992,0.008006,0.022524
3145,0.001967,0.796875,0.796875,0.008364,0.018314,0.805992,0.008006,0.022524
3146,0.002373,0.812500,0.812500,0.007720,0.030763,0.805992,0.008006,0.022524
3147,0.003212,0.834961,0.834961,0.007858,0.021531,0.805992,0.008006,0.022524
3148,0.000706,0.769531,0.769531,0.007661,0.025139,0.805992,0.008006,0.022524
3149,0.002570,0.812500,0.812500,0.007554,0.039331,0.805992,0.008006,0.022524
3150,0.003867,0.762109,0.762109,0.007982,0.037853,0.805992,0.008006,0.022524
3151,0.006406,0.789062,0.789062,0.007826,0.042882,0.805992,0.008006,0.022524
3152,-0.000478,0.820312,0.820312,0.007380,0.048368,0.805992,0.008006,0.022524
3153,0.009650,0.786133,0.786133,0.008090,0.051414,0.805992,0.008006,0.022524
3154,0.010999,0.800781,0.800781,0.007706,0.050541,0.805992,0.008006,0.022524
3155,0.005600,0.787109,0.787109,0.007720,0.041917,0.805992,0.008006,0.022524
3156,0.003891,0.784375,0.784375,0.007883,0.018459,0.805992,0.008006,0.022524
3157,0.002751,0.807617,0.807617,0.008141,0.029327,0.805992,0.008006,0.022524
3158,0.002132,0.760742,0.760742,0.008380,0.017629,0.805992,0.008006,0.022524
3159,0.000464,0.826172,0.826172,0.008601,0.023652,0.805992,0.008006,0.022524
3160,0.000774,0.847656,0.847656,0.007521,0.052173,0.805992,0.008006,0.022524
3161,0.003127,0.823242,0.823242,0.007705,0.029603,0.805992,0.008006,0.022524
3162,-0.000005,0.822266,0.822266,0.007921,0.002222,0.805992,0.008006,0.022524
3163,0.000858,0.815430,0.815430,0.007938,0.038578,0.805992,0.008006,0.022524
3164,0.005667,0.834961,0.834961,0.007930,0.026202,0.805992,0.008006,0.022524
3165,0.002712,0.838867,0.838867,0.007797,0.033855,0.805992,0.008006,0.022524
3166,-0.023728,0.830078,0.830078,0.007715,0.014227,0.805992,0.008006,0.022524
3167,0.004685,0.813477,0.813477,0.007933,0.052636,0.805992,0.008006,0.022524
3168,0.000094,0.813477,0.813477,0.007796,0.043688,0.805992,0.008006,0.022524
3169,0.005870,0.833984,0.833984,0.008409,0.034710,0.805992,0.008006,0.022524
3170,0.000880,0.804688,0.804688,0.007728,0.036229,0.805992,0.008006,0.022524
3171,0.001979,0.858398,0.858398,0.007880,0.048344,0.805992,0.008006,0.022524
3172,0.000807,0.825195,0.825195,0.007445,0.022225,0.805992,0.008006,0.022524
3173,0.002158,0.797852,0.797852,0.008002,0.037707,0.805992,0.008006,0.022524
3174,-0.006810,0.790430,0.790430,0.007650,0.027232,0.805992,0.008006,0.022524
3175,0.003320,0.790039,0.790039,0.007935,0.031635,0.805992,0.008006,0.022524
3176,0.000606,0.817383,0.817383,0.007777,0.034897,0.805992,0.008006,0.022524
3177,-0.003966,0.825586,0.825586,0.008741,0.034102,0.805992,0.008006,0.022524
3178,0.000652,0.810547,0.810547,0.007716,0.043496,0.805992,0.008006,0.022524
3179,-0.006953,0.789062,0.789062,0.007747,0.047530,0.805992,0.008006,0.022524
3180,0.007023,0.832031,0.832031,0.008063,0.030417,0.805992,0.008006,0.022524
3181,0.001052,0.815234,0.815234,0.007985,0.023625,0.805992,0.008006,0.022524
3182,-0.001312,0.791016,0.791016,0.008111,0.035531,0.805992,0.008006,0.022524
3183,0.002495,0.815430,0.815430,0.008437,0.030074,0.805992,0.008006,0.022524
3184,-0.013486,0.804688,0.804688,0.007972,0.026196,0.805992,0.008006,0.022524
3185,-0.003067,0.811523,0.811523,0.008325,0.022357,0.805992,0.008006,0.022524
3186,0.002174,0.835938,0.835938,0.007757,0.022451,0.805992,0.008006,0.022524
3187,0.001325,0.813477,0.813477,0.007923,0.034983,0.805992,0.008006,0.022524
3188,0.006304,0.844336,0.844336,0.007919,0.034506,0.805992,0.008006,0.022524
3189,0.003423,0.783203,0.783203,0.008219,0.036645,0.805992,0.008006,0.022524
3190,0.003522,0.822266,0.822266,0.008159,0.028157,0.805992,0.008006,0.022524
3191,0.000978,0.819336,0.819336,0.007763,0.019030,0.805992,0.008006,0.022524
3192,-0.008155,0.816406,0.816406,0.008444,0.025896,0.805992,0.008006,0.022524
3193,0.003531,0.821289,0.821289,0.007773,0.056096,0.805992,0.008006,0.022524
3194,0.004152,0.783203,0.783203,0.007700,0.034419,0.805992,0.008006,0.022524
3195,0.003533,0.793945,0.793945,0.007897,0.022554,0.805992,0.008006,0.022524
3196,-0.004118,0.789062,0.789062,0.008019,0.020923,0.805992,0.008006,0.022524
3197,0.004101,0.822266,0.822266,0.008000,0.031691,0.805992,0.008006,0.022524
3198,-0.009611,0.804297,0.804297,0.007464,0.017652,0.805992,0.008006,0.022524
3199,0.001323,0.822266,0.822266,0.007971,0.024831,0.805992,0.008006,0.022524
3200,0.002270,0.810547,0.810547,0.007985,0.022315,0.805992,0.008006,0.022524
3201,-0.004147,0.822266,0.822266,0.007668,0.042345,0.805992,0.008006,0.022524
3202,0.000463,0.786133,0.786133,0.007622,0.046343,0.805992,0.008006,0.022524
3203,-0.000573,0.785156,0.785156,0.007878,0.012706,0.805992,0.008006,0.022524
3204,0.001938,0.800781,0.800781,0.008028,0.011630,0.805992,0.008006,0.022524
3205,0.002721,0.846680,0.846680,0.007871,0.028832,0.805992,0.008006,0.022524
3206,-0.001035,0.764063,0.764063,0.008275,0.028207,0.805992,0.008006,0.022524
3207,0.000340,0.811523,0.811523,0.007773,0.029085,0.805992,0.008006,0.022524
3208,0.008100,0.826172,0.826172,0.007800,0.059596,0.805992,0.008006,0.022524
3209,-0.003028,0.835938,0.835938,0.007614,0.012180,0.805992,0.008006,0.022524
3210,0.002063,0.776367,0.776367,0.008140,0.012901,0.805992,0.008006,0.022524
3211,-0.000599,0.786133,0.786133,0.008182,0.012150,0.805992,0.008006,0.022524
3212,-0.001672,0.802734,0.802734,0.008010,0.037675,0.805992,0.008006,0.022524
3213,0.005634,0.832031,0.832031,0.008156,0.011538,0.805992,0.008006,0.022524
3214,-0.000952,0.775391,0.775391,0.007829,0.048317,0.805992,0.008006,0.022524
3215,0.004414,0.802734,0.802734,0.008404,0.053048,0.805992,0.008006,0.022524
3216,0.002940,0.820312,0.820312,0.007828,0.036894,0.805992,0.008006,0.022524
3217,0.001279,0.844727,0.844727,0.007884,0.018082,0.805992,0.008006,0.022524
3218,-0.000908,0.810938,0.810938,0.008075,0.028409,0.805992,0.008006,0.022524
3219,0.000980,0.797852,0.797852,0.007881,0.064077,0.805992,0.008006,0.022524
3220,0.002368,0.781250,0.781250,0.007652,0.048040,0.805992,0.008006,0.022524
3221,0.000934,0.806641,0.806641,0.007675,0.039368,0.805992,0.008006,0.022524
3222,0.002952,0.798828,0.798828,0.007784,0.033577,0.805992,0.008006,0.022524
3223,0.004315,0.794922,0.794922,0.008220,0.029416,0.805992,0.008006,0.022524
3224,-0.016450,0.828125,0.828125,0.007781,0.026570,0.805992,0.008006,0.022524
3225,0.002068,0.805664,0.805664,0.007696,0.031628,0.805992,0.008006,0.022524
3226,0.000619,0.835938,0.835938,0.007737,0.024062,0.805992,0.008006,0.022524
3227,-0.006080,0.827148,0.827148,0.007549,0.034728,0.805992,0.008006,0.022524
3228,-0.026421,0.800781,0.800781,0.007590,0.056672,0.805992,0.008006,0.022524
3229,0.001423,0.781250,0.781250,0.008098,0.019464,0.805992,0.008006,0.022524
3230,-0.011658,0.798828,0.798828,0.007966,0.015997,0.805992,0.008006,0.022524
3231,-0.005167,0.820312,0.820312,0.007971,0.042015,0.805992,0.008006,0.022524
3232,-0.001753,0.822266,0.822266,0.007721,0.025225,0.805992,0.008006,0.022524
3233,0.005470,0.842773,0.842773,0.007658,0.052043,0.805992,0.008006,0.022524
3234,-0.001145,0.808594,0.808594,0.007438,0.067835,0.805992,0.008006,0.022524
3235,0.006966,0.812891,0.812891,0.007397,0.041383,0.805992,0.008006,0.022524
3236,-0.000625,0.795898,0.795898,0.007805,0.044870,0.805992,0.008006,0.022524
3237,0.004836,0.764648,0.764648,0.007846,0.045658,0.805992,0.008006,0.022524
3238,0.000275,0.800781,0.800781,0.008245,0.008310,0.805992,0.008006,0.022524
3239,-0.012214,0.846094,0.846094,0.007807,0.048466,0.805992,0.008006,0.022524
3240,0.000408,0.843750,0.843750,0.007741,0.020864,0.805992,0.008006,0.022524
3241,-0.000252,0.820312,0.820312,0.007885,0.020363,0.805992,0.008006,0.022524
3242,0.002211,0.820312,0.820312,0.007730,0.025054,0.805992,0.008006,0.022524
3243,0.007760,0.789062,0.789062,0.007548,0.017325,0.805992,0.008006,0.022524
3244,0.001618,0.818359,0.818359,0.007910,0.020944,0.805992,0.008006,0.022524
3245,0.006305,0.774414,0.774414,0.007725,0.057894,0.805992,0.008006,0.022524
3246,0.002149,0.783203,0.783203,0.007932,0.016436,0.805992,0.008006,0.022524
3247,0.002488,0.798828,0.798828,0.008095,0.047935,0.805992,0.008006,0.022524
3248,0.001921,0.818359,0.818359,0.008043,0.044689,0.805992,0.008006,0.022524
3249,-0.027758,0.811914,0.811914,0.007988,0.019611,0.805992,0.008006,0.022524
3250,-0.000810,0.786133,0.786133,0.007995,0.022658,0.805992,0.008006,0.022524
3251,0.002067,0.806641,0.806641,0.007845,0.028348,0.805992,0.008006,0.022524
3252,-0.004250,0.826172,0.826172,0.008016,0.040815,0.805992,0.008006,0.022524
3253,-0.000277,0.770508,0.770508,0.008082,0.010587,0.805992,0.008006,0.022524
3254,0.004486,0.795898,0.795898,0.007986,0.012961,0.805992,0.008006,0.022524
3255,-0.000119,0.807227,0.807227,0.008344,0.002596,0.805992,0.008006,0.022524
3256,-0.001004,0.846680,0.846680,0.007566,0.012999,0.805992,0.008006,0.022524
3257,0.003573,0.786133,0.786133,0.008254,0.010630,0.805992,0.008006,0.022524
3258,0.005817,0.803711,0.803711,0.007702,0.045119,0.805992,0.008006,0.022524
3259,-0.000158,0.814453,0.814453,0.007962,0.004988,0.805992,0.008006,0.022524
3260,0.001408,0.814062,0.814062,0.008011,0.012629,0.805992,0.008006,0.022524
3261,0.000870,0.797852,0.797852,0.007686,0.029629,0.805992,0.008006,0.022524
3262,0.000636,0.816406,0.816406,0.007914,0.011095,0.805992,0.008006,0.022524
3263,-0.000908,0.811523,0.811523,0.007982,0.011752,0.805992,0.008006,0.022524
3264,0.001631,0.828516,0.828516,0.007823,0.013859,0.805992,0.008006,0.022524
3265,-0.000130,0.815430,0.815430,0.007777,0.007591,0.805992,0.008006,0.022524
3266,-0.007310,0.812500,0.812500,0.007852,0.033937,0.805992,0.008006,0.022524
3267,0.001331,0.798242,0.798242,0.008194,0.032657,0.805992,0.008006,0.022524
3268,0.003896,0.810547,0.810547,0.007833,0.027695,0.805992,0.008006,0.022524
3269,0.006807,0.830078,0.830078,0.007900,0.053400,0.805992,0.008006,0.022524
3270,0.000360,0.825195,0.825195,0.008038,0.017234,0.805992,0.008006,0.022524
3271,-0.006953,0.759766,0.759766,0.007829,0.058744,0.805992,0.008006,0.022524
3272,-0.013853,0.816602,0.816602,0.007745,0.053619,0.805992,0.008006,0.022524
3273,-0.015930,0.786133,0.786133,0.008050,0.020187,0.805992,0.008006,0.022524
3274,0.003998,0.820312,0.820312,0.008210,0.025634,0.805992,0.008006,0.022524
3275,0.001846,0.795313,0.795313,0.008020,0.012132,0.805992,0.008006,0.022524
3276,0.000874,0.802734,0.802734,0.007677,0.020734,0.805992,0.008006,0.022524
3277,0.001589,0.810547,0.810547,0.007841,0.026550,0.805992,0.008006,0.022524
3278,0.001197,0.809570,0.809570,0.007873,0.020373,0.805992,0.008006,0.022524
3279,0.000293,0.816016,0.816016,0.008066,0.021624,0.805992,0.008006,0.022524
3280,0.003544,0.791016,0.791016,0.008175,0.025913,0.805992,0.008006,0.022524
3281,-0.008738,0.791016,0.791016,0.007835,0.045515,0.805992,0.008006,0.022524
3282,0.003895,0.841797,0.841797,0.008188,0.036825,0.805992,0.008006,0.022524
3283,0.009455,0.801758,0.801758,0.007925,0.068060,0.805992,0.008006,0.022524
3284,0.003238,0.807617,0.807617,0.007778,0.036629,0.805992,0.008006,0.022524
3285,0.000683,0.798828,0.798828,0.007717,0.011675,0.805992,0.008006,0.022524
3286,0.003458,0.825195,0.825195,0.008131,0.028372,0.805992,0.008006,0.022524
3287,0.001487,0.806641,0.806641,0.007866,0.023533,0.805992,0.008006,0.022524
3288,-0.001397,0.767578,0.767578,0.007388,0.029060,0.805992,0.008006,0.022524
3289,0.005254,0.795898,0.795898,0.008102,0.029952,0.805992,0.008006,0.022524
3290,-0.005159,0.782031,0.782031,0.007955,0.032830,0.805992,0.008006,0.022524
3291,-0.001018,0.794922,0.794922,0.007449,0.024741,0.805992,0.008006,0.022524
3292,0.007724,0.804688,0.804688,0.007919,0.009776,0.805992,0.008006,0.022524
3293,0.008228,0.797852,0.797852,0.007955,0.066632,0.805992,0.008006,0.022524
3294,0.004675,0.816406,0.816406,0.007982,0.030424,0.805992,0.008006,0.022524
3295,0.009137,0.783203,0.783203,0.007777,0.072363,0.805992,0.008006,0.022524
3296,0.005987,0.812500,0.812500,0.007818,0.032517,0.805992,0.008006,0.022524
3297,-0.000240,0.753906,0.753906,0.008205,0.017993,0.805992,0.008006,0.022524
3298,-0.021084,0.819336,0.819336,0.008208,0.031446,0.805992,0.008006,0.022524
3299,-0.001742,0.827539,0.827539,0.007994,0.007295,0.805992,0.008006,0.022524
3300,-0.000209,0.827148,0.827148,0.007843,0.017781,0.805992,0.008006,0.022524
3301,-0.000145,0.786133,0.786133,0.008155,0.004276,0.805992,0.008006,0.022524
3302,0.000015,0.856445,0.856445,0.008028,0.003419,0.805992,0.008006,0.022524
3303,-0.010035,0.831055,0.831055,0.007462,0.034565,0.805992,0.008006,0.022524
3304,-0.040239,0.798437,0.798437,0.008119,0.012954,0.805992,0.008006,0.022524
3305,-0.006791,0.811914,0.811914,0.007792,0.034325,0.805992,0.008006,0.022524
3306,0.003922,0.822266,0.822266,0.008143,0.033373,0.805992,0.008006,0.022524
3307,0.000325,0.830078,0.830078,0.007638,0.017638,0.805992,0.008006,0.022524
3308,-0.000531,0.807031,0.807031,0.007783,0.007439,0.805992,0.008006,0.022524
3309,0.001646,0.818359,0.818359,0.008100,0.026376,0.805992,0.008006,0.022524
3310,0.001419,0.793945,0.793945,0.007730,0.023161,0.805992,0.008006,0.022524
3311,-0.000549,0.830078,0.830078,0.007910,0.018679,0.805992,0.008006,0.022524
3312,0.001679,0.845703,0.845703,0.007958,0.010597,0.805992,0.008006,0.022524
3313,-0.001890,0.791797,0.791797,0.007655,0.034866,0.805992,0.008006,0.022524
3314,0.000958,0.802734,0.802734,0.008054,0.026519,0.805992,0.008006,0.022524
3315,0.001243,0.810547,0.810547,0.007474,0.028814,0.805992,0.008006,0.022524
3316,-0.007760,0.799805,0.799805,0.007983,0.009722,0.805992,0.008006,0.022524
3317,0.003018,0.837891,0.837891,0.007832,0.069683,0.805992,0.008006,0.022524
3318,0.000196,0.821289,0.821289,0.007809,0.010760,0.805992,0.008006,0.022524
3319,0.002007,0.840234,0.840234,0.007765,0.020923,0.805992,0.008006,0.022524
3320,0.004112,0.815039,0.815039,0.007714,0.034465,0.805992,0.008006,0.022524
3321,-0.000710,0.814453,0.814453,0.007854,0.014164,0.805992,0.008006,0.022524
3322,0.004309,0.855469,0.855469,0.007937,0.044998,0.805992,0.008006,0.022524
3323,0.000777,0.800781,0.800781,0.008148,0.010417,0.805992,0.008006,0.022524
3324,-0.000394,0.825195,0.825195,0.007691,0.005065,0.805992,0.008006,0.022524
3325,0.000240,0.792969,0.792969,0.007869,0.007420,0.805992,0.008006,0.022524
3326,0.002850,0.753906,0.753906,0.007632,0.051080,0.805992,0.008006,0.022524
3327,0.001564,0.808594,0.808594,0.008047,0.033476,0.805992,0.008006,0.022524
3328,0.000604,0.827148,0.827148,0.008141,0.010354,0.805992,0.008006,0.022524
3329,0.003708,0.774414,0.774414,0.008064,0.023030,0.805992,0.008006,0.022524
3330,0.003219,0.822266,0.822266,0.008119,0.017999,0.805992,0.008006,0.022524
3331,0.000762,0.845703,0.845703,0.008171,0.017232,0.805992,0.008006,0.022524
3332,-0.000053,0.838867,0.838867,0.007996,0.004448,0.805992,0.008006,0.022524
3333,-0.000516,0.807617,0.807617,0.008182,0.031491,0.805992,0.008006,0.022524
3334,0.001811,0.808594,0.808594,0.008152,0.012863,0.805992,0.008006,0.022524
3335,-0.039019,0.833984,0.833984,0.007788,0.026308,0.805992,0.008006,0.022524
3336,0.001752,0.801758,0.801758,0.007441,0.021835,0.805992,0.008006,0.022524
3337,0.007100,0.776367,0.776367,0.007547,0.038181,0.805992,0.008006,0.022524
3338,0.000611,0.781250,0.781250,0.007593,0.040776,0.805992,0.008006,0.022524
3339,0.001930,0.770508,0.770508,0.008502,0.034732,0.805992,0.008006,0.022524
3340,0.001324,0.833984,0.833984,0.008040,0.028975,0.805992,0.008006,0.022524
3341,0.003101,0.827148,0.827148,0.007936,0.030353,0.805992,0.008006,0.022524
3342,0.000025,0.774414,0.774414,0.007942,0.013682,0.805992,0.008006,0.022524
3343,-0.000932,0.833984,0.833984,0.007614,0.056763,0.805992,0.008006,0.022524
3344,0.002693,0.815430,0.815430,0.008094,0.023127,0.805992,0.008006,0.022524
3345,0.003852,0.799805,0.799805,0.007468,0.034623,0.805992,0.008006,0.022524
3346,0.001323,0.823242,0.823242,0.007682,0.012857,0.805992,0.008006,0.022524
3347,0.001817,0.758789,0.758789,0.007814,0.020509,0.805992,0.008006,0.022524
3348,-0.014500,0.778320,0.778320,0.007807,0.025996,0.805992,0.008006,0.022524
3349,-0.001955,0.863281,0.863281,0.007954,0.019140,0.805992,0.008006,0.022524
3350,-0.000737,0.837109,0.837109,0.008112,0.046464,0.805992,0.008006,0.022524
3351,-0.001088,0.806641,0.806641,0.007812,0.026409,0.805992,0.008006,0.022524
3352,0.002858,0.775391,0.775391,0.008088,0.023927,0.805992,0.008006,0.022524
3353,0.000537,0.785156,0.785156,0.008206,0.009041,0.805992,0.008006,0.022524
3354,0.004242,0.814453,0.814453,0.007699,0.029354,0.805992,0.008006,0.022524
3355,0.006956,0.848633,0.848633,0.007742,0.017899,0.805992,0.008006,0.022524
3356,0.000046,0.815430,0.815430,0.007820,0.006052,0.805992,0.008006,0.022524
3357,0.004717,0.809570,0.809570,0.007801,0.034581,0.805992,0.008006,0.022524
3358,0.001385,0.792969,0.792969,0.007746,0.027625,0.805992,0.008006,0.022524
3359,-0.012726,0.833984,0.833984,0.007696,0.028765,0.805992,0.008006,0.022524
3360,-0.000047,0.790039,0.790039,0.007961,0.001950,0.805992,0.008006,0.022524
3361,0.005353,0.825195,0.825195,0.007833,0.041700,0.805992,0.008006,0.022524
3362,0.009131,0.796875,0.796875,0.007910,0.030884,0.805992,0.008006,0.022524
3363,0.003273,0.791016,0.791016,0.008125,0.019982,0.805992,0.008006,0.022524
3364,0.003996,0.830078,0.830078,0.007698,0.035531,0.805992,0.008006,0.022524
3365,-0.021290,0.785156,0.785156,0.007956,0.027105,0.805992,0.008006,0.022524
3366,0.004547,0.787109,0.787109,0.007871,0.017615,0.805992,0.008006,0.022524
3367,-0.001004,0.798828,0.798828,0.007852,0.015735,0.805992,0.008006,0.022524
3368,-0.000056,0.811523,0.811523,0.008129,0.016674,0.805992,0.008006,0.022524
3369,0.001324,0.812500,0.812500,0.008649,0.037170,0.805992,0.008006,0.022524
3370,0.001420,0.788086,0.788086,0.007841,0.021123,0.805992,0.008006,0.022524
3371,0.000538,0.814453,0.814453,0.007601,0.009833,0.805992,0.008006,0.022524
3372,0.000095,0.806641,0.806641,0.007645,0.050250,0.805992,0.008006,0.022524
3373,0.000954,0.782227,0.782227,0.007618,0.034736,0.805992,0.008006,0.022524
3374,0.011715,0.847656,0.847656,0.007681,0.074686,0.805992,0.008006,0.022524
3375,0.005832,0.752930,0.752930,0.008019,0.016612,0.805992,0.008006,0.022524
3376,-0.002419,0.839844,0.839844,0.007989,0.030699,0.805992,0.008006,0.022524
3377,-0.000032,0.834961,0.834961,0.007915,0.001699,0.805992,0.008006,0.022524
3378,0.000202,0.782227,0.782227,0.007645,0.012514,0.805992,0.008006,0.022524
3379,0.004108,0.779297,0.779297,0.008054,0.046083,0.805992,0.008006,0.022524
3380,0.002941,0.817383,0.817383,0.008319,0.036180,0.805992,0.008006,0.022524
3381,0.007645,0.767578,0.767578,0.007924,0.027111,0.805992,0.008006,0.022524
3382,-0.000057,0.785156,0.785156,0.007859,0.014783,0.805992,0.008006,0.022524
3383,0.001801,0.786133,0.786133,0.007785,0.011789,0.805992,0.008006,0.022524
3384,0.004100,0.767578,0.767578,0.007653,0.026726,0.805992,0.008006,0.022524
3385,-0.005939,0.796875,0.796875,0.008187,0.018354,0.805992,0.008006,0.022524
3386,0.001684,0.811523,0.811523,0.007728,0.035309,0.805992,0.008006,0.022524
3387,-0.005482,0.806641,0.806641,0.007530,0.052823,0.805992,0.008006,0.022524
3388,0.002608,0.796875,0.796875,0.007884,0.013758,0.805992,0.008006,0.022524
3389,0.000707,0.817383,0.817383,0.007832,0.011073,0.805992,0.008006,0.022524
3390,0.002254,0.793945,0.793945,0.007737,0.032320,0.805992,0.008006,0.022524
3391,-0.005142,0.763672,0.763672,0.007965,0.014078,0.805992,0.008006,0.022524
3392,0.002527,0.780273,0.780273,0.007888,0.023095,0.805992,0.008006,0.022524
3393,0.000086,0.803711,0.803711,0.007634,0.033020,0.805992,0.008006,0.022524
3394,0.001768,0.813477,0.813477,0.007676,0.027897,0.805992,0.008006,0.022524
3395,0.001783,0.804688,0.804688,0.008001,0.010581,0.805992,0.008006,0.022524
3396,0.001448,0.780273,0.780273,0.008212,0.025713,0.805992,0.008006,0.022524
3397,0.001657,0.792969,0.792969,0.007677,0.014048,0.805992,0.008006,0.022524
3398,0.000590,0.780273,0.780273,0.008133,0.010655,0.805992,0.008006,0.022524
3399,-0.005013,0.803711,0.803711,0.007305,0.027274,0.805992,0.008006,0.022524
3400,0.001826,0.768555,0.768555,0.008016,0.050794,0.805992,0.008006,0.022524
3401,-0.007300,0.783203,0.783203,0.007524,0.076104,0.805992,0.008006,0.022524
3402,0.004198,0.805664,0.805664,0.007802,0.027213,0.805992,0.008006,0.022524
3403,0.000778,0.830078,0.830078,0.008070,0.025904,0.805992,0.008006,0.022524
3404,0.003702,0.822656,0.822656,0.007903,0.058778,0.805992,0.008006,0.022524
3405,0.000072,0.765625,0.765625,0.007960,0.003729,0.805992,0.008006,0.022524
3406,0.001578,0.796875,0.796875,0.008163,0.020131,0.805992,0.008006,0.022524
3407,0.003958,0.767578,0.767578,0.007499,0.039617,0.805992,0.008006,0.022524
3408,0.002872,0.836914,0.836914,0.007452,0.014724,0.805992,0.008006,0.022524
3409,0.003388,0.829102,0.829102,0.008045,0.029740,0.805992,0.008006,0.022524
3410,-0.003554,0.769531,0.769531,0.008367,0.032700,0.805992,0.008006,0.022524
3411,-0.000979,0.831055,0.831055,0.007567,0.062927,0.805992,0.008006,0.022524
3412,0.001210,0.774414,0.774414,0.007556,0.010672,0.805992,0.008006,0.022524
3413,0.004211,0.806641,0.806641,0.007882,0.034133,0.805992,0.008006,0.022524
3414,0.000501,0.820312,0.820312,0.008076,0.020852,0.805992,0.008006,0.022524
3415,-0.005277,0.813477,0.813477,0.008020,0.010655,0.805992,0.008006,0.022524
3416,0.000833,0.785156,0.785156,0.007613,0.032574,0.805992,0.008006,0.022524
3417,0.003113,0.800000,0.800000,0.008177,0.051076,0.805992,0.008006,0.022524
3418,0.003095,0.803711,0.803711,0.007897,0.027567,0.805992,0.008006,0.022524
3419,-0.001411,0.803711,0.803711,0.007794,0.019250,0.805992,0.008006,0.022524
3420,-0.006763,0.803125,0.803125,0.007866,0.038086,0.805992,0.008006,0.022524
3421,0.003729,0.820898,0.820898,0.007968,0.019257,0.805992,0.008006,0.022524
3422,0.009774,0.837891,0.837891,0.007789,0.025216,0.805992,0.008006,0.022524
3423,0.001260,0.760742,0.760742,0.007890,0.028721,0.805992,0.008006,0.022524
3424,-0.000631,0.809570,0.809570,0.007655,0.028029,0.805992,0.008006,0.022524
3425,0.004153,0.841797,0.841797,0.007638,0.027756,0.805992,0.008006,0.022524
3426,-0.003759,0.791992,0.791992,0.007643,0.034723,0.805992,0.008006,0.022524
3427,-0.000306,0.810547,0.810547,0.007578,0.032945,0.805992,0.008006,0.022524
3428,0.001954,0.818359,0.818359,0.007811,0.046235,0.805992,0.008006,0.022524
3429,-0.000677,0.767578,0.767578,0.007568,0.016469,0.805992,0.008006,0.022524
3430,0.001053,0.807617,0.807617,0.008071,0.046280,0.805992,0.008006,0.022524
3431,0.006783,0.779297,0.779297,0.007576,0.031467,0.805992,0.008006,0.022524
3432,-0.010892,0.820508,0.820508,0.007659,0.048304,0.805992,0.008006,0.022524
3433,-0.003306,0.811523,0.811523,0.007804,0.013504,0.805992,0.008006,0.022524
3434,0.003107,0.825195,0.825195,0.008283,0.019749,0.805992,0.008006,0.022524
3435,-0.001624,0.840820,0.840820,0.007828,0.044095,0.805992,0.008006,0.022524
3436,0.001333,0.785156,0.785156,0.007703,0.024100,0.805992,0.008006,0.022524
3437,0.000856,0.826758,0.826758,0.008125,0.020896,0.805992,0.008006,0.022524
3438,-0.006892,0.785156,0.785156,0.007890,0.010554,0.805992,0.008006,0.022524
3439,0.008074,0.791797,0.791797,0.007943,0.041937,0.805992,0.008006,0.022524
3440,-0.006257,0.800781,0.800781,0.008111,0.019427,0.805992,0.008006,0.022524
3441,0.000005,0.791992,0.791992,0.008288,0.015712,0.805992,0.008006,0.022524
3442,0.000346,0.816406,0.816406,0.008230,0.010770,0.805992,0.008006,0.022524
3443,-0.001047,0.837891,0.837891,0.007817,0.028702,0.805992,0.008006,0.022524
3444,0.006032,0.797461,0.797461,0.007455,0.041878,0.805992,0.008006,0.022524
3445,0.000073,0.807617,0.807617,0.008039,0.010647,0.805992,0.008006,0.022524
3446,-0.007945,0.846875,0.846875,0.007577,0.026144,0.805992,0.008006,0.022524
3447,-0.005786,0.789062,0.789062,0.007816,0.034129,0.805992,0.008006,0.022524
3448,0.004274,0.808594,0.808594,0.008038,0.034344,0.805992,0.008006,0.022524
3449,0.000518,0.838867,0.838867,0.007712,0.014103,0.805992,0.008006,0.022524
3450,-0.003514,0.795898,0.795898,0.007793,0.047442,0.805992,0.008006,0.022524
3451,0.000924,0.796289,0.796289,0.008268,0.025809,0.805992,0.008006,0.022524
3452,0.002875,0.816406,0.816406,0.008244,0.025321,0.805992,0.008006,0.022524
3453,-0.001772,0.802734,0.802734,0.007906,0.020302,0.805992,0.008006,0.022524
3454,0.003184,0.817383,0.817383,0.008089,0.023603,0.805992,0.008006,0.022524
3455,-0.002520,0.845703,0.845703,0.008224,0.025330,0.805992,0.008006,0.022524
3456,-0.001038,0.796484,0.796484,0.007992,0.033955,0.805992,0.008006,0.022524
3457,-0.010180,0.790039,0.790039,0.008001,0.028467,0.805992,0.008006,0.022524
3458,-0.000032,0.795898,0.795898,0.008439,0.002538,0.805992,0.008006,0.022524
3459,0.001954,0.835938,0.835938,0.007679,0.037535,0.805992,0.008006,0.022524
3460,0.004780,0.805078,0.805078,0.007722,0.027324,0.805992,0.008006,0.022524
3461,-0.002888,0.808008,0.808008,0.007715,0.057093,0.805992,0.008006,0.022524
3462,0.006725,0.828125,0.828125,0.007842,0.040097,0.805992,0.008006,0.022524
3463,0.003949,0.788086,0.788086,0.007945,0.026333,0.805992,0.008006,0.022524
3464,-0.000057,0.827148,0.827148,0.007693,0.032083,0.805992,0.008006,0.022524
3465,0.000904,0.818359,0.818359,0.008198,0.017977,0.805992,0.008006,0.022524
3466,-0.001183,0.822656,0.822656,0.007985,0.031366,0.805992,0.008006,0.022524
3467,0.001653,0.804688,0.804688,0.007916,0.030333,0.805992,0.008006,0.022524
3468,-0.003026,0.805664,0.805664,0.007670,0.018382,0.805992,0.008006,0.022524
3469,-0.004167,0.811523,0.811523,0.007948,0.020767,0.805992,0.008006,0.022524
3470,0.002126,0.772461,0.772461,0.007847,0.027334,0.805992,0.008006,0.022524
3471,-0.002225,0.818359,0.818359,0.008084,0.033438,0.805992,0.008006,0.022524
3472,0.002364,0.788086,0.788086,0.008144,0.023077,0.805992,0.008006,0.022524
3473,-0.000171,0.766992,0.766992,0.007744,0.009168,0.805992,0.008006,0.022524
3474,-0.004732,0.779297,0.779297,0.007865,0.030188,0.805992,0.008006,0.022524
3475,0.003198,0.830078,0.830078,0.007896,0.039294,0.805992,0.008006,0.022524
3476,0.000834,0.827148,0.827148,0.008257,0.019757,0.805992,0.008006,0.022524
3477,0.000430,0.819336,0.819336,0.007805,0.029951,0.805992,0.008006,0.022524
3478,0.009097,0.763672,0.763672,0.007709,0.041969,0.805992,0.008006,0.022524
3479,0.002073,0.783203,0.783203,0.008229,0.015731,0.805992,0.008006,0.022524
3480,0.000753,0.818359,0.818359,0.007970,0.025922,0.805992,0.008006,0.022524
3481,0.007739,0.814453,0.814453,0.007412,0.009205,0.805992,0.008006,0.022524
3482,-0.000006,0.783203,0.783203,0.008125,0.004663,0.805992,0.008006,0.022524
3483,0.000017,0.841797,0.841797,0.007762,0.025034,0.805992,0.008006,0.022524
3484,0.002700,0.801758,0.801758,0.008154,0.052749,0.805992,0.008006,0.022524
3485,-0.004042,0.821289,0.821289,0.007677,0.034587,0.805992,0.008006,0.022524
3486,-0.000402,0.778320,0.778320,0.007999,0.037814,0.805992,0.008006,0.022524
3487,0.003040,0.844727,0.844727,0.007947,0.042056,0.805992,0.008006,0.022524
3488,0.004989,0.775781,0.775781,0.007700,0.032742,0.805992,0.008006,0.022524
3489,0.000271,0.813672,0.813672,0.007642,0.032966,0.805992,0.008006,0.022524
3490,0.000506,0.806641,0.806641,0.008050,0.023811,0.805992,0.008006,0.022524
3491,0.001154,0.829102,0.829102,0.008051,0.020147,0.805992,0.008006,0.022524
3492,-0.002528,0.800781,0.800781,0.007967,0.070430,0.805992,0.008006,0.022524
3493,0.002511,0.813477,0.813477,0.007866,0.019654,0.805992,0.008006,0.022524
3494,0.000528,0.806641,0.806641,0.007760,0.058328,0.805992,0.008006,0.022524
3495,0.007585,0.801758,0.801758,0.008198,0.039117,0.805992,0.008006,0.022524
3496,-0.000069,0.757812,0.757812,0.008044,0.005131,0.805992,0.008006,0.022524
3497,0.010337,0.781250,0.781250,0.007804,0.045605,0.805992,0.008006,0.022524
3498,-0.010814,0.780273,0.780273,0.007644,0.033202,0.805992,0.008006,0.022524
3499,-0.002970,0.809570,0.809570,0.007536,0.054376,0.805992,0.008006,0.022524
3500,0.003627,0.802734,0.802734,0.007675,0.027984,0.806312,0.008003,0.033358
3501,-0.005878,0.842773,0.842773,0.007640,0.045169,0.806312,0.008003,0.033358
3502,-0.000921,0.825195,0.825195,0.008318,0.040713,0.806312,0.008003,0.033358
3503,0.009817,0.820312,0.820312,0.007779,0.030274,0.806312,0.008003,0.033358
3504,0.001851,0.805664,0.805664,0.008070,0.011981,0.806312,0.008003,0.033358
3505,0.002281,0.798828,0.798828,0.007809,0.029615,0.806312,0.008003,0.033358
3506,0.001134,0.815430,0.815430,0.007978,0.021641,0.806312,0.008003,0.033358
3507,0.002774,0.787109,0.787109,0.007436,0.029375,0.806312,0.008003,0.033358
3508,0.000728,0.804688,0.804688,0.007955,0.031466,0.806312,0.008003,0.033358
3509,-0.013078,0.833984,0.833984,0.007902,0.037996,0.806312,0.008003,0.033358
3510,-0.020325,0.783203,0.783203,0.007913,0.013739,0.806312,0.008003,0.033358
3511,0.003045,0.785156,0.785156,0.007604,0.056712,0.806312,0.008003,0.033358
3512,0.001748,0.811523,0.811523,0.007650,0.014859,0.806312,0.008003,0.033358
3513,-0.000013,0.780273,0.780273,0.008176,0.003658,0.806312,0.008003,0.033358
3514,-0.000800,0.843750,0.843750,0.008063,0.010967,0.806312,0.008003,0.033358
3515,-0.000582,0.757812,0.757812,0.007799,0.022863,0.806312,0.008003,0.033358
3516,0.000277,0.848633,0.848633,0.008096,0.050073,0.806312,0.008003,0.033358
3517,0.004060,0.774414,0.774414,0.007393,0.030028,0.806312,0.008003,0.033358
3518,0.009558,0.812500,0.812500,0.007899,0.044794,0.806312,0.008003,0.033358
3519,0.005331,0.786133,0.786133,0.007608,0.037246,0.806312,0.008003,0.033358
3520,0.002433,0.834961,0.834961,0.007675,0.074600,0.806312,0.008003,0.033358
3521,0.003228,0.791992,0.791992,0.007925,0.032184,0.806312,0.008003,0.033358
3522,-0.004055,0.837891,0.837891,0.007744,0.028576,0.806312,0.008003,0.033358
3523,0.006407,0.805469,0.805469,0.008173,0.020268,0.806312,0.008003,0.033358
3524,0.002548,0.798828,0.798828,0.007754,0.012750,0.806312,0.008003,0.033358
3525,-0.000857,0.795898,0.795898,0.007418,0.052184,0.806312,0.008003,0.033358
3526,0.003954,0.796484,0.796484,0.008057,0.054546,0.806312,0.008003,0.033358
3527,0.009858,0.775391,0.775391,0.007740,0.046909,0.806312,0.008003,0.033358
3528,-0.000877,0.802734,0.802734,0.007838,0.017310,0.806312,0.008003,0.033358
3529,-0.004746,0.816406,0.816406,0.008239,0.020527,0.806312,0.008003,0.033358
3530,0.003954,0.805664,0.805664,0.007840,0.022448,0.806312,0.008003,0.033358
3531,0.001638,0.788086,0.788086,0.007790,0.028700,0.806312,0.008003,0.033358
3532,-0.000649,0.799805,0.799805,0.007934,0.063796,0.806312,0.008003,0.033358
3533,-0.002639,0.772461,0.772461,0.008063,0.012063,0.806312,0.008003,0.033358
3534,-0.000056,0.789062,0.789062,0.007725,0.025008,0.806312,0.008003,0.033358
3535,-0.005333,0.804688,0.804688,0.007611,0.042995,0.806312,0.008003,0.033358
3536,-0.006101,0.801758,0.801758,0.008022,0.022428,0.806312,0.008003,0.033358
3537,0.004558,0.772656,0.772656,0.008085,0.027478,0.806312,0.008003,0.033358
3538,-0.010177,0.792969,0.792969,0.007857,0.013606,0.806312,0.008003,0.033358
3539,0.006246,0.841797,0.841797,0.008281,0.047125,0.806312,0.008003,0.033358
3540,0.008399,0.866211,0.866211,0.008005,0.059600,0.806312,0.008003,0.033358
3541,0.001217,0.761719,0.761719,0.008163,0.026057,0.806312,0.008003,0.033358
3542,0.006467,0.808594,0.808594,0.007813,0.037029,0.806312,0.008003,0.033358
3543,0.000522,0.788086,0.788086,0.008501,0.030969,0.806312,0.008003,0.033358
3544,-0.043172,0.813477,0.813477,0.007805,0.054663,0.806312,0.008003,0.033358
3545,0.002185,0.807227,0.807227,0.007761,0.026143,0.806312,0.008003,0.033358
3546,-0.001907,0.775391,0.775391,0.008193,0.022366,0.806312,0.008003,0.033358
3547,0.008147,0.814453,0.814453,0.007975,0.029639,0.806312,0.008003,0.033358
3548,0.000317,0.800781,0.800781,0.007945,0.035201,0.806312,0.008003,0.033358
3549,0.000732,0.814453,0.814453,0.008471,0.028441,0.806312,0.008003,0.033358
3550,0.002523,0.831055,0.831055,0.007679,0.032944,0.806312,0.008003,0.033358
3551,0.002311,0.791016,0.791016,0.007694,0.023117,0.806312,0.008003,0.033358
3552,0.001832,0.833008,0.833008,0.008172,0.051690,0.806312,0.008003,0.033358
3553,-0.038014,0.764648,0.764648,0.008294,0.032540,0.806312,0.008003,0.033358
3554,-0.031238,0.811523,0.811523,0.007262,0.068979,0.806312,0.008003,0.033358
3555,-0.026638,0.811523,0.811523,0.007403,0.013234,0.806312,0.008003,0.033358
3556,0.001770,0.798828,0.798828,0.007916,0.020501,0.806312,0.008003,0.033358
3557,0.003399,0.793945,0.793945,0.007576,0.028600,0.806312,0.008003,0.033358
3558,0.000745,0.853516,0.853516,0.007472,0.033350,0.806312,0.008003,0.033358
3559,-0.011344,0.820312,0.820312,0.007775,0.029269,0.806312,0.008003,0.033358
3560,-0.009780,0.818359,0.818359,0.007356,0.050027,0.806312,0.008003,0.033358
3561,-0.008988,0.806641,0.806641,0.007978,0.028992,0.806312,0.008003,0.033358
3562,-0.000024,0.802734,0.802734,0.007936,0.002586,0.806312,0.008003,0.033358
3563,-0.000587,0.804883,0.804883,0.007952,0.014888,0.806312,0.008003,0.033358
3564,-0.010537,0.807617,0.807617,0.007918,0.037765,0.806312,0.008003,0.033358
3565,0.005818,0.807617,0.807617,0.007741,0.037652,0.806312,0.008003,0.033358
3566,0.004540,0.804688,0.804688,0.007608,0.064842,0.806312,0.008003,0.033358
3567,0.000412,0.750000,0.750000,0.007790,0.017936,0.806312,0.008003,0.033358
3568,-0.000054,0.808594,0.808594,0.007704,0.005156,0.806312,0.008003,0.033358
3569,0.007829,0.814844,0.814844,0.007463,0.046195,0.806312,0.008003,0.033358
3570,0.002006,0.842773,0.842773,0.008457,0.027161,0.806312,0.008003,0.033358
3571,0.001055,0.813477,0.813477,0.007996,0.032025,0.806312,0.008003,0.033358
3572,-0.004918,0.816406,0.816406,0.008085,0.061254,0.806312,0.008003,0.033358
3573,-0.006104,0.794922,0.794922,0.007821,0.025787,0.806312,0.008003,0.033358
3574,0.002247,0.812500,0.812500,0.007626,0.031659,0.806312,0.008003,0.033358
3575,-0.006055,0.811523,0.811523,0.007678,0.036336,0.806312,0.008003,0.033358
3576,-0.002358,0.814453,0.814453,0.007938,0.017633,0.806312,0.008003,0.033358
3577,0.001786,0.789062,0.789062,0.007649,0.045779,0.806312,0.008003,0.033358
3578,-0.000132,0.803711,0.803711,0.008245,0.035502,0.806312,0.008003,0.033358
3579,-0.003236,0.801953,0.801953,0.007523,0.036109,0.806312,0.008003,0.033358
3580,0.005801,0.805664,0.805664,0.007959,0.015105,0.806312,0.008003,0.033358
3581,0.006518,0.792969,0.792969,0.008245,0.039606,0.806312,0.008003,0.033358
3582,0.002480,0.804102,0.804102,0.007928,0.026676,0.806312,0.008003,0.033358
3583,-0.014326,0.813477,0.813477,0.007868,0.044650,0.806312,0.008003,0.033358
3584,0.002443,0.848633,0.848633,0.008058,0.032811,0.806312,0.008003,0.033358
3585,0.001565,0.817383,0.817383,0.008234,0.011590,0.806312,0.008003,0.033358
3586,0.003785,0.780273,0.780273,0.007780,0.030737,0.806312,0.008003,0.033358
3587,0.000421,0.830078,0.830078,0.007741,0.013465,0.806312,0.008003,0.033358
3588,0.003821,0.821289,0.821289,0.007877,0.042693,0.806312,0.008003,0.033358
3589,0.004088,0.816406,0.816406,0.007748,0.069017,0.806312,0.008003,0.033358
3590,0.001076,0.826172,0.826172,0.007979,0.019131,0.806312,0.008003,0.033358
3591,0.001252,0.801758,0.801758,0.007628,0.019456,0.806312,0.008003,0.033358
3592,0.000402,0.792969,0.792969,0.008227,0.021520,0.806312,0.008003,0.033358
3593,-0.022156,0.820312,0.820312,0.007809,0.030949,0.806312,0.008003,0.033358
3594,0.010470,0.852148,0.852148,0.007863,0.037727,0.806312,0.008003,0.033358
3595,0.007540,0.799805,0.799805,0.007868,0.019016,0.806312,0.008003,0.033358
3596,-0.010782,0.820312,0.820312,0.007637,0.035340,0.806312,0.008003,0.033358
3597,-0.009175,0.830859,0.830859,0.008182,0.031210,0.806312,0.008003,0.033358
3598,0.005002,0.811523,0.811523,0.007480,0.046574,0.806312,0.008003,0.033358
3599,-0.005645,0.833203,0.833203,0.007812,0.044122,0.806312,0.008003,0.033358
3600,0.009303,0.807031,0.807031,0.008085,0.055523,0.806312,0.008003,0.033358
3601,0.003592,0.829102,0.829102,0.007856,0.029526,0.806312,0.008003,0.033358
3602,-0.000661,0.840820,0.840820,0.007941,0.014217,0.806312,0.008003,0.033358
3603,0.002119,0.822266,0.822266,0.007868,0.033976,0.806312,0.008003,0.033358
3604,0.006609,0.833594,0.833594,0.007719,0.040822,0.806312,0.008003,0.033358
3605,0.006749,0.798828,0.798828,0.008081,0.040177,0.806312,0.008003,0.033358
3606,0.001502,0.795313,0.795313,0.008216,0.034006,0.806312,0.008003,0.033358
3607,0.004079,0.819336,0.819336,0.007795,0.042119,0.806312,0.008003,0.033358
3608,0.004206,0.810547,0.810547,0.007884,0.050473,0.806312,0.008003,0.033358
3609,0.003279,0.822266,0.822266,0.007740,0.020449,0.806312,0.008003,0.033358
3610,0.006463,0.843164,0.843164,0.007990,0.034987,0.806312,0.008003,0.033358
3611,-0.002592,0.791016,0.791016,0.007542,0.029275,0.806312,0.008003,0.033358
3612,0.001496,0.834570,0.834570,0.008048,0.031245,0.806312,0.008003,0.033358
3613,0.003433,0.791992,0.791992,0.008180,0.031080,0.806312,0.008003,0.033358
3614,0.004283,0.800781,0.800781,0.007893,0.027217,0.806312,0.008003,0.033358
3615,0.001382,0.811523,0.811523,0.007575,0.033596,0.806312,0.008003,0.033358
3616,0.005271,0.796484,0.796484,0.007858,0.028052,0.806312,0.008003,0.033358
3617,-0.004681,0.818359,0.818359,0.007822,0.065488,0.806312,0.008003,0.033358
3618,0.006149,0.791992,0.791992,0.008046,0.019972,0.806312,0.008003,0.033358
3619,0.005114,0.771289,0.771289,0.008249,0.035601,0.806312,0.008003,0.033358
3620,0.002294,0.851562,0.851562,0.008205,0.026744,0.806312,0.008003,0.033358
3621,0.007196,0.821289,0.821289,0.007829,0.057005,0.806312,0.008003,0.033358
3622,0.003850,0.819336,0.819336,0.007540,0.041638,0.806312,0.008003,0.033358
3623,-0.001208,0.824219,0.824219,0.007860,0.020101,0.806312,0.008003,0.033358
3624,0.002217,0.797852,0.797852,0.008330,0.026540,0.806312,0.008003,0.033358
3625,-0.004372,0.844727,0.844727,0.008161,0.023561,0.806312,0.008003,0.033358
3626,0.004172,0.795898,0.795898,0.008302,0.042125,0.806312,0.008003,0.033358
3627,0.002063,0.776367,0.776367,0.007926,0.020994,0.806312,0.008003,0.033358
3628,0.000649,0.823242,0.823242,0.007996,0.048213,0.806312,0.008003,0.033358
3629,0.002265,0.804297,0.804297,0.007525,0.043701,0.806312,0.008003,0.033358
3630,0.006750,0.800781,0.800781,0.008080,0.078889,0.806312,0.008003,0.033358
3631,0.006075,0.806641,0.806641,0.007804,0.049798,0.806312,0.008003,0.033358
3632,-0.001516,0.790039,0.790039,0.007870,0.036743,0.806312,0.008003,0.033358
3633,0.005491,0.763672,0.763672,0.007910,0.029843,0.806312,0.008003,0.033358
3634,0.005080,0.772461,0.772461,0.007875,0.042218,0.806312,0.008003,0.033358
3635,-0.001250,0.818359,0.818359,0.007802,0.013596,0.806312,0.008003,0.033358
3636,0.009092,0.803711,0.803711,0.007434,0.073076,0.806312,0.008003,0.033358
3637,0.000362,0.823242,0.823242,0.007616,0.022093,0.806312,0.008003,0.033358
3638,0.004920,0.797852,0.797852,0.008074,0.029854,0.806312,0.008003,0.033358
3639,0.001360,0.831055,0.831055,0.007971,0.035071,0.806312,0.008003,0.033358
3640,-0.006160,0.803711,0.803711,0.007866,0.053050,0.806312,0.008003,0.033358
3641,0.001788,0.788086,0.788086,0.007619,0.071793,0.806312,0.008003,0.033358
3642,0.005178,0.798828,0.798828,0.008378,0.037621,0.806312,0.008003,0.033358
3643,-0.006243,0.783203,0.783203,0.007943,0.027547,0.806312,0.008003,0.033358
3644,-0.001157,0.807617,0.807617,0.008086,0.031888,0.806312,0.008003,0.033358
3645,0.001871,0.827148,0.827148,0.008305,0.034553,0.806312,0.008003,0.033358
3646,0.001396,0.830078,0.830078,0.007939,0.019073,0.806312,0.008003,0.033358
3647,0.000069,0.789062,0.789062,0.008402,0.032063,0.806312,0.008003,0.033358
3648,-0.011686,0.759570,0.759570,0.007811,0.027190,0.806312,0.008003,0.033358
3649,0.004502,0.822266,0.822266,0.007599,0.036832,0.806312,0.008003,0.033358
3650,0.005561,0.816406,0.816406,0.007728,0.023465,0.806312,0.008003,0.033358
3651,0.001237,0.798828,0.798828,0.008147,0.022850,0.806312,0.008003,0.033358
3652,-0.014218,0.824219,0.824219,0.007802,0.042437,0.806312,0.008003,0.033358
3653,-0.000989,0.789062,0.789062,0.008167,0.023794,0.806312,0.008003,0.033358
3654,-0.000388,0.820312,0.820312,0.008194,0.042926,0.806312,0.008003,0.033358
3655,0.001813,0.794922,0.794922,0.008250,0.039588,0.806312,0.008003,0.033358
3656,0.002063,0.793945,0.793945,0.007797,0.031327,0.806312,0.008003,0.033358
3657,0.000233,0.793945,0.793945,0.007646,0.031197,0.806312,0.008003,0.033358
3658,-0.020746,0.776367,0.776367,0.007770,0.025021,0.806312,0.008003,0.033358
3659,0.001505,0.795898,0.795898,0.008229,0.037035,0.806312,0.008003,0.033358
3660,0.003644,0.791016,0.791016,0.007666,0.023727,0.806312,0.008003,0.033358
3661,-0.013017,0.813477,0.813477,0.007700,0.035896,0.806312,0.008003,0.033358
3662,-0.001513,0.802148,0.802148,0.007916,0.022942,0.806312,0.008003,0.033358
3663,0.003570,0.804688,0.804688,0.007781,0.020890,0.806312,0.008003,0.033358
3664,-0.002328,0.837891,0.837891,0.008178,0.041202,0.806312,0.008003,0.033358
3665,0.001321,0.783203,0.783203,0.007776,0.022642,0.806312,0.008003,0.033358
3666,-0.010933,0.797852,0.797852,0.008140,0.029768,0.806312,0.008003,0.033358
3667,0.006509,0.777344,0.777344,0.007784,0.040253,0.806312,0.008003,0.033358
3668,-0.000638,0.857422,0.857422,0.007902,0.031749,0.806312,0.008003,0.033358
3669,0.003527,0.790039,0.790039,0.008024,0.030573,0.806312,0.008003,0.033358
3670,-0.001207,0.830078,0.830078,0.008039,0.024796,0.806312,0.008003,0.033358
3671,-0.003580,0.798828,0.798828,0.007814,0.018244,0.806312,0.008003,0.033358
3672,0.008048,0.804688,0.804688,0.007564,0.047566,0.806312,0.008003,0.033358
3673,-0.003660,0.758789,0.758789,0.007786,0.023431,0.806312,0.008003,0.033358
3674,-0.030551,0.786523,0.786523,0.007632,0.058866,0.806312,0.008003,0.033358
3675,0.006317,0.780273,0.780273,0.007904,0.031975,0.806312,0.008003,0.033358
3676,0.004131,0.795898,0.795898,0.008656,0.024845,0.806312,0.008003,0.033358
3677,0.004712,0.816406,0.816406,0.007591,0.020408,0.806312,0.008003,0.033358
3678,0.001073,0.854492,0.854492,0.007818,0.014077,0.806312,0.008003,0.033358
3679,0.007444,0.774414,0.774414,0.008366,0.030620,0.806312,0.008003,0.033358
3680,-0.011925,0.826758,0.826758,0.007571,0.026718,0.806312,0.008003,0.033358
3681,0.002068,0.802734,0.802734,0.008018,0.014983,0.806312,0.008003,0.033358
3682,0.006380,0.796875,0.796875,0.008246,0.014182,0.806312,0.008003,0.033358
3683,-0.001268,0.792969,0.792969,0.008164,0.019097,0.806312,0.008003,0.033358
3684,0.005923,0.812500,0.812500,0.007471,0.026535,0.806312,0.008003,0.033358
3685,0.002650,0.847656,0.847656,0.007969,0.006317,0.806312,0.008003,0.033358
3686,0.003332,0.811523,0.811523,0.007746,0.047207,0.806312,0.008003,0.033358
3687,0.001263,0.849609,0.849609,0.008084,0.030071,0.806312,0.008003,0.033358
3688,0.000413,0.830078,0.830078,0.007660,0.016648,0.806312,0.008003,0.033358
3689,-0.012660,0.783203,0.783203,0.007736,0.033278,0.806312,0.008003,0.033358
3690,0.007710,0.783203,0.783203,0.008418,0.039110,0.806312,0.008003,0.033358
3691,-0.002065,0.819336,0.819336,0.007863,0.039267,0.806312,0.008003,0.033358
3692,-0.001526,0.783203,0.783203,0.007457,0.045549,0.806312,0.008003,0.033358
3693,-0.000649,0.831250,0.831250,0.007922,0.021243,0.806312,0.008003,0.033358
3694,-0.005157,0.779883,0.779883,0.008008,0.015960,0.806312,0.008003,0.033358
3695,-0.012009,0.777344,0.777344,0.008256,0.034476,0.806312,0.008003,0.033358
3696,0.003716,0.779297,0.779297,0.007901,0.032462,0.806312,0.008003,0.033358
3697,0.004820,0.787891,0.787891,0.007745,0.032559,0.806312,0.008003,0.033358
3698,0.000199,0.795898,0.795898,0.008294,0.018478,0.806312,0.008003,0.033358
3699,0.001341,0.788086,0.788086,0.007877,0.019228,0.806312,0.008003,0.033358
3700,0.000305,0.777344,0.777344,0.007831,0.059233,0.806312,0.008003,0.033358
3701,0.003188,0.830078,0.830078,0.007807,0.028394,0.806312,0.008003,0.033358
3702,-0.005214,0.800586,0.800586,0.007592,0.026127,0.806312,0.008003,0.033358
3703,0.008392,0.804688,0.804688,0.008103,0.045496,0.806312,0.008003,0.033358
3704,-0.007372,0.817383,0.817383,0.008140,0.044709,0.806312,0.008003,0.033358
3705,-0.009399,0.781641,0.781641,0.007888,0.032749,0.806312,0.008003,0.033358
3706,0.002395,0.823242,0.823242,0.007570,0.053150,0.806312,0.008003,0.033358
3707,-0.002269,0.848828,0.848828,0.007510,0.034179,0.806312,0.008003,0.033358
3708,0.002588,0.781250,0.781250,0.007877,0.034043,0.806312,0.008003,0.033358
3709,-0.012567,0.823828,0.823828,0.007467,0.034654,0.806312,0.008003,0.033358
3710,0.004760,0.810547,0.810547,0.007944,0.027967,0.806312,0.008003,0.033358
3711,0.003161,0.790039,0.790039,0.008294,0.036356,0.806312,0.008003,0.033358
3712,0.001055,0.822266,0.822266,0.008200,0.037939,0.806312,0.008003,0.033358
3713,-0.000446,0.771484,0.771484,0.007645,0.046689,0.806312,0.008003,0.033358
3714,0.000901,0.849609,0.849609,0.007739,0.022671,0.806312,0.008003,0.033358
3715,0.004922,0.819336,0.819336,0.008138,0.032310,0.806312,0.008003,0.033358
3716,-0.007764,0.807617,0.807617,0.007771,0.042556,0.806312,0.008003,0.033358
3717,-0.000613,0.781250,0.781250,0.008090,0.018903,0.806312,0.008003,0.033358
3718,0.002340,0.784180,0.784180,0.007910,0.027282,0.806312,0.008003,0.033358
3719,0.005553,0.827148,0.827148,0.007916,0.056048,0.806312,0.008003,0.033358
3720,0.004045,0.766602,0.766602,0.008405,0.041523,0.806312,0.008003,0.033358
3721,0.004703,0.848633,0.848633,0.007775,0.028617,0.806312,0.008003,0.033358
3722,0.006990,0.765625,0.765625,0.008144,0.030936,0.806312,0.008003,0.033358
3723,0.002553,0.808594,0.808594,0.008270,0.043894,0.806312,0.008003,0.033358
3724,0.002061,0.783594,0.783594,0.007832,0.021847,0.806312,0.008003,0.033358
3725,0.001683,0.826172,0.826172,0.008475,0.015794,0.806312,0.008003,0.033358
3726,0.008584,0.805078,0.805078,0.007945,0.042329,0.806312,0.008003,0.033358
3727,0.019675,0.749023,0.749023,0.008084,0.019737,0.806312,0.008003,0.033358
3728,0.003352,0.803711,0.803711,0.007486,0.033001,0.806312,0.008003,0.033358
3729,0.002066,0.805664,0.805664,0.007603,0.040207,0.806312,0.008003,0.033358
3730,-0.000788,0.782227,0.782227,0.008146,0.024733,0.806312,0.008003,0.033358
3731,0.003678,0.812891,0.812891,0.007950,0.030630,0.806312,0.008003,0.033358
3732,0.002957,0.784180,0.784180,0.007977,0.039014,0.806312,0.008003,0.033358
3733,-0.001871,0.800781,0.800781,0.008032,0.039522,0.806312,0.008003,0.033358
3734,-0.010660,0.793945,0.793945,0.007974,0.031823,0.806312,0.008003,0.033358
3735,-0.004226,0.805664,0.805664,0.008105,0.043205,0.806312,0.008003,0.033358
3736,-0.013036,0.791992,0.791992,0.008306,0.026294,0.806312,0.008003,0.033358
3737,0.001638,0.818359,0.818359,0.008015,0.046842,0.806312,0.008003,0.033358
3738,-0.004090,0.817383,0.817383,0.007952,0.021253,0.806312,0.008003,0.033358
3739,0.011836,0.784180,0.784180,0.007925,0.045107,0.806312,0.008003,0.033358
3740,-0.015875,0.784180,0.784180,0.007971,0.038769,0.806312,0.008003,0.033358
3741,0.002237,0.811523,0.811523,0.008200,0.037680,0.806312,0.008003,0.033358
3742,-0.002478,0.795898,0.795898,0.007607,0.040298,0.806312,0.008003,0.033358
3743,0.005835,0.826172,0.826172,0.007682,0.022807,0.806312,0.008003,0.033358
3744,0.002956,0.785156,0.785156,0.008060,0.026966,0.806312,0.008003,0.033358
3745,0.004404,0.829102,0.829102,0.007750,0.036299,0.806312,0.008003,0.033358
3746,0.000618,0.824219,0.824219,0.007715,0.043272,0.806312,0.008003,0.033358
3747,0.007391,0.797852,0.797852,0.007767,0.032999,0.806312,0.008003,0.033358
3748,0.001286,0.791992,0.791992,0.007717,0.027748,0.806312,0.008003,0.033358
3749,-0.018761,0.800781,0.800781,0.007775,0.040594,0.806312,0.008003,0.033358
3750,-0.012216,0.825195,0.825195,0.008089,0.040233,0.806312,0.008003,0.033358
3751,-0.013365,0.804688,0.804688,0.008153,0.072371,0.806312,0.008003,0.033358
3752,0.003309,0.817187,0.817187,0.007817,0.034710,0.806312,0.008003,0.033358
3753,-0.000010,0.837891,0.837891,0.007891,0.045042,0.806312,0.008003,0.033358
3754,0.006388,0.805664,0.805664,0.007858,0.056060,0.806312,0.008003,0.033358
3755,-0.000339,0.780273,0.780273,0.007974,0.014896,0.806312,0.008003,0.033358
3756,0.003165,0.795898,0.795898,0.007853,0.031167,0.806312,0.008003,0.033358
3757,0.012427,0.797266,0.797266,0.007980,0.046114,0.806312,0.008003,0.033358
3758,0.003119,0.755273,0.755273,0.008333,0.045600,0.806312,0.008003,0.033358
3759,0.003385,0.811523,0.811523,0.007561,0.057331,0.806312,0.008003,0.033358
3760,0.003120,0.767383,0.767383,0.008004,0.039362,0.806312,0.008003,0.033358
3761,0.007320,0.832031,0.832031,0.007900,0.037136,0.806312,0.008003,0.033358
3762,-0.004494,0.806641,0.806641,0.007652,0.034233,0.806312,0.008003,0.033358
3763,0.002006,0.834961,0.834961,0.008128,0.046773,0.806312,0.008003,0.033358
3764,0.004122,0.826172,0.826172,0.007784,0.044934,0.806312,0.008003,0.033358
3765,-0.000443,0.810547,0.810547,0.008032,0.014520,0.806312,0.008003,0.033358
3766,-0.009608,0.815430,0.815430,0.008016,0.029534,0.806312,0.008003,0.033358
3767,0.003066,0.770508,0.770508,0.008111,0.025707,0.806312,0.008003,0.033358
3768,-0.010950,0.791992,0.791992,0.008163,0.027027,0.806312,0.008003,0.033358
3769,0.004524,0.791016,0.791016,0.007996,0.022565,0.806312,0.008003,0.033358
3770,0.008875,0.807617,0.807617,0.007618,0.030186,0.806312,0.008003,0.033358
3771,0.006507,0.777344,0.777344,0.007634,0.060239,0.806312,0.008003,0.033358
3772,0.001563,0.847656,0.847656,0.007946,0.040453,0.806312,0.008003,0.033358
3773,0.007373,0.806641,0.806641,0.007762,0.018418,0.806312,0.008003,0.033358
3774,0.005940,0.784180,0.784180,0.007863,0.044607,0.806312,0.008003,0.033358
3775,0.004755,0.820312,0.820312,0.008039,0.017300,0.806312,0.008003,0.033358
3776,-0.000261,0.824219,0.824219,0.007763,0.012702,0.806312,0.008003,0.033358
3777,0.007698,0.838867,0.838867,0.007523,0.038328,0.806312,0.008003,0.033358
3778,0.002723,0.831055,0.831055,0.008022,0.031865,0.806312,0.008003,0.033358
3779,-0.011667,0.817969,0.817969,0.007449,0.031244,0.806312,0.008003,0.033358
3780,0.000833,0.825195,0.825195,0.007928,0.047541,0.806312,0.008003,0.033358
3781,0.001985,0.802734,0.802734,0.007754,0.069456,0.806312,0.008003,0.033358
3782,0.003306,0.794922,0.794922,0.007894,0.037714,0.806312,0.008003,0.033358
3783,0.008271,0.821289,0.821289,0.007647,0.031174,0.806312,0.008003,0.033358
3784,0.000297,0.799805,0.799805,0.008154,0.035258,0.806312,0.008003,0.033358
3785,-0.004291,0.804688,0.804688,0.008067,0.057072,0.806312,0.008003,0.033358
3786,0.002581,0.832031,0.832031,0.008112,0.038017,0.806312,0.008003,0.033358
3787,0.002570,0.837891,0.837891,0.007838,0.030355,0.806312,0.008003,0.033358
3788,0.003380,0.833984,0.833984,0.007463,0.025244,0.806312,0.008003,0.033358
3789,0.006945,0.830078,0.830078,0.007578,0.037272,0.806312,0.008003,0.033358
3790,-0.002141,0.828125,0.828125,0.008001,0.035311,0.806312,0.008003,0.033358
3791,0.004056,0.791992,0.791992,0.007705,0.024867,0.806312,0.008003,0.033358
3792,0.001503,0.841797,0.841797,0.007651,0.036773,0.806312,0.008003,0.033358
3793,0.001221,0.784180,0.784180,0.008153,0.040599,0.806312,0.008003,0.033358
3794,0.010116,0.816992,0.816992,0.008092,0.039705,0.806312,0.008003,0.033358
3795,0.004253,0.811523,0.811523,0.007886,0.039575,0.806312,0.008003,0.033358
3796,0.000930,0.821289,0.821289,0.008008,0.042512,0.806312,0.008003,0.033358
3797,0.003109,0.810547,0.810547,0.008271,0.024358,0.806312,0.008003,0.033358
3798,0.008023,0.861328,0.861328,0.008130,0.034662,0.806312,0.008003,0.033358
3799,0.000980,0.823242,0.823242,0.007762,0.016497,0.806312,0.008003,0.033358
3800,0.004053,0.806641,0.806641,0.007730,0.039473,0.806312,0.008003,0.033358
3801,-0.007874,0.838867,0.838867,0.008060,0.037585,0.806312,0.008003,0.033358
3802,-0.021220,0.789062,0.789062,0.007792,0.033110,0.806312,0.008003,0.033358
3803,-0.001012,0.811523,0.811523,0.008193,0.028391,0.806312,0.008003,0.033358
3804,0.000970,0.804688,0.804688,0.007493,0.072213,0.806312,0.008003,0.033358
3805,0.004898,0.803711,0.803711,0.007301,0.049027,0.806312,0.008003,0.033358
3806,0.008050,0.781250,0.781250,0.007547,0.039631,0.806312,0.008003,0.033358
3807,0.002443,0.810547,0.810547,0.007747,0.043188,0.806312,0.008003,0.033358
3808,-0.028398,0.777344,0.777344,0.007641,0.037939,0.806312,0.008003,0.033358
3809,0.011895,0.775391,0.775391,0.007783,0.026422,0.806312,0.008003,0.033358
3810,-0.004722,0.785156,0.785156,0.007854,0.042516,0.806312,0.008003,0.033358
3811,-0.023039,0.815430,0.815430,0.007695,0.036847,0.806312,0.008003,0.033358
3812,-0.001476,0.832031,0.832031,0.007692,0.024120,0.806312,0.008003,0.033358
3813,-0.010329,0.808203,0.808203,0.007978,0.038949,0.806312,0.008003,0.033358
3814,-0.023199,0.808008,0.808008,0.007701,0.017886,0.806312,0.008003,0.033358
3815,0.001606,0.812305,0.812305,0.008033,0.052954,0.806312,0.008003,0.033358
3816,0.004053,0.817578,0.817578,0.007791,0.044968,0.806312,0.008003,0.033358
3817,0.001686,0.795898,0.795898,0.007892,0.040706,0.806312,0.008003,0.033358
3818,-0.015453,0.814844,0.814844,0.007496,0.023318,0.806312,0.008003,0.033358
3819,0.005075,0.816406,0.816406,0.007585,0.048589,0.806312,0.008003,0.033358
3820,-0.003315,0.799805,0.799805,0.008305,0.039217,0.806312,0.008003,0.033358
3821,-0.004669,0.808594,0.808594,0.008316,0.024141,0.806312,0.008003,0.033358
3822,-0.027387,0.758789,0.758789,0.008089,0.019932,0.806312,0.008003,0.033358
3823,0.010466,0.812500,0.812500,0.007677,0.049474,0.806312,0.008003,0.033358
3824,-0.003446,0.813477,0.813477,0.007413,0.042711,0.806312,0.008003,0.033358
3825,0.004251,0.786133,0.786133,0.007709,0.056371,0.806312,0.008003,0.033358
3826,0.002920,0.819336,0.819336,0.007901,0.025936,0.806312,0.008003,0.033358
3827,-0.004720,0.819336,0.819336,0.008026,0.037888,0.806312,0.008003,0.033358
3828,0.004812,0.846680,0.846680,0.007707,0.039662,0.806312,0.008003,0.033358
3829,0.003843,0.809570,0.809570,0.008008,0.032821,0.806312,0.008003,0.033358
3830,-0.000727,0.815430,0.815430,0.007850,0.018230,0.806312,0.008003,0.033358
3831,0.006282,0.818359,0.818359,0.007484,0.037663,0.806312,0.008003,0.033358
3832,0.011549,0.804688,0.804688,0.007771,0.071506,0.806312,0.008003,0.033358
3833,0.001142,0.798828,0.798828,0.007991,0.015615,0.806312,0.008003,0.033358
3834,0.003237,0.807617,0.807617,0.007708,0.023084,0.806312,0.008003,0.033358
3835,0.003285,0.805664,0.805664,0.008052,0.041450,0.806312,0.008003,0.033358
3836,-0.000801,0.839844,0.839844,0.007531,0.050681,0.806312,0.008003,0.033358
3837,0.001655,0.793945,0.793945,0.007989,0.032458,0.806312,0.008003,0.033358
3838,0.005159,0.785156,0.785156,0.007419,0.055184,0.806312,0.008003,0.033358
3839,0.009825,0.762695,0.762695,0.008123,0.071564,0.806312,0.008003,0.033358
3840,0.004504,0.788086,0.788086,0.008277,0.020987,0.806312,0.008003,0.033358
3841,-0.000453,0.783203,0.783203,0.007805,0.013719,0.806312,0.008003,0.033358
3842,0.004038,0.778125,0.778125,0.008398,0.023632,0.806312,0.008003,0.033358
3843,0.006595,0.826172,0.826172,0.007730,0.043878,0.806312,0.008003,0.033358
3844,0.001084,0.831055,0.831055,0.007703,0.050880,0.806312,0.008003,0.033358
3845,0.002781,0.838281,0.838281,0.008476,0.022726,0.806312,0.008003,0.033358
3846,-0.002770,0.835938,0.835938,0.008647,0.016942,0.806312,0.008003,0.033358
3847,0.002547,0.770117,0.770117,0.008075,0.018602,0.806312,0.008003,0.033358
3848,0.003285,0.811523,0.811523,0.007910,0.030354,0.806312,0.008003,0.033358
3849,-0.015408,0.798828,0.798828,0.007462,0.045241,0.806312,0.008003,0.033358
3850,-0.000689,0.810156,0.810156,0.007914,0.023607,0.806312,0.008003,0.033358
3851,0.006058,0.804688,0.804688,0.007548,0.053170,0.806312,0.008003,0.033358
3852,0.008410,0.762695,0.762695,0.007963,0.013370,0.806312,0.008003,0.033358
3853,0.002177,0.799805,0.799805,0.008243,0.053587,0.806312,0.008003,0.033358
3854,-0.002728,0.799023,0.799023,0.007883,0.045386,0.806312,0.008003,0.033358
3855,0.003053,0.779297,0.779297,0.007565,0.021848,0.806312,0.008003,0.033358
3856,0.001243,0.852539,0.852539,0.008014,0.012989,0.806312,0.008003,0.033358
3857,0.000690,0.775391,0.775391,0.008261,0.012107,0.806312,0.008003,0.033358
3858,-0.007355,0.795898,0.795898,0.008063,0.046411,0.806312,0.008003,0.033358
3859,-0.007672,0.825195,0.825195,0.007959,0.038041,0.806312,0.008003,0.033358
3860,0.008069,0.816797,0.816797,0.007919,0.070118,0.806312,0.008003,0.033358
3861,0.005800,0.788086,0.788086,0.007424,0.041887,0.806312,0.008003,0.033358
3862,-0.002674,0.760742,0.760742,0.007501,0.032068,0.806312,0.008003,0.033358
3863,0.000004,0.791406,0.791406,0.008411,0.007111,0.806312,0.008003,0.033358
3864,0.001073,0.818359,0.818359,0.007549,0.058363,0.806312,0.008003,0.033358
3865,-0.001765,0.810547,0.810547,0.008116,0.046625,0.806312,0.008003,0.033358
3866,0.006244,0.819336,0.819336,0.008151,0.031723,0.806312,0.008003,0.033358
3867,-0.001971,0.838867,0.838867,0.008147,0.034383,0.806312,0.008003,0.033358
3868,0.002745,0.751953,0.751953,0.007997,0.011068,0.806312,0.008003,0.033358
3869,0.003665,0.783203,0.783203,0.007845,0.027768,0.806312,0.008003,0.033358
3870,0.000847,0.807617,0.807617,0.007892,0.025631,0.806312,0.008003,0.033358
3871,-0.000103,0.787109,0.787109,0.008261,0.007005,0.806312,0.008003,0.033358
3872,-0.002317,0.791016,0.791016,0.008008,0.035328,0.806312,0.008003,0.033358
3873,0.001949,0.846680,0.846680,0.007591,0.067965,0.806312,0.008003,0.033358
3874,0.001351,0.781250,0.781250,0.007729,0.059087,0.806312,0.008003,0.033358
3875,0.002896,0.821875,0.821875,0.008030,0.051209,0.806312,0.008003,0.033358
3876,0.002645,0.793945,0.793945,0.007818,0.034402,0.806312,0.008003,0.033358
3877,0.003855,0.776367,0.776367,0.007620,0.052274,0.806312,0.008003,0.033358
3878,0.004252,0.810547,0.810547,0.008305,0.045814,0.806312,0.008003,0.033358
3879,-0.001738,0.804688,0.804688,0.007928,0.030876,0.806312,0.008003,0.033358
3880,0.003763,0.796875,0.796875,0.008286,0.019121,0.806312,0.008003,0.033358
3881,-0.002243,0.781641,0.781641,0.007948,0.039319,0.806312,0.008003,0.033358
3882,0.001694,0.801758,0.801758,0.008182,0.038480,0.806312,0.008003,0.033358
3883,-0.008211,0.836914,0.836914,0.007757,0.028096,0.806312,0.008003,0.033358
3884,-0.000367,0.813477,0.813477,0.007969,0.027483,0.806312,0.008003,0.033358
3885,-0.000733,0.834961,0.834961,0.008422,0.013576,0.806312,0.008003,0.033358
3886,0.008632,0.788086,0.788086,0.008094,0.063731,0.806312,0.008003,0.033358
3887,-0.010093,0.769531,0.769531,0.007895,0.021154,0.806312,0.008003,0.033358
3888,0.000202,0.847656,0.847656,0.007880,0.025189,0.806312,0.008003,0.033358
3889,0.002100,0.858203,0.858203,0.007638,0.041396,0.806312,0.008003,0.033358
3890,-0.000678,0.813477,0.813477,0.007726,0.019756,0.806312,0.008003,0.033358
3891,-0.000247,0.795313,0.795313,0.007735,0.022362,0.806312,0.008003,0.033358
3892,0.000371,0.835938,0.835938,0.007689,0.030358,0.806312,0.008003,0.033358
3893,0.001938,0.821289,0.821289,0.008186,0.019827,0.806312,0.008003,0.033358
3894,-0.001268,0.833008,0.833008,0.007864,0.020355,0.806312,0.008003,0.033358
3895,0.000601,0.801758,0.801758,0.007958,0.036728,0.806312,0.008003,0.033358
3896,0.006235,0.802734,0.802734,0.007733,0.048888,0.806312,0.008003,0.033358
3897,-0.010061,0.814453,0.814453,0.007855,0.056744,0.806312,0.008003,0.033358
3898,0.001782,0.838867,0.838867,0.007977,0.030955,0.806312,0.008003,0.033358
3899,0.003279,0.786133,0.786133,0.008011,0.053706,0.806312,0.008003,0.033358
3900,0.001290,0.800781,0.800781,0.007380,0.066649,0.806312,0.008003,0.033358
3901,-0.020238,0.824219,0.824219,0.007653,0.027078,0.806312,0.008003,0.033358
3902,0.004176,0.780273,0.780273,0.007954,0.032013,0.806312,0.008003,0.033358
3903,0.002142,0.800781,0.800781,0.007706,0.040508,0.806312,0.008003,0.033358
3904,0.004037,0.809570,0.809570,0.007543,0.042061,0.806312,0.008003,0.033358
3905,0.004255,0.825586,0.825586,0.007734,0.038920,0.806312,0.008003,0.033358
3906,0.006024,0.825195,0.825195,0.007994,0.012760,0.806312,0.008003,0.033358
3907,0.009321,0.780273,0.780273,0.007380,0.049505,0.806312,0.008003,0.033358
3908,-0.000651,0.815430,0.815430,0.007941,0.038144,0.806312,0.008003,0.033358
3909,0.000844,0.837891,0.837891,0.007690,0.020410,0.806312,0.008003,0.033358
3910,-0.003752,0.799805,0.799805,0.007834,0.019415,0.806312,0.008003,0.033358
3911,0.004951,0.802734,0.802734,0.008494,0.044123,0.806312,0.008003,0.033358
3912,-0.010195,0.833984,0.833984,0.007635,0.043944,0.806312,0.008003,0.033358
3913,-0.012930,0.791602,0.791602,0.008189,0.051855,0.806312,0.008003,0.033358
3914,-0.011917,0.833984,0.833984,0.007989,0.020947,0.806312,0.008003,0.033358
3915,0.003966,0.791016,0.791016,0.007831,0.029822,0.806312,0.008003,0.033358
3916,-0.001012,0.832031,0.832031,0.007719,0.036806,0.806312,0.008003,0.033358
3917,-0.001497,0.830859,0.830859,0.007874,0.025505,0.806312,0.008003,0.033358
3918,0.005325,0.783203,0.783203,0.008059,0.051584,0.806312,0.008003,0.033358
3919,0.000179,0.826172,0.826172,0.007505,0.029298,0.806312,0.008003,0.033358
3920,0.003203,0.824219,0.824219,0.007911,0.037113,0.806312,0.008003,0.033358
3921,-0.004263,0.779297,0.779297,0.007564,0.028247,0.806312,0.008003,0.033358
3922,-0.005951,0.772461,0.772461,0.007978,0.048131,0.806312,0.008003,0.033358
3923,0.004555,0.786133,0.786133,0.008057,0.032772,0.806312,0.008003,0.033358
3924,-0.010122,0.828125,0.828125,0.007752,0.030419,0.806312,0.008003,0.033358
3925,0.001460,0.836914,0.836914,0.007893,0.040616,0.806312,0.008003,0.033358
3926,0.004109,0.800781,0.800781,0.007574,0.020580,0.806312,0.008003,0.033358
3927,0.003280,0.804102,0.804102,0.007782,0.045424,0.806312,0.008003,0.033358
3928,0.000788,0.811523,0.811523,0.007865,0.030954,0.806312,0.008003,0.033358
3929,0.002492,0.813867,0.813867,0.007788,0.063853,0.806312,0.008003,0.033358
3930,-0.020541,0.815430,0.815430,0.008091,0.032488,0.806312,0.008003,0.033358
3931,0.002151,0.809570,0.809570,0.007693,0.029122,0.806312,0.008003,0.033358
3932,-0.005559,0.843750,0.843750,0.008295,0.009988,0.806312,0.008003,0.033358
3933,-0.004348,0.782227,0.782227,0.008041,0.024969,0.806312,0.008003,0.033358
3934,0.003180,0.813477,0.813477,0.007955,0.038112,0.806312,0.008003,0.033358
3935,0.005453,0.770508,0.770508,0.007725,0.050395,0.806312,0.008003,0.033358
3936,0.011727,0.780273,0.780273,0.007341,0.077078,0.806312,0.008003,0.033358
3937,0.000821,0.828125,0.828125,0.007688,0.032598,0.806312,0.008003,0.033358
3938,0.000637,0.789062,0.789062,0.007837,0.019702,0.806312,0.008003,0.033358
3939,0.001216,0.810547,0.810547,0.007966,0.031203,0.806312,0.008003,0.033358
3940,-0.008458,0.797852,0.797852,0.008099,0.037980,0.806312,0.008003,0.033358
3941,0.003271,0.762695,0.762695,0.007650,0.051517,0.806312,0.008003,0.033358
3942,0.000075,0.798828,0.798828,0.008020,0.016897,0.806312,0.008003,0.033358
3943,0.002522,0.823242,0.823242,0.008017,0.040142,0.806312,0.008003,0.033358
3944,0.002875,0.827148,0.827148,0.007572,0.038199,0.806312,0.008003,0.033358
3945,0.004340,0.812500,0.812500,0.007886,0.053659,0.806312,0.008003,0.033358
3946,-0.001382,0.771484,0.771484,0.007867,0.020501,0.806312,0.008003,0.033358
3947,-0.027660,0.839844,0.839844,0.007569,0.058554,0.806312,0.008003,0.033358
3948,0.000392,0.804688,0.804688,0.008013,0.031462,0.806312,0.008003,0.033358
3949,0.003645,0.840820,0.840820,0.007794,0.029786,0.806312,0.008003,0.033358
3950,-0.001796,0.798828,0.798828,0.007403,0.048754,0.806312,0.008003,0.033358
3951,-0.000066,0.808594,0.808594,0.008010,0.018102,0.806312,0.008003,0.033358
3952,0.001137,0.823242,0.823242,0.008117,0.028941,0.806312,0.008003,0.033358
3953,-0.000966,0.788086,0.788086,0.007490,0.019359,0.806312,0.008003,0.033358
3954,0.002752,0.788086,0.788086,0.008045,0.021652,0.806312,0.008003,0.033358
3955,0.009052,0.778320,0.778320,0.007793,0.029548,0.806312,0.008003,0.033358
3956,0.002035,0.802734,0.802734,0.007905,0.011515,0.806312,0.008003,0.033358
3957,0.003669,0.814453,0.814453,0.007684,0.054060,0.806312,0.008003,0.033358
3958,-0.003404,0.761719,0.761719,0.007438,0.055373,0.806312,0.008003,0.033358
3959,0.005503,0.774414,0.774414,0.007572,0.039869,0.806312,0.008003,0.033358
3960,-0.013992,0.767578,0.767578,0.008052,0.016940,0.806312,0.008003,0.033358
3961,0.002277,0.823242,0.823242,0.007976,0.036170,0.806312,0.008003,0.033358
3962,0.002953,0.840820,0.840820,0.007826,0.021728,0.806312,0.008003,0.033358
3963,0.004266,0.802734,0.802734,0.007598,0.028279,0.806312,0.008003,0.033358
3964,0.005250,0.797852,0.797852,0.008080,0.037662,0.806312,0.008003,0.033358
3965,0.001594,0.773828,0.773828,0.007539,0.055382,0.806312,0.008003,0.033358
3966,0.006525,0.785156,0.785156,0.008302,0.067607,0.806312,0.008003,0.033358
3967,-0.001609,0.789062,0.789062,0.008103,0.028950,0.806312,0.008003,0.033358
3968,0.000016,0.770508,0.770508,0.007875,0.034504,0.806312,0.008003,0.033358
3969,0.003695,0.778320,0.778320,0.008195,0.028448,0.806312,0.008003,0.033358
3970,0.001367,0.811133,0.811133,0.007808,0.018788,0.806312,0.008003,0.033358
3971,-0.002901,0.766016,0.766016,0.008019,0.016887,0.806312,0.008003,0.033358
3972,-0.010601,0.810547,0.810547,0.007749,0.016512,0.806312,0.008003,0.033358
3973,0.001670,0.803711,0.803711,0.008039,0.011664,0.806312,0.008003,0.033358
3974,0.006510,0.781250,0.781250,0.007593,0.036655,0.806312,0.008003,0.033358
3975,-0.009535,0.805664,0.805664,0.007920,0.011266,0.806312,0.008003,0.033358
3976,-0.000706,0.819531,0.819531,0.008277,0.017158,0.806312,0.008003,0.033358
3977,0.002486,0.811523,0.811523,0.007895,0.043879,0.806312,0.008003,0.033358
3978,0.001809,0.824414,0.824414,0.008016,0.028749,0.806312,0.008003,0.033358
3979,0.005313,0.807617,0.807617,0.007675,0.029826,0.806312,0.008003,0.033358
3980,0.001304,0.805664,0.805664,0.008063,0.019325,0.806312,0.008003,0.033358
3981,0.011407,0.794922,0.794922,0.007752,0.032132,0.806312,0.008003,0.033358
3982,0.006474,0.825195,0.825195,0.007884,0.056435,0.806312,0.008003,0.033358
3983,0.002354,0.779297,0.779297,0.008050,0.022441,0.806312,0.008003,0.033358
3984,-0.000035,0.776367,0.776367,0.007720,0.058954,0.806312,0.008003,0.033358
3985,0.001065,0.793945,0.793945,0.007618,0.032193,0.806312,0.008003,0.033358
3986,0.001728,0.786133,0.786133,0.007684,0.012746,0.806312,0.008003,0.033358
3987,0.001631,0.777539,0.777539,0.007724,0.056127,0.806312,0.008003,0.033358
3988,-0.000594,0.842773,0.842773,0.008084,0.026769,0.806312,0.008003,0.033358
3989,0.000722,0.812305,0.812305,0.008139,0.055949,0.806312,0.008003,0.033358
3990,0.005410,0.824219,0.824219,0.008093,0.030127,0.806312,0.008003,0.033358
3991,-0.005663,0.818945,0.818945,0.007776,0.053279,0.806312,0.008003,0.033358
3992,0.006276,0.819336,0.819336,0.007982,0.043388,0.806312,0.008003,0.033358
3993,0.006750,0.804688,0.804688,0.007763,0.027280,0.806312,0.008003,0.033358
3994,-0.005779,0.804688,0.804688,0.008002,0.034200,0.806312,0.008003,0.033358
3995,-0.000564,0.849609,0.849609,0.007770,0.034409,0.806312,0.008003,0.033358
3996,-0.000792,0.847656,0.847656,0.007713,0.036454,0.806312,0.008003,0.033358
3997,0.000604,0.800781,0.800781,0.007864,0.044237,0.806312,0.008003,0.033358
3998,-0.000897,0.829102,0.829102,0.008428,0.013135,0.806312,0.008003,0.033358
3999,0.005492,0.772461,0.772461,0.007975,0.018847,0.806312,0.008003,0.033358
4000,0.003318,0.808008,0.808008,0.007787,0.040285,0.806312,0.008002,0.034843
4001,-0.001537,0.786133,0.786133,0.007920,0.026222,0.806312,0.008002,0.034843
4002,-0.000503,0.806055,0.806055,0.008511,0.006840,0.806312,0.008002,0.034843
4003,-0.010752,0.773828,0.773828,0.007651,0.034647,0.806312,0.008002,0.034843
4004,0.003560,0.793945,0.793945,0.007368,0.044413,0.806312,0.008002,0.034843
4005,0.005143,0.794141,0.794141,0.008003,0.030223,0.806312,0.008002,0.034843
4006,0.001601,0.808594,0.808594,0.008120,0.024512,0.806312,0.008002,0.034843
4007,0.002639,0.824219,0.824219,0.007898,0.020775,0.806312,0.008002,0.034843
4008,0.004376,0.792969,0.792969,0.007552,0.030705,0.806312,0.008002,0.034843
4009,-0.001694,0.815039,0.815039,0.008012,0.028880,0.806312,0.008002,0.034843
4010,0.009403,0.782227,0.782227,0.008027,0.047502,0.806312,0.008002,0.034843
4011,0.002286,0.751953,0.751953,0.007785,0.013358,0.806312,0.008002,0.034843
4012,0.003665,0.833008,0.833008,0.008228,0.036090,0.806312,0.008002,0.034843
4013,0.011238,0.777344,0.777344,0.007947,0.048470,0.806312,0.008002,0.034843
4014,0.002453,0.802734,0.802734,0.007659,0.037142,0.806312,0.008002,0.034843
4015,-0.003743,0.801758,0.801758,0.007865,0.015221,0.806312,0.008002,0.034843
4016,0.003539,0.779297,0.779297,0.007909,0.046340,0.806312,0.008002,0.034843
4017,0.007756,0.795898,0.795898,0.007930,0.056993,0.806312,0.008002,0.034843
4018,-0.001292,0.832031,0.832031,0.007811,0.051106,0.806312,0.008002,0.034843
4019,0.005426,0.801758,0.801758,0.007697,0.060052,0.806312,0.008002,0.034843
4020,-0.003014,0.789453,0.789453,0.008302,0.017924,0.806312,0.008002,0.034843
4021,0.006247,0.818359,0.818359,0.007523,0.042562,0.806312,0.008002,0.034843
4022,0.001960,0.818359,0.818359,0.008426,0.040208,0.806312,0.008002,0.034843
4023,0.000281,0.802539,0.802539,0.007875,0.041334,0.806312,0.008002,0.034843
4024,0.004244,0.780273,0.780273,0.007967,0.028311,0.806312,0.008002,0.034843
4025,-0.000741,0.824219,0.824219,0.007834,0.013730,0.806312,0.008002,0.034843
4026,-0.008246,0.832031,0.832031,0.007743,0.011628,0.806312,0.008002,0.034843
4027,-0.001491,0.821289,0.821289,0.008316,0.015006,0.806312,0.008002,0.034843
4028,-0.002945,0.842773,0.842773,0.007717,0.007743,0.806312,0.008002,0.034843
4029,0.000784,0.789062,0.789062,0.007957,0.020820,0.806312,0.008002,0.034843
4030,0.001085,0.815430,0.815430,0.007939,0.020205,0.806312,0.008002,0.034843
4031,0.003530,0.796875,0.796875,0.007892,0.033807,0.806312,0.008002,0.034843
4032,-0.000562,0.789062,0.789062,0.008057,0.051830,0.806312,0.008002,0.034843
4033,0.011306,0.783203,0.783203,0.007730,0.057680,0.806312,0.008002,0.034843
4034,-0.000550,0.806641,0.806641,0.007998,0.008226,0.806312,0.008002,0.034843
4035,0.000292,0.848633,0.848633,0.007637,0.059401,0.806312,0.008002,0.034843
4036,0.009972,0.827148,0.827148,0.007731,0.041141,0.806312,0.008002,0.034843
4037,-0.000368,0.804688,0.804688,0.007702,0.032011,0.806312,0.008002,0.034843
4038,0.002548,0.825195,0.825195,0.008563,0.028254,0.806312,0.008002,0.034843
4039,0.006620,0.788086,0.788086,0.008134,0.041164,0.806312,0.008002,0.034843
4040,0.001509,0.822852,0.822852,0.008665,0.012736,0.806312,0.008002,0.034843
4041,0.002222,0.825195,0.825195,0.008397,0.031835,0.806312,0.008002,0.034843
4042,0.002686,0.794922,0.794922,0.008053,0.037173,0.806312,0.008002,0.034843
4043,0.009650,0.801758,0.801758,0.007940,0.057810,0.806312,0.008002,0.034843
4044,-0.014040,0.819336,0.819336,0.008027,0.033900,0.806312,0.008002,0.034843
4045,0.004499,0.806641,0.806641,0.007914,0.055603,0.806312,0.008002,0.034843
4046,0.001346,0.794922,0.794922,0.007650,0.027602,0.806312,0.008002,0.034843
4047,-0.014891,0.796875,0.796875,0.007709,0.021070,0.806312,0.008002,0.034843
4048,0.000333,0.801758,0.801758,0.007568,0.034471,0.806312,0.008002,0.034843
4049,-0.031342,0.783203,0.783203,0.008131,0.027117,0.806312,0.008002,0.034843
4050,-0.014435,0.823242,0.823242,0.007791,0.012854,0.806312,0.008002,0.034843
4051,-0.006889,0.818359,0.818359,0.008010,0.022632,0.806312,0.008002,0.034843
4052,-0.014461,0.788086,0.788086,0.007800,0.036546,0.806312,0.008002,0.034843
4053,0.001629,0.825195,0.825195,0.008059,0.038707,0.806312,0.008002,0.034843
4054,0.001497,0.821289,0.821289,0.007723,0.047777,0.806312,0.008002,0.034843
4055,0.007130,0.777344,0.777344,0.007938,0.039376,0.806312,0.008002,0.034843
4056,-0.000256,0.818359,0.818359,0.008075,0.039372,0.806312,0.008002,0.034843
4057,0.006750,0.790039,0.790039,0.008115,0.072641,0.806312,0.008002,0.034843
4058,0.001795,0.850586,0.850586,0.008031,0.034053,0.806312,0.008002,0.034843
4059,-0.006757,0.785156,0.785156,0.008051,0.021145,0.806312,0.008002,0.034843
4060,0.002924,0.804688,0.804688,0.007669,0.032591,0.806312,0.008002,0.034843
4061,-0.004924,0.819336,0.819336,0.007679,0.035335,0.806312,0.008002,0.034843
4062,0.003103,0.806641,0.806641,0.007665,0.027331,0.806312,0.008002,0.034843
4063,0.002651,0.819336,0.819336,0.008045,0.045828,0.806312,0.008002,0.034843
4064,-0.001092,0.823242,0.823242,0.008054,0.016198,0.806312,0.008002,0.034843
4065,-0.015790,0.797852,0.797852,0.007935,0.051455,0.806312,0.008002,0.034843
4066,0.004222,0.856445,0.856445,0.007918,0.042970,0.806312,0.008002,0.034843
4067,0.004823,0.808984,0.808984,0.007446,0.039056,0.806312,0.008002,0.034843
4068,-0.001872,0.807617,0.807617,0.007881,0.030396,0.806312,0.008002,0.034843
4069,0.001845,0.808984,0.808984,0.007821,0.011515,0.806312,0.008002,0.034843
4070,-0.000158,0.814844,0.814844,0.007838,0.050019,0.806312,0.008002,0.034843
4071,-0.000586,0.777344,0.777344,0.007905,0.025478,0.806312,0.008002,0.034843
4072,0.002518,0.805078,0.805078,0.007750,0.052077,0.806312,0.008002,0.034843
4073,0.011316,0.807617,0.807617,0.008305,0.043813,0.806312,0.008002,0.034843
4074,0.008357,0.766602,0.766602,0.007580,0.038930,0.806312,0.008002,0.034843
4075,0.010382,0.788086,0.788086,0.007905,0.048182,0.806312,0.008002,0.034843
4076,0.002340,0.850391,0.850391,0.007901,0.051357,0.806312,0.008002,0.034843
4077,0.001211,0.800781,0.800781,0.007764,0.015208,0.806312,0.008002,0.034843
4078,0.004797,0.810547,0.810547,0.007372,0.019608,0.806312,0.008002,0.034843
4079,0.002549,0.794922,0.794922,0.007546,0.035609,0.806312,0.008002,0.034843
4080,0.002165,0.825195,0.825195,0.008700,0.036201,0.806312,0.008002,0.034843
4081,0.003681,0.818359,0.818359,0.008217,0.039300,0.806312,0.008002,0.034843
4082,0.003831,0.839453,0.839453,0.007300,0.044693,0.806312,0.008002,0.034843
4083,-0.004848,0.820312,0.820312,0.008328,0.028122,0.806312,0.008002,0.034843
4084,-0.008199,0.820312,0.820312,0.007520,0.034473,0.806312,0.008002,0.034843
4085,-0.028261,0.790039,0.790039,0.007917,0.005387,0.806312,0.008002,0.034843
4086,-0.006648,0.791016,0.791016,0.008048,0.027961,0.806312,0.008002,0.034843
4087,0.001839,0.810547,0.810547,0.007894,0.032659,0.806312,0.008002,0.034843
4088,0.002995,0.787109,0.787109,0.007585,0.029986,0.806312,0.008002,0.034843
4089,-0.001910,0.800781,0.800781,0.007935,0.026752,0.806312,0.008002,0.034843
4090,0.001686,0.812500,0.812500,0.007817,0.014576,0.806312,0.008002,0.034843
4091,0.003470,0.838867,0.838867,0.007556,0.042494,0.806312,0.008002,0.034843
4092,-0.005915,0.822266,0.822266,0.008120,0.029164,0.806312,0.008002,0.034843
4093,0.002364,0.828125,0.828125,0.007778,0.026421,0.806312,0.008002,0.034843
4094,0.002950,0.803711,0.803711,0.007823,0.037787,0.806312,0.008002,0.034843
4095,0.002705,0.784570,0.784570,0.007927,0.035307,0.806312,0.008002,0.034843
4096,-0.015570,0.787109,0.787109,0.007819,0.028371,0.806312,0.008002,0.034843
4097,-0.035521,0.843750,0.843750,0.007827,0.047436,0.806312,0.008002,0.034843
4098,-0.001091,0.835938,0.835938,0.008011,0.017702,0.806312,0.008002,0.034843
4099,-0.001429,0.818359,0.818359,0.007812,0.047025,0.806312,0.008002,0.034843
4100,0.005129,0.802539,0.802539,0.008076,0.044101,0.806312,0.008002,0.034843
4101,0.000530,0.784180,0.784180,0.007968,0.031270,0.806312,0.008002,0.034843
4102,0.003838,0.811523,0.811523,0.008276,0.036749,0.806312,0.008002,0.034843
4103,0.001595,0.796875,0.796875,0.008391,0.022167,0.806312,0.008002,0.034843
4104,-0.006527,0.800781,0.800781,0.008119,0.028670,0.806312,0.008002,0.034843
4105,-0.000262,0.799805,0.799805,0.007760,0.033679,0.806312,0.008002,0.034843
4106,0.004102,0.820312,0.820312,0.007820,0.030111,0.806312,0.008002,0.034843
4107,0.003672,0.788086,0.788086,0.007915,0.033315,0.806312,0.008002,0.034843
4108,0.000667,0.808594,0.808594,0.007814,0.044974,0.806312,0.008002,0.034843
4109,-0.015108,0.851367,0.851367,0.007776,0.058286,0.806312,0.008002,0.034843
4110,0.003228,0.850000,0.850000,0.007807,0.040773,0.806312,0.008002,0.034843
4111,-0.000762,0.811523,0.811523,0.007984,0.017655,0.806312,0.008002,0.034843
4112,-0.006833,0.799805,0.799805,0.007875,0.011632,0.806312,0.008002,0.034843
4113,-0.006739,0.784180,0.784180,0.007888,0.036407,0.806312,0.008002,0.034843
4114,-0.002854,0.786133,0.786133,0.007735,0.017109,0.806312,0.008002,0.034843
4115,0.001149,0.813477,0.813477,0.008356,0.013319,0.806312,0.008002,0.034843
4116,-0.000054,0.843750,0.843750,0.007947,0.003126,0.806312,0.008002,0.034843
4117,0.001570,0.833984,0.833984,0.008041,0.033328,0.806312,0.008002,0.034843
4118,-0.005140,0.822070,0.822070,0.007767,0.013987,0.806312,0.008002,0.034843
4119,0.002671,0.787109,0.787109,0.007923,0.039121,0.806312,0.008002,0.034843
4120,0.009457,0.778320,0.778320,0.008016,0.037424,0.806312,0.008002,0.034843
4121,-0.000143,0.833984,0.833984,0.007596,0.064945,0.806312,0.008002,0.034843
4122,0.006274,0.796875,0.796875,0.007778,0.030256,0.806312,0.008002,0.034843
4123,0.001263,0.829102,0.829102,0.007585,0.010827,0.806312,0.008002,0.034843
4124,0.006055,0.756836,0.756836,0.007826,0.014385,0.806312,0.008002,0.034843
4125,0.005785,0.833789,0.833789,0.007769,0.049379,0.806312,0.008002,0.034843
4126,0.001702,0.748047,0.748047,0.008022,0.040774,0.806312,0.008002,0.034843
4127,0.001967,0.793945,0.793945,0.007721,0.043671,0.806312,0.008002,0.034843
4128,0.003229,0.793945,0.793945,0.007539,0.045334,0.806312,0.008002,0.034843
4129,-0.007195,0.799805,0.799805,0.007831,0.019998,0.806312,0.008002,0.034843
4130,0.003234,0.784180,0.784180,0.007899,0.031053,0.806312,0.008002,0.034843
4131,0.001391,0.827148,0.827148,0.008151,0.011357,0.806312,0.008002,0.034843
4132,-0.000813,0.814453,0.814453,0.008391,0.018842,0.806312,0.008002,0.034843
4133,-0.007161,0.789453,0.789453,0.007796,0.022369,0.806312,0.008002,0.034843
4134,0.006765,0.843359,0.843359,0.008212,0.047767,0.806312,0.008002,0.034843
4135,-0.001517,0.817383,0.817383,0.007703,0.017908,0.806312,0.008002,0.034843
4136,0.000680,0.798047,0.798047,0.007991,0.033432,0.806312,0.008002,0.034843
4137,0.003317,0.809570,0.809570,0.007720,0.035201,0.806312,0.008002,0.034843
4138,0.004981,0.827148,0.827148,0.007680,0.031446,0.806312,0.008002,0.034843
4139,0.001827,0.769531,0.769531,0.007837,0.029036,0.806312,0.008002,0.034843
4140,0.004522,0.838867,0.838867,0.007826,0.037360,0.806312,0.008002,0.034843
4141,0.005635,0.852539,0.852539,0.007813,0.038848,0.806312,0.008002,0.034843
4142,-0.015657,0.744531,0.744531,0.007787,0.016749,0.806312,0.008002,0.034843
4143,-0.005121,0.835938,0.835938,0.007764,0.027586,0.806312,0.008002,0.034843
4144,0.003509,0.801758,0.801758,0.007830,0.030477,0.806312,0.008002,0.034843
4145,0.002888,0.777344,0.777344,0.007583,0.037113,0.806312,0.008002,0.034843
4146,0.005247,0.822266,0.822266,0.008214,0.056124,0.806312,0.008002,0.034843
4147,0.001981,0.833984,0.833984,0.007945,0.030589,0.806312,0.008002,0.034843
4148,0.001340,0.812500,0.812500,0.008408,0.044770,0.806312,0.008002,0.034843
4149,-0.000031,0.809570,0.809570,0.007830,0.003985,0.806312,0.008002,0.034843
4150,0.001426,0.785156,0.785156,0.007817,0.027990,0.806312,0.008002,0.034843
4151,-0.000105,0.824609,0.824609,0.007799,0.020000,0.806312,0.008002,0.034843
4152,-0.003265,0.826172,0.826172,0.008003,0.021192,0.806312,0.008002,0.034843
4153,0.000734,0.829102,0.829102,0.008097,0.040045,0.806312,0.008002,0.034843
4154,-0.019643,0.768555,0.768555,0.007843,0.059790,0.806312,0.008002,0.034843
4155,0.006515,0.823633,0.823633,0.007977,0.043795,0.806312,0.008002,0.034843
4156,0.001109,0.786719,0.786719,0.007767,0.020487,0.806312,0.008002,0.034843
4157,-0.001165,0.811523,0.811523,0.007697,0.019726,0.806312,0.008002,0.034843
4158,0.003723,0.817383,0.817383,0.007847,0.040610,0.806312,0.008002,0.034843
4159,0.000329,0.820898,0.820898,0.007857,0.038517,0.806312,0.008002,0.034843
4160,0.004050,0.808789,0.808789,0.008168,0.039640,0.806312,0.008002,0.034843
4161,0.002593,0.797852,0.797852,0.007848,0.063761,0.806312,0.008002,0.034843
4162,0.001306,0.809570,0.809570,0.007854,0.013431,0.806312,0.008002,0.034843
4163,0.006890,0.789062,0.789062,0.007653,0.046983,0.806312,0.008002,0.034843
4164,0.001746,0.821680,0.821680,0.007733,0.031110,0.806312,0.008002,0.034843
4165,-0.002965,0.812500,0.812500,0.007808,0.037817,0.806312,0.008002,0.034843
4166,-0.000051,0.848633,0.848633,0.008422,0.023700,0.806312,0.008002,0.034843
4167,-0.000117,0.829102,0.829102,0.008310,0.007257,0.806312,0.008002,0.034843
4168,-0.002513,0.834961,0.834961,0.007444,0.025420,0.806312,0.008002,0.034843
4169,0.002057,0.792969,0.792969,0.007699,0.030184,0.806312,0.008002,0.034843
4170,0.003602,0.772461,0.772461,0.008048,0.026878,0.806312,0.008002,0.034843
4171,0.004644,0.828320,0.828320,0.007434,0.056420,0.806312,0.008002,0.034843
4172,-0.010864,0.796094,0.796094,0.008078,0.043621,0.806312,0.008002,0.034843
4173,0.001621,0.789062,0.789062,0.008131,0.012181,0.806312,0.008002,0.034843
4174,-0.000917,0.793945,0.793945,0.007521,0.052554,0.806312,0.008002,0.034843
4175,-0.009963,0.799805,0.799805,0.007763,0.036174,0.806312,0.008002,0.034843
4176,0.004172,0.813477,0.813477,0.008073,0.016820,0.806312,0.008002,0.034843
4177,-0.000640,0.810547,0.810547,0.007559,0.014800,0.806312,0.008002,0.034843
4178,-0.004981,0.851562,0.851562,0.007853,0.041188,0.806312,0.008002,0.034843
4179,0.001691,0.830469,0.830469,0.008206,0.021381,0.806312,0.008002,0.034843
4180,0.003365,0.815430,0.815430,0.007829,0.003497,0.806312,0.008002,0.034843
4181,-0.003876,0.786719,0.786719,0.007896,0.034642,0.806312,0.008002,0.034843
4182,0.002658,0.826172,0.826172,0.007812,0.020706,0.806312,0.008002,0.034843
4183,0.002487,0.814453,0.814453,0.008303,0.022498,0.806312,0.008002,0.034843
4184,-0.007676,0.768555,0.768555,0.007929,0.018418,0.806312,0.008002,0.034843
4185,0.001020,0.836914,0.836914,0.007919,0.019662,0.806312,0.008002,0.034843
4186,-0.004700,0.801758,0.801758,0.007816,0.012461,0.806312,0.008002,0.034843
4187,-0.000599,0.781641,0.781641,0.008013,0.015050,0.806312,0.008002,0.034843
4188,0.000654,0.791016,0.791016,0.007774,0.023849,0.806312,0.008002,0.034843
4189,0.001073,0.805469,0.805469,0.007894,0.037477,0.806312,0.008002,0.034843
4190,0.001227,0.814258,0.814258,0.007937,0.030292,0.806312,0.008002,0.034843
4191,0.004829,0.812500,0.812500,0.008125,0.038404,0.806312,0.008002,0.034843
4192,-0.001528,0.811523,0.811523,0.007955,0.011451,0.806312,0.008002,0.034843
4193,0.000001,0.786133,0.786133,0.008247,0.003731,0.806312,0.008002,0.034843
4194,0.007067,0.798828,0.798828,0.008030,0.076534,0.806312,0.008002,0.034843
4195,0.000763,0.810547,0.810547,0.007992,0.019407,0.806312,0.008002,0.034843
4196,0.002956,0.795898,0.795898,0.008069,0.029659,0.806312,0.008002,0.034843
4197,0.006769,0.818359,0.818359,0.007856,0.029108,0.806312,0.008002,0.034843
4198,0.010320,0.794922,0.794922,0.007827,0.036394,0.806312,0.008002,0.034843
4199,-0.007933,0.835938,0.835938,0.008032,0.041333,0.806312,0.008002,0.034843
4200,-0.003063,0.776367,0.776367,0.007804,0.054657,0.806312,0.008002,0.034843
4201,0.002151,0.789062,0.789062,0.007672,0.057077,0.806312,0.008002,0.034843
4202,0.005580,0.802734,0.802734,0.007619,0.060219,0.806312,0.008002,0.034843
4203,0.003656,0.811328,0.811328,0.007785,0.034235,0.806312,0.008002,0.034843
4204,-0.001303,0.785156,0.785156,0.007762,0.034908,0.806312,0.008002,0.034843
4205,-0.003489,0.819336,0.819336,0.007645,0.021762,0.806312,0.008002,0.034843
4206,-0.004945,0.828906,0.828906,0.007904,0.039482,0.806312,0.008002,0.034843
4207,0.001016,0.789062,0.789062,0.007740,0.030784,0.806312,0.008002,0.034843
4208,-0.019054,0.795898,0.795898,0.008020,0.019962,0.806312,0.008002,0.034843
4209,0.005769,0.812500,0.812500,0.007903,0.047586,0.806312,0.008002,0.034843
4210,0.005983,0.832031,0.832031,0.007950,0.049434,0.806312,0.008002,0.034843
4211,-0.024953,0.794922,0.794922,0.008013,0.045378,0.806312,0.008002,0.034843
4212,0.004823,0.781641,0.781641,0.007892,0.031858,0.806312,0.008002,0.034843
4213,-0.000442,0.787109,0.787109,0.007367,0.011418,0.806312,0.008002,0.034843
4214,-0.003082,0.791992,0.791992,0.007296,0.022187,0.806312,0.008002,0.034843
4215,-0.002118,0.796875,0.796875,0.007816,0.051347,0.806312,0.008002,0.034843
4216,-0.030696,0.814453,0.814453,0.007644,0.021839,0.806312,0.008002,0.034843
4217,0.006462,0.805664,0.805664,0.008072,0.019805,0.806312,0.008002,0.034843
4218,-0.035382,0.816406,0.816406,0.007886,0.027451,0.806312,0.008002,0.034843
4219,-0.005242,0.862305,0.862305,0.007960,0.053433,0.806312,0.008002,0.034843
4220,-0.000205,0.827148,0.827148,0.007610,0.010727,0.806312,0.008002,0.034843
4221,-0.003924,0.788086,0.788086,0.008059,0.021443,0.806312,0.008002,0.034843
4222,0.004086,0.774414,0.774414,0.007738,0.031118,0.806312,0.008002,0.034843
4223,0.001845,0.779297,0.779297,0.007834,0.039784,0.806312,0.008002,0.034843
4224,0.003901,0.853516,0.853516,0.008639,0.040800,0.806312,0.008002,0.034843
4225,0.003708,0.830078,0.830078,0.007758,0.034167,0.806312,0.008002,0.034843
4226,0.000675,0.795898,0.795898,0.007824,0.025653,0.806312,0.008002,0.034843
4227,0.007492,0.823242,0.823242,0.007838,0.046460,0.806312,0.008002,0.034843
4228,-0.001126,0.825195,0.825195,0.008178,0.035614,0.806312,0.008002,0.034843
4229,0.000427,0.828125,0.828125,0.008020,0.022429,0.806312,0.008002,0.034843
4230,-0.009286,0.824219,0.824219,0.007562,0.021551,0.806312,0.008002,0.034843
4231,0.000785,0.812500,0.812500,0.007820,0.065117,0.806312,0.008002,0.034843
4232,0.006480,0.800781,0.800781,0.007597,0.045230,0.806312,0.008002,0.034843
4233,-0.000391,0.840820,0.840820,0.007928,0.040629,0.806312,0.008002,0.034843
4234,-0.007807,0.813477,0.813477,0.007862,0.046369,0.806312,0.008002,0.034843
4235,-0.000342,0.819336,0.819336,0.008108,0.010974,0.806312,0.008002,0.034843
4236,0.001101,0.808594,0.808594,0.007817,0.020494,0.806312,0.008002,0.034843
4237,-0.000005,0.807813,0.807813,0.008104,0.002624,0.806312,0.008002,0.034843
4238,0.004439,0.797852,0.797852,0.007803,0.029526,0.806312,0.008002,0.034843
4239,0.001554,0.841797,0.841797,0.007714,0.026613,0.806312,0.008002,0.034843
4240,0.004751,0.832031,0.832031,0.007783,0.031480,0.806312,0.008002,0.034843
4241,0.003579,0.788086,0.788086,0.008280,0.024447,0.806312,0.008002,0.034843
4242,-0.008980,0.817383,0.817383,0.008331,0.022496,0.806312,0.008002,0.034843
4243,-0.010634,0.832031,0.832031,0.008250,0.031738,0.806312,0.008002,0.034843
4244,0.002752,0.789062,0.789062,0.008461,0.025400,0.806312,0.008002,0.034843
4245,0.001497,0.807422,0.807422,0.007813,0.026667,0.806312,0.008002,0.034843
4246,-0.025658,0.833984,0.833984,0.007659,0.043688,0.806312,0.008002,0.034843
4247,0.003342,0.811523,0.811523,0.007827,0.026918,0.806312,0.008002,0.034843
4248,-0.023697,0.791992,0.791992,0.007660,0.044728,0.806312,0.008002,0.034843
4249,0.007421,0.722656,0.722656,0.008279,0.046442,0.806312,0.008002,0.034843
4250,0.006258,0.818359,0.818359,0.008264,0.054607,0.806312,0.008002,0.034843
4251,0.002403,0.809570,0.809570,0.007859,0.054964,0.806312,0.008002,0.034843
4252,0.003647,0.828125,0.828125,0.007734,0.018102,0.806312,0.008002,0.034843
4253,-0.002030,0.792969,0.792969,0.007997,0.047970,0.806312,0.008002,0.034843
4254,-0.005640,0.800195,0.800195,0.008154,0.024923,0.806312,0.008002,0.034843
4255,0.006805,0.805664,0.805664,0.008332,0.061993,0.806312,0.008002,0.034843
4256,0.009768,0.806641,0.806641,0.007531,0.055471,0.806312,0.008002,0.034843
4257,-0.001030,0.828125,0.828125,0.007924,0.028602,0.806312,0.008002,0.034843
4258,0.010143,0.819336,0.819336,0.007318,0.045424,0.806312,0.008002,0.034843
4259,0.001888,0.817383,0.817383,0.007701,0.015644,0.806312,0.008002,0.034843
4260,0.001231,0.795898,0.795898,0.007823,0.039125,0.806312,0.008002,0.034843
4261,0.000218,0.831055,0.831055,0.007940,0.020109,0.806312,0.008002,0.034843
4262,0.001809,0.844727,0.844727,0.007905,0.030153,0.806312,0.008002,0.034843
4263,-0.000046,0.781641,0.781641,0.007952,0.059927,0.806312,0.008002,0.034843
4264,0.002514,0.843945,0.843945,0.007723,0.042619,0.806312,0.008002,0.034843
4265,-0.004944,0.823242,0.823242,0.007976,0.025328,0.806312,0.008002,0.034843
4266,0.003953,0.797852,0.797852,0.007824,0.061888,0.806312,0.008002,0.034843
4267,-0.000556,0.812500,0.812500,0.007796,0.018464,0.806312,0.008002,0.034843
4268,0.006239,0.777734,0.777734,0.008492,0.033325,0.806312,0.008002,0.034843
4269,0.009233,0.779297,0.779297,0.007744,0.021874,0.806312,0.008002,0.034843
4270,0.005588,0.817383,0.817383,0.008101,0.045625,0.806312,0.008002,0.034843
4271,0.009228,0.816406,0.816406,0.007884,0.005423,0.806312,0.008002,0.034843
4272,-0.000569,0.806250,0.806250,0.008268,0.015136,0.806312,0.008002,0.034843
4273,0.005905,0.808594,0.808594,0.007971,0.046789,0.806312,0.008002,0.034843
4274,0.000627,0.797852,0.797852,0.007937,0.021919,0.806312,0.008002,0.034843
4275,-0.000541,0.797852,0.797852,0.008053,0.014060,0.806312,0.008002,0.034843
4276,0.004052,0.809570,0.809570,0.007547,0.046274,0.806312,0.008002,0.034843
4277,-0.001282,0.760742,0.760742,0.007920,0.057564,0.806312,0.008002,0.034843
4278,-0.000282,0.794922,0.794922,0.007813,0.011077,0.806312,0.008002,0.034843
4279,0.007312,0.796875,0.796875,0.007658,0.040216,0.806312,0.008002,0.034843
4280,-0.004450,0.796875,0.796875,0.007870,0.008772,0.806312,0.008002,0.034843
4281,0.002437,0.790039,0.790039,0.007665,0.038203,0.806312,0.008002,0.034843
4282,0.002312,0.833008,0.833008,0.008179,0.027974,0.806312,0.008002,0.034843
4283,-0.000653,0.801758,0.801758,0.008145,0.014928,0.806312,0.008002,0.034843
4284,0.006753,0.765625,0.765625,0.007963,0.066466,0.806312,0.008002,0.034843
4285,0.008366,0.830078,0.830078,0.007656,0.073301,0.806312,0.008002,0.034843
4286,0.001650,0.806641,0.806641,0.007860,0.014604,0.806312,0.008002,0.034843
4287,0.003506,0.794922,0.794922,0.007835,0.074787,0.806312,0.008002,0.034843
4288,0.002830,0.838867,0.838867,0.007417,0.043631,0.806312,0.008002,0.034843
4289,0.009164,0.785156,0.785156,0.008134,0.017346,0.806312,0.008002,0.034843
4290,0.001656,0.785156,0.785156,0.007354,0.022076,0.806312,0.008002,0.034843
4291,-0.003670,0.783789,0.783789,0.007879,0.023375,0.806312,0.008002,0.034843
4292,-0.006893,0.794922,0.794922,0.007429,0.032862,0.806312,0.008002,0.034843
4293,0.004778,0.814062,0.814062,0.008123,0.036966,0.806312,0.008002,0.034843
4294,0.001904,0.814453,0.814453,0.008006,0.040396,0.806312,0.008002,0.034843
4295,0.000876,0.779297,0.779297,0.007890,0.034347,0.806312,0.008002,0.034843
4296,0.000000,0.786523,0.786523,0.007875,0.035673,0.806312,0.008002,0.034843
4297,0.002138,0.807617,0.807617,0.007857,0.048373,0.806312,0.008002,0.034843
4298,0.004351,0.790039,0.790039,0.007806,0.031942,0.806312,0.008002,0.034843
4299,-0.001126,0.824219,0.824219,0.007904,0.026071,0.806312,0.008002,0.034843
4300,0.005797,0.802734,0.802734,0.007945,0.043072,0.806312,0.008002,0.034843
4301,-0.014900,0.788477,0.788477,0.007863,0.038574,0.806312,0.008002,0.034843
4302,0.002206,0.820898,0.820898,0.007843,0.048123,0.806312,0.008002,0.034843
4303,0.004439,0.777734,0.777734,0.008372,0.025733,0.806312,0.008002,0.034843
4304,0.000371,0.826172,0.826172,0.007587,0.033613,0.806312,0.008002,0.034843
4305,-0.017156,0.812500,0.812500,0.007988,0.042081,0.806312,0.008002,0.034843
4306,0.003352,0.799805,0.799805,0.007959,0.027920,0.806312,0.008002,0.034843
4307,-0.000877,0.790430,0.790430,0.007972,0.018410,0.806312,0.008002,0.034843
4308,-0.000869,0.805859,0.805859,0.007991,0.021774,0.806312,0.008002,0.034843
4309,0.008773,0.814453,0.814453,0.007892,0.043798,0.806312,0.008002,0.034843
4310,0.004870,0.799805,0.799805,0.007920,0.025609,0.806312,0.008002,0.034843
4311,-0.000075,0.805664,0.805664,0.008168,0.035099,0.806312,0.008002,0.034843
4312,0.000650,0.768359,0.768359,0.007992,0.032622,0.806312,0.008002,0.034843
4313,-0.022931,0.816406,0.816406,0.007880,0.037937,0.806312,0.008002,0.034843
4314,0.000270,0.825195,0.825195,0.007605,0.017620,0.806312,0.008002,0.034843
4315,0.003467,0.794336,0.794336,0.008369,0.038466,0.806312,0.008002,0.034843
4316,0.006983,0.793945,0.793945,0.007878,0.022266,0.806312,0.008002,0.034843
4317,0.002026,0.797852,0.797852,0.008202,0.014193,0.806312,0.008002,0.034843
4318,0.010426,0.816406,0.816406,0.007591,0.040766,0.806312,0.008002,0.034843
4319,-0.019661,0.827148,0.827148,0.007906,0.058995,0.806312,0.008002,0.034843
4320,0.008360,0.793945,0.793945,0.007865,0.037423,0.806312,0.008002,0.034843
4321,0.000814,0.825195,0.825195,0.008275,0.026996,0.806312,0.008002,0.034843
4322,0.001031,0.791992,0.791992,0.007862,0.024186,0.806312,0.008002,0.034843
4323,0.005654,0.768555,0.768555,0.007915,0.039719,0.806312,0.008002,0.034843
4324,-0.000829,0.787109,0.787109,0.008140,0.042129,0.806312,0.008002,0.034843
4325,0.000498,0.820508,0.820508,0.007991,0.031536,0.806312,0.008002,0.034843
4326,-0.007338,0.776953,0.776953,0.007536,0.026577,0.806312,0.008002,0.034843
4327,0.001408,0.784180,0.784180,0.007729,0.031771,0.806312,0.008002,0.034843
4328,-0.003053,0.833984,0.833984,0.007922,0.022528,0.806312,0.008002,0.034843
4329,0.004755,0.801758,0.801758,0.007815,0.046010,0.806312,0.008002,0.034843
4330,0.000852,0.812500,0.812500,0.008384,0.026102,0.806312,0.008002,0.034843
4331,0.004449,0.821289,0.821289,0.007993,0.039620,0.806312,0.008002,0.034843
4332,0.000040,0.805273,0.805273,0.008153,0.051679,0.806312,0.008002,0.034843
4333,0.002767,0.814844,0.814844,0.007861,0.021519,0.806312,0.008002,0.034843
4334,0.006602,0.778320,0.778320,0.007992,0.025175,0.806312,0.008002,0.034843
4335,-0.000387,0.821289,0.821289,0.008047,0.013621,0.806312,0.008002,0.034843
4336,0.010843,0.770117,0.770117,0.007928,0.050462,0.806312,0.008002,0.034843
4337,-0.010504,0.796289,0.796289,0.008233,0.037390,0.806312,0.008002,0.034843
4338,-0.007807,0.792969,0.792969,0.007890,0.032195,0.806312,0.008002,0.034843
4339,-0.000171,0.762695,0.762695,0.007792,0.013679,0.806312,0.008002,0.034843
4340,0.000151,0.795898,0.795898,0.007731,0.031763,0.806312,0.008002,0.034843
4341,-0.005033,0.797852,0.797852,0.007912,0.051331,0.806312,0.008002,0.034843
4342,0.003931,0.785156,0.785156,0.007775,0.030662,0.806312,0.008002,0.034843
4343,0.002026,0.775391,0.775391,0.007921,0.037315,0.806312,0.008002,0.034843
4344,0.006487,0.781250,0.781250,0.008121,0.051312,0.806312,0.008002,0.034843
4345,-0.006818,0.768555,0.768555,0.008317,0.016359,0.806312,0.008002,0.034843
4346,-0.008165,0.806641,0.806641,0.007841,0.055506,0.806312,0.008002,0.034843
4347,0.001355,0.803711,0.803711,0.007988,0.019565,0.806312,0.008002,0.034843
4348,0.003755,0.792969,0.792969,0.008101,0.029549,0.806312,0.008002,0.034843
4349,-0.000306,0.777344,0.777344,0.008544,0.011913,0.806312,0.008002,0.034843
4350,0.000324,0.801758,0.801758,0.007888,0.020310,0.806312,0.008002,0.034843
4351,0.008284,0.780664,0.780664,0.008030,0.045060,0.806312,0.008002,0.034843
4352,0.001735,0.769531,0.769531,0.007823,0.034855,0.806312,0.008002,0.034843
4353,0.007736,0.793945,0.793945,0.007726,0.061048,0.806312,0.008002,0.034843
4354,-0.000444,0.781250,0.781250,0.007915,0.010586,0.806312,0.008002,0.034843
4355,0.003247,0.810547,0.810547,0.007875,0.037182,0.806312,0.008002,0.034843
4356,-0.019670,0.835938,0.835938,0.007757,0.046915,0.806312,0.008002,0.034843
4357,0.005504,0.844141,0.844141,0.007712,0.024985,0.806312,0.008002,0.034843
4358,0.001727,0.784180,0.784180,0.007858,0.036772,0.806312,0.008002,0.034843
4359,0.006157,0.791016,0.791016,0.007780,0.039861,0.806312,0.008002,0.034843
4360,0.002593,0.778125,0.778125,0.008073,0.023828,0.806312,0.008002,0.034843
4361,0.000288,0.801758,0.801758,0.008142,0.026932,0.806312,0.008002,0.034843
4362,-0.000096,0.766602,0.766602,0.007770,0.039902,0.806312,0.008002,0.034843
4363,0.003560,0.823242,0.823242,0.007771,0.066481,0.806312,0.008002,0.034843
4364,-0.001258,0.782227,0.782227,0.008026,0.030642,0.806312,0.008002,0.034843
4365,-0.003917,0.845703,0.845703,0.007747,0.030988,0.806312,0.008002,0.034843
4366,0.000518,0.823242,0.823242,0.007920,0.029358,0.806312,0.008002,0.034843
4367,0.004662,0.781250,0.781250,0.007975,0.042349,0.806312,0.008002,0.034843
4368,0.003382,0.800391,0.800391,0.008267,0.026522,0.806312,0.008002,0.034843
4369,0.010418,0.796680,0.796680,0.008083,0.029627,0.806312,0.008002,0.034843
4370,-0.014782,0.785742,0.785742,0.007583,0.028622,0.806312,0.008002,0.034843
4371,-0.004901,0.795898,0.795898,0.007802,0.026804,0.806312,0.008002,0.034843
4372,0.001221,0.795117,0.795117,0.008516,0.026010,0.806312,0.008002,0.034843
4373,-0.003655,0.785156,0.785156,0.007650,0.027652,0.806312,0.008002,0.034843
4374,0.002030,0.786133,0.786133,0.008023,0.047674,0.806312,0.008002,0.034843
4375,0.001452,0.813477,0.813477,0.007759,0.025980,0.806312,0.008002,0.034843
4376,-0.001331,0.804688,0.804688,0.007718,0.058054,0.806312,0.008002,0.034843
4377,0.002491,0.801758,0.801758,0.007765,0.039217,0.806312,0.008002,0.034843
4378,-0.001861,0.842773,0.842773,0.007790,0.042103,0.806312,0.008002,0.034843
4379,0.004283,0.782422,0.782422,0.007736,0.021931,0.806312,0.008002,0.034843
4380,0.009735,0.830078,0.830078,0.007487,0.043424,0.806312,0.008002,0.034843
4381,0.002350,0.846680,0.846680,0.007836,0.045602,0.806312,0.008002,0.034843
4382,0.003964,0.780273,0.780273,0.007457,0.024325,0.806312,0.008002,0.034843
4383,0.004241,0.830078,0.830078,0.007972,0.018802,0.806312,0.008002,0.034843
4384,-0.002695,0.796875,0.796875,0.007819,0.034761,0.806312,0.008002,0.034843
4385,0.007236,0.795117,0.795117,0.007489,0.040506,0.806312,0.008002,0.034843
4386,-0.000484,0.763672,0.763672,0.008226,0.044783,0.806312,0.008002,0.034843
4387,0.001753,0.780273,0.780273,0.008048,0.019420,0.806312,0.008002,0.034843
4388,0.009618,0.811523,0.811523,0.007993,0.020936,0.806312,0.008002,0.034843
4389,-0.005466,0.800781,0.800781,0.007783,0.044136,0.806312,0.008002,0.034843
4390,-0.001056,0.818359,0.818359,0.008145,0.040773,0.806312,0.008002,0.034843
4391,0.004391,0.823242,0.823242,0.007725,0.042180,0.806312,0.008002,0.034843
4392,0.002326,0.831055,0.831055,0.007842,0.057014,0.806312,0.008002,0.034843
4393,0.004269,0.782227,0.782227,0.008003,0.060436,0.806312,0.008002,0.034843
4394,0.005179,0.810547,0.810547,0.007975,0.037337,0.806312,0.008002,0.034843
4395,0.006716,0.799805,0.799805,0.007878,0.049951,0.806312,0.008002,0.034843
4396,0.002258,0.780273,0.780273,0.008034,0.033432,0.806312,0.008002,0.034843
4397,0.005933,0.799805,0.799805,0.007594,0.065624,0.806312,0.008002,0.034843
4398,0.001825,0.814062,0.814062,0.007860,0.032028,0.806312,0.008002,0.034843
4399,0.002373,0.799609,0.799609,0.008257,0.014426,0.806312,0.008002,0.034843
4400,-0.007708,0.813867,0.813867,0.008221,0.022264,0.806312,0.008002,0.034843
4401,-0.000140,0.813477,0.813477,0.007898,0.004142,0.806312,0.008002,0.034843
4402,-0.010627,0.807227,0.807227,0.007960,0.041306,0.806312,0.008002,0.034843
4403,0.001145,0.812891,0.812891,0.007823,0.042591,0.806312,0.008002,0.034843
4404,-0.003652,0.806641,0.806641,0.007985,0.045177,0.806312,0.008002,0.034843
4405,0.001148,0.790430,0.790430,0.007977,0.034176,0.806312,0.008002,0.034843
4406,0.005786,0.798828,0.798828,0.008078,0.028789,0.806312,0.008002,0.034843
4407,0.002243,0.781250,0.781250,0.008206,0.015046,0.806312,0.008002,0.034843
4408,0.002038,0.824219,0.824219,0.007765,0.034456,0.806312,0.008002,0.034843
4409,0.003610,0.805664,0.805664,0.007912,0.060357,0.806312,0.008002,0.034843
4410,-0.000503,0.821289,0.821289,0.008071,0.015470,0.806312,0.008002,0.034843
4411,0.006793,0.777344,0.777344,0.008101,0.041867,0.806312,0.008002,0.034843
4412,-0.000057,0.797852,0.797852,0.007729,0.004922,0.806312,0.008002,0.034843
4413,-0.000492,0.827148,0.827148,0.007792,0.040955,0.806312,0.008002,0.034843
4414,-0.000040,0.766602,0.766602,0.008333,0.010789,0.806312,0.008002,0.034843
4415,-0.004285,0.811914,0.811914,0.008307,0.029327,0.806312,0.008002,0.034843
4416,0.000057,0.847656,0.847656,0.007975,0.054264,0.806312,0.008002,0.034843
4417,0.000627,0.804688,0.804688,0.007507,0.032836,0.806312,0.008002,0.034843
4418,0.000204,0.795117,0.795117,0.007947,0.041565,0.806312,0.008002,0.034843
4419,0.004696,0.782227,0.782227,0.007874,0.026807,0.806312,0.008002,0.034843
4420,0.006477,0.763086,0.763086,0.008076,0.017730,0.806312,0.008002,0.034843
4421,0.004268,0.766602,0.766602,0.007859,0.029336,0.806312,0.008002,0.034843
4422,0.007907,0.789062,0.789062,0.008138,0.021235,0.806312,0.008002,0.034843
4423,0.001882,0.754883,0.754883,0.008299,0.046543,0.806312,0.008002,0.034843
4424,-0.006124,0.771484,0.771484,0.007344,0.074238,0.806312,0.008002,0.034843
4425,0.001359,0.849609,0.849609,0.008306,0.017732,0.806312,0.008002,0.034843
4426,0.000996,0.846680,0.846680,0.007434,0.041552,0.806312,0.008002,0.034843
4427,-0.000617,0.806641,0.806641,0.007895,0.036800,0.806312,0.008002,0.034843
4428,0.001233,0.848633,0.848633,0.008024,0.033364,0.806312,0.008002,0.034843
4429,0.001797,0.791016,0.791016,0.007979,0.042249,0.806312,0.008002,0.034843
4430,0.004146,0.784180,0.784180,0.007765,0.038371,0.806312,0.008002,0.034843
4431,0.002708,0.796875,0.796875,0.007565,0.041241,0.806312,0.008002,0.034843
4432,-0.000562,0.833008,0.833008,0.008122,0.020804,0.806312,0.008002,0.034843
4433,-0.000117,0.804688,0.804688,0.007951,0.003719,0.806312,0.008002,0.034843
4434,-0.008062,0.834961,0.834961,0.008102,0.033476,0.806312,0.008002,0.034843
4435,0.003599,0.809961,0.809961,0.008256,0.029694,0.806312,0.008002,0.034843
4436,0.003095,0.822266,0.822266,0.007939,0.032478,0.806312,0.008002,0.034843
4437,0.000324,0.840820,0.840820,0.007835,0.027819,0.806312,0.008002,0.034843
4438,0.003243,0.823242,0.823242,0.007978,0.034435,0.806312,0.008002,0.034843
4439,0.000525,0.802734,0.802734,0.007555,0.027528,0.806312,0.008002,0.034843
4440,0.002538,0.831055,0.831055,0.007786,0.027999,0.806312,0.008002,0.034843
4441,-0.003688,0.836914,0.836914,0.007617,0.040894,0.806312,0.008002,0.034843
4442,0.008016,0.788086,0.788086,0.007645,0.020595,0.806312,0.008002,0.034843
4443,0.002132,0.805664,0.805664,0.007762,0.060558,0.806312,0.008002,0.034843
4444,-0.003787,0.818359,0.818359,0.007582,0.013735,0.806312,0.008002,0.034843
4445,0.005433,0.764258,0.764258,0.008057,0.020878,0.806312,0.008002,0.034843
4446,0.001626,0.794922,0.794922,0.008083,0.013786,0.806312,0.008002,0.034843
4447,0.003750,0.795898,0.795898,0.007594,0.050984,0.806312,0.008002,0.034843
4448,-0.002213,0.819336,0.819336,0.008026,0.031659,0.806312,0.008002,0.034843
4449,0.001520,0.783203,0.783203,0.007642,0.025981,0.806312,0.008002,0.034843
4450,-0.001797,0.839844,0.839844,0.007277,0.060028,0.806312,0.008002,0.034843
4451,-0.001503,0.808594,0.808594,0.007721,0.024469,0.806312,0.008002,0.034843
4452,-0.001300,0.840820,0.840820,0.007495,0.056241,0.806312,0.008002,0.034843
4453,0.002309,0.818945,0.818945,0.007698,0.031337,0.806312,0.008002,0.034843
4454,-0.000987,0.787109,0.787109,0.008087,0.025636,0.806312,0.008002,0.034843
4455,0.002089,0.804688,0.804688,0.007670,0.059687,0.806312,0.008002,0.034843
4456,0.005081,0.805664,0.805664,0.007679,0.069160,0.806312,0.008002,0.034843
4457,-0.003413,0.842773,0.842773,0.008286,0.038111,0.806312,0.008002,0.034843
4458,-0.002600,0.845703,0.845703,0.007646,0.035781,0.806312,0.008002,0.034843
4459,0.007232,0.800977,0.800977,0.007525,0.059994,0.806312,0.008002,0.034843
4460,0.003745,0.834961,0.834961,0.007338,0.035804,0.806312,0.008002,0.034843
4461,-0.017158,0.798828,0.798828,0.007846,0.037301,0.806312,0.008002,0.034843
4462,0.002179,0.803711,0.803711,0.007819,0.044571,0.806312,0.008002,0.034843
4463,-0.013651,0.823242,0.823242,0.008030,0.014499,0.806312,0.008002,0.034843
4464,0.003104,0.815430,0.815430,0.007847,0.047181,0.806312,0.008002,0.034843
4465,0.002501,0.813477,0.813477,0.007832,0.042983,0.806312,0.008002,0.034843
4466,-0.000540,0.827148,0.827148,0.008196,0.016760,0.806312,0.008002,0.034843
4467,-0.004260,0.800781,0.800781,0.007718,0.037544,0.806312,0.008002,0.034843
4468,0.001782,0.834570,0.834570,0.007617,0.012911,0.806312,0.008002,0.034843
4469,-0.002890,0.818359,0.818359,0.008162,0.013625,0.806312,0.008002,0.034843
4470,-0.003081,0.800781,0.800781,0.007846,0.035736,0.806312,0.008002,0.034843
4471,0.002098,0.834961,0.834961,0.007723,0.056127,0.806312,0.008002,0.034843
4472,0.006023,0.788086,0.788086,0.007919,0.037734,0.806312,0.008002,0.034843
4473,0.000744,0.846680,0.846680,0.007567,0.025452,0.806312,0.008002,0.034843
4474,0.001723,0.820312,0.820312,0.007984,0.026389,0.806312,0.008002,0.034843
4475,-0.000211,0.806641,0.806641,0.007602,0.005891,0.806312,0.008002,0.034843
4476,-0.004902,0.817578,0.817578,0.007690,0.028155,0.806312,0.008002,0.034843
4477,-0.003019,0.803711,0.803711,0.008188,0.034179,0.806312,0.008002,0.034843
4478,-0.015294,0.828125,0.828125,0.008111,0.031718,0.806312,0.008002,0.034843
4479,-0.001717,0.803711,0.803711,0.007624,0.022444,0.806312,0.008002,0.034843
4480,-0.002586,0.798828,0.798828,0.007718,0.033732,0.806312,0.008002,0.034843
4481,0.000087,0.811523,0.811523,0.007640,0.023083,0.806312,0.008002,0.034843
4482,-0.000213,0.826172,0.826172,0.007827,0.026046,0.806312,0.008002,0.034843
4483,0.005706,0.823242,0.823242,0.007514,0.060150,0.806312,0.008002,0.034843
4484,-0.015708,0.799805,0.799805,0.008322,0.034684,0.806312,0.008002,0.034843
4485,-0.001058,0.783203,0.783203,0.007429,0.049524,0.806312,0.008002,0.034843
4486,-0.031596,0.792969,0.792969,0.007711,0.060315,0.806312,0.008002,0.034843
4487,0.001826,0.814453,0.814453,0.008050,0.021434,0.806312,0.008002,0.034843
4488,0.001940,0.784570,0.784570,0.007922,0.039804,0.806312,0.008002,0.034843
4489,0.000546,0.839844,0.839844,0.008268,0.013060,0.806312,0.008002,0.034843
4490,0.007650,0.785156,0.785156,0.007607,0.047384,0.806312,0.008002,0.034843
4491,0.001945,0.798828,0.798828,0.007741,0.026859,0.806312,0.008002,0.034843
4492,-0.001074,0.787500,0.787500,0.008110,0.019306,0.806312,0.008002,0.034843
4493,0.001524,0.816211,0.816211,0.007926,0.019870,0.806312,0.008002,0.034843
4494,-0.000905,0.832031,0.832031,0.008472,0.035356,0.806312,0.008002,0.034843
4495,0.000185,0.856445,0.856445,0.007996,0.020101,0.806312,0.008002,0.034843
4496,-0.004628,0.816406,0.816406,0.007928,0.023879,0.806312,0.008002,0.034843
4497,-0.000506,0.813477,0.813477,0.007856,0.018229,0.806312,0.008002,0.034843
4498,-0.021689,0.809570,0.809570,0.008087,0.051822,0.806312,0.008002,0.034843
4499,0.001689,0.833008,0.833008,0.008063,0.021142,0.806312,0.008002,0.034843
4500,-0.032756,0.806641,0.806641,0.008023,0.030520,0.806449,0.008000,0.042080
4501,-0.001209,0.829102,0.829102,0.007664,0.043123,0.806449,0.008000,0.042080
4502,0.001757,0.799805,0.799805,0.008491,0.013308,0.806449,0.008000,0.042080
4503,-0.001488,0.833984,0.833984,0.008082,0.011364,0.806449,0.008000,0.042080
4504,0.001509,0.830078,0.830078,0.007977,0.021239,0.806449,0.008000,0.042080
4505,0.001739,0.762891,0.762891,0.007943,0.019836,0.806449,0.008000,0.042080
4506,0.006370,0.795898,0.795898,0.007944,0.032333,0.806449,0.008000,0.042080
4507,0.002200,0.801758,0.801758,0.008199,0.012959,0.806449,0.008000,0.042080
4508,0.000857,0.823242,0.823242,0.008326,0.030095,0.806449,0.008000,0.042080
4509,0.004094,0.769531,0.769531,0.008209,0.027103,0.806449,0.008000,0.042080
4510,0.005522,0.791992,0.791992,0.008190,0.023746,0.806449,0.008000,0.042080
4511,0.000692,0.795898,0.795898,0.008083,0.031367,0.806449,0.008000,0.042080
4512,-0.023482,0.783203,0.783203,0.007938,0.035797,0.806449,0.008000,0.042080
4513,-0.025791,0.809570,0.809570,0.008336,0.033652,0.806449,0.008000,0.042080
4514,0.005142,0.810547,0.810547,0.008035,0.043491,0.806449,0.008000,0.042080
4515,0.001739,0.822266,0.822266,0.007897,0.030982,0.806449,0.008000,0.042080
4516,-0.009358,0.818359,0.818359,0.007845,0.023584,0.806449,0.008000,0.042080
4517,-0.003734,0.822266,0.822266,0.007634,0.036273,0.806449,0.008000,0.042080
4518,-0.000751,0.787695,0.787695,0.007892,0.043338,0.806449,0.008000,0.042080
4519,-0.004782,0.799805,0.799805,0.007850,0.019778,0.806449,0.008000,0.042080
4520,0.008503,0.782422,0.782422,0.007882,0.040594,0.806449,0.008000,0.042080
4521,0.004802,0.782227,0.782227,0.007726,0.042823,0.806449,0.008000,0.042080
4522,-0.001971,0.837891,0.837891,0.008002,0.018088,0.806449,0.008000,0.042080
4523,0.002217,0.811523,0.811523,0.008093,0.034159,0.806449,0.008000,0.042080
4524,0.000284,0.823242,0.823242,0.008004,0.028514,0.806449,0.008000,0.042080
4525,-0.023704,0.819336,0.819336,0.007913,0.058047,0.806449,0.008000,0.042080
4526,0.003691,0.797852,0.797852,0.007217,0.028697,0.806449,0.008000,0.042080
4527,-0.000025,0.811523,0.811523,0.008077,0.027476,0.806449,0.008000,0.042080
4528,0.003922,0.810547,0.810547,0.007776,0.036566,0.806449,0.008000,0.042080
4529,-0.003461,0.809570,0.809570,0.008029,0.042047,0.806449,0.008000,0.042080
4530,-0.006944,0.806641,0.806641,0.007827,0.048524,0.806449,0.008000,0.042080
4531,-0.001969,0.823633,0.823633,0.008208,0.018944,0.806449,0.008000,0.042080
4532,0.001705,0.822266,0.822266,0.007846,0.052731,0.806449,0.008000,0.042080
4533,0.001155,0.770508,0.770508,0.007485,0.040459,0.806449,0.008000,0.042080
4534,-0.000956,0.809570,0.809570,0.007859,0.013823,0.806449,0.008000,0.042080
4535,0.003654,0.768555,0.768555,0.007878,0.028853,0.806449,0.008000,0.042080
4536,0.005189,0.778320,0.778320,0.008052,0.036418,0.806449,0.008000,0.042080
4537,-0.000073,0.765625,0.765625,0.008060,0.036429,0.806449,0.008000,0.042080
4538,0.002182,0.806641,0.806641,0.007751,0.029055,0.806449,0.008000,0.042080
4539,0.004482,0.840820,0.840820,0.007989,0.026182,0.806449,0.008000,0.042080
4540,-0.007595,0.826172,0.826172,0.007397,0.040192,0.806449,0.008000,0.042080
4541,-0.000001,0.828125,0.828125,0.008007,0.003737,0.806449,0.008000,0.042080
4542,0.002119,0.836914,0.836914,0.008113,0.008209,0.806449,0.008000,0.042080
4543,0.002031,0.832031,0.832031,0.007424,0.029411,0.806449,0.008000,0.042080
4544,-0.000432,0.813477,0.813477,0.007717,0.024847,0.806449,0.008000,0.042080
4545,-0.000484,0.781250,0.781250,0.007683,0.011986,0.806449,0.008000,0.042080
4546,-0.005271,0.827148,0.827148,0.008184,0.047334,0.806449,0.008000,0.042080
4547,-0.000138,0.799219,0.799219,0.007838,0.027848,0.806449,0.008000,0.042080
4548,-0.002658,0.803711,0.803711,0.007700,0.024593,0.806449,0.008000,0.042080
4549,0.009077,0.814453,0.814453,0.008030,0.032012,0.806449,0.008000,0.042080
4550,0.003264,0.802930,0.802930,0.008201,0.027690,0.806449,0.008000,0.042080
4551,-0.000885,0.804688,0.804688,0.007849,0.021718,0.806449,0.008000,0.042080
4552,-0.000378,0.777344,0.777344,0.008286,0.027986,0.806449,0.008000,0.042080
4553,-0.001841,0.834961,0.834961,0.008154,0.028718,0.806449,0.008000,0.042080
4554,0.003354,0.840820,0.840820,0.008011,0.044978,0.806449,0.008000,0.042080
4555,0.003733,0.873047,0.873047,0.007816,0.018192,0.806449,0.008000,0.042080
4556,0.004005,0.814453,0.814453,0.007796,0.024160,0.806449,0.008000,0.042080
4557,0.008910,0.808203,0.808203,0.008005,0.055639,0.806449,0.008000,0.042080
4558,0.005684,0.813086,0.813086,0.008604,0.045460,0.806449,0.008000,0.042080
4559,0.005673,0.817383,0.817383,0.007901,0.052176,0.806449,0.008000,0.042080
4560,-0.000433,0.811523,0.811523,0.007736,0.017639,0.806449,0.008000,0.042080
4561,0.000697,0.839453,0.839453,0.007830,0.039487,0.806449,0.008000,0.042080
4562,0.010587,0.803711,0.803711,0.007885,0.051361,0.806449,0.008000,0.042080
4563,0.002195,0.829102,0.829102,0.007994,0.052494,0.806449,0.008000,0.042080
4564,-0.000174,0.797852,0.797852,0.007838,0.061249,0.806449,0.008000,0.042080
4565,0.002348,0.838867,0.838867,0.007547,0.049775,0.806449,0.008000,0.042080
4566,-0.004919,0.817383,0.817383,0.007888,0.028428,0.806449,0.008000,0.042080
4567,0.007452,0.779297,0.779297,0.007784,0.040598,0.806449,0.008000,0.042080
4568,-0.008590,0.839844,0.839844,0.007801,0.055170,0.806449,0.008000,0.042080
4569,0.000450,0.804102,0.804102,0.008276,0.023084,0.806449,0.008000,0.042080
4570,-0.000619,0.793945,0.793945,0.007745,0.037461,0.806449,0.008000,0.042080
4571,0.004319,0.791992,0.791992,0.008118,0.052502,0.806449,0.008000,0.042080
4572,0.009268,0.798828,0.798828,0.007823,0.058411,0.806449,0.008000,0.042080
4573,-0.004381,0.812500,0.812500,0.007987,0.038074,0.806449,0.008000,0.042080
4574,0.001416,0.775391,0.775391,0.007463,0.017119,0.806449,0.008000,0.042080
4575,-0.002064,0.814453,0.814453,0.007859,0.039969,0.806449,0.008000,0.042080
4576,0.001005,0.826172,0.826172,0.008107,0.022173,0.806449,0.008000,0.042080
4577,-0.003140,0.805664,0.805664,0.007816,0.029754,0.806449,0.008000,0.042080
4578,0.001991,0.806836,0.806836,0.007761,0.051026,0.806449,0.008000,0.042080
4579,-0.017876,0.796094,0.796094,0.007599,0.036823,0.806449,0.008000,0.042080
4580,-0.005789,0.796875,0.796875,0.007517,0.066019,0.806449,0.008000,0.042080
4581,-0.000754,0.773438,0.773438,0.007766,0.033450,0.806449,0.008000,0.042080
4582,-0.000993,0.823828,0.823828,0.007978,0.051066,0.806449,0.008000,0.042080
4583,0.001462,0.802734,0.802734,0.007728,0.028306,0.806449,0.008000,0.042080
4584,0.001533,0.816406,0.816406,0.007966,0.054852,0.806449,0.008000,0.042080
4585,0.003028,0.801758,0.801758,0.007920,0.039818,0.806449,0.008000,0.042080
4586,0.004176,0.818164,0.818164,0.007839,0.051345,0.806449,0.008000,0.042080
4587,0.003247,0.791016,0.791016,0.008299,0.012764,0.806449,0.008000,0.042080
4588,0.004600,0.839844,0.839844,0.008083,0.024692,0.806449,0.008000,0.042080
4589,-0.003450,0.817383,0.817383,0.007810,0.033564,0.806449,0.008000,0.042080
4590,0.001083,0.822266,0.822266,0.007772,0.030939,0.806449,0.008000,0.042080
4591,-0.011727,0.755078,0.755078,0.007849,0.016531,0.806449,0.008000,0.042080
4592,0.004441,0.823242,0.823242,0.007818,0.048845,0.806449,0.008000,0.042080
4593,-0.024565,0.811523,0.811523,0.008096,0.033428,0.806449,0.008000,0.042080
4594,0.003495,0.753906,0.753906,0.008106,0.033193,0.806449,0.008000,0.042080
4595,-0.000744,0.823242,0.823242,0.007704,0.027688,0.806449,0.008000,0.042080
4596,0.009330,0.774414,0.774414,0.007628,0.032314,0.806449,0.008000,0.042080
4597,0.000603,0.791016,0.791016,0.008034,0.040246,0.806449,0.008000,0.042080
4598,0.000070,0.845312,0.845312,0.007733,0.038649,0.806449,0.008000,0.042080
4599,0.008370,0.765625,0.765625,0.007780,0.039031,0.806449,0.008000,0.042080
4600,-0.006122,0.795898,0.795898,0.008059,0.026295,0.806449,0.008000,0.042080
4601,0.001274,0.792969,0.792969,0.007653,0.024005,0.806449,0.008000,0.042080
4602,0.001729,0.808008,0.808008,0.008307,0.026526,0.806449,0.008000,0.042080
4603,0.004906,0.779297,0.779297,0.007732,0.053327,0.806449,0.008000,0.042080
4604,0.002307,0.770703,0.770703,0.007861,0.040557,0.806449,0.008000,0.042080
4605,-0.002769,0.832617,0.832617,0.008201,0.036613,0.806449,0.008000,0.042080
4606,0.007962,0.806055,0.806055,0.007782,0.049665,0.806449,0.008000,0.042080
4607,-0.006457,0.828125,0.828125,0.007796,0.047448,0.806449,0.008000,0.042080
4608,-0.000970,0.824219,0.824219,0.008162,0.015122,0.806449,0.008000,0.042080
4609,0.010445,0.818359,0.818359,0.008230,0.016712,0.806449,0.008000,0.042080
4610,0.001374,0.813867,0.813867,0.007896,0.025787,0.806449,0.008000,0.042080
4611,0.009006,0.816406,0.816406,0.007774,0.021033,0.806449,0.008000,0.042080
4612,0.004747,0.841797,0.841797,0.008019,0.027112,0.806449,0.008000,0.042080
4613,0.007393,0.765625,0.765625,0.008097,0.075799,0.806449,0.008000,0.042080
4614,-0.007300,0.805273,0.805273,0.007979,0.060640,0.806449,0.008000,0.042080
4615,0.005461,0.782227,0.782227,0.007540,0.041789,0.806449,0.008000,0.042080
4616,0.000999,0.788086,0.788086,0.007839,0.019839,0.806449,0.008000,0.042080
4617,-0.001272,0.798437,0.798437,0.008013,0.043407,0.806449,0.008000,0.042080
4618,0.005579,0.811523,0.811523,0.008131,0.033905,0.806449,0.008000,0.042080
4619,-0.026422,0.775391,0.775391,0.007829,0.023880,0.806449,0.008000,0.042080
4620,0.010166,0.780273,0.780273,0.008533,0.018500,0.806449,0.008000,0.042080
4621,0.000926,0.795508,0.795508,0.007777,0.028788,0.806449,0.008000,0.042080
4622,0.005721,0.797461,0.797461,0.007575,0.054065,0.806449,0.008000,0.042080
4623,0.000690,0.828906,0.828906,0.007616,0.043303,0.806449,0.008000,0.042080
4624,-0.008944,0.835938,0.835938,0.007715,0.050379,0.806449,0.008000,0.042080
4625,-0.002740,0.764648,0.764648,0.008354,0.038363,0.806449,0.008000,0.042080
4626,0.004404,0.791992,0.791992,0.007760,0.029442,0.806449,0.008000,0.042080
4627,0.000146,0.799805,0.799805,0.008279,0.026543,0.806449,0.008000,0.042080
4628,0.001803,0.835938,0.835938,0.007630,0.043113,0.806449,0.008000,0.042080
4629,0.001708,0.813086,0.813086,0.007916,0.022998,0.806449,0.008000,0.042080
4630,0.003541,0.814453,0.814453,0.007623,0.059946,0.806449,0.008000,0.042080
4631,0.007891,0.793945,0.793945,0.007655,0.039014,0.806449,0.008000,0.042080
4632,0.006989,0.811523,0.811523,0.007885,0.034377,0.806449,0.008000,0.042080
4633,0.003594,0.805664,0.805664,0.008040,0.028094,0.806449,0.008000,0.042080
4634,0.005528,0.783203,0.783203,0.007829,0.052533,0.806449,0.008000,0.042080
4635,0.004305,0.803711,0.803711,0.007788,0.020753,0.806449,0.008000,0.042080
4636,-0.009250,0.784180,0.784180,0.008058,0.047437,0.806449,0.008000,0.042080
4637,0.006140,0.809180,0.809180,0.007746,0.041902,0.806449,0.008000,0.042080
4638,-0.000669,0.779688,0.779688,0.007700,0.030398,0.806449,0.008000,0.042080
4639,0.001336,0.808594,0.808594,0.007740,0.020477,0.806449,0.008000,0.042080
4640,0.010589,0.781250,0.781250,0.007426,0.043127,0.806449,0.008000,0.042080
4641,0.004228,0.782617,0.782617,0.007914,0.045065,0.806449,0.008000,0.042080
4642,0.003834,0.782227,0.782227,0.007885,0.027320,0.806449,0.008000,0.042080
4643,0.006744,0.782227,0.782227,0.007874,0.055002,0.806449,0.008000,0.042080
4644,-0.000799,0.819336,0.819336,0.007708,0.023197,0.806449,0.008000,0.042080
4645,0.006222,0.800781,0.800781,0.007778,0.037275,0.806449,0.008000,0.042080
4646,-0.010986,0.820508,0.820508,0.007883,0.017507,0.806449,0.008000,0.042080
4647,0.001262,0.797852,0.797852,0.007975,0.043412,0.806449,0.008000,0.042080
4648,0.002991,0.777539,0.777539,0.008615,0.039104,0.806449,0.008000,0.042080
4649,-0.000821,0.808594,0.808594,0.007670,0.013360,0.806449,0.008000,0.042080
4650,-0.001484,0.771484,0.771484,0.007841,0.051162,0.806449,0.008000,0.042080
4651,-0.006376,0.846680,0.846680,0.008119,0.046839,0.806449,0.008000,0.042080
4652,0.000041,0.781250,0.781250,0.007999,0.029287,0.806449,0.008000,0.042080
4653,0.002839,0.837891,0.837891,0.007795,0.025837,0.806449,0.008000,0.042080
4654,-0.008040,0.788086,0.788086,0.007461,0.021379,0.806449,0.008000,0.042080
4655,0.002681,0.811523,0.811523,0.007450,0.043051,0.806449,0.008000,0.042080
4656,-0.002366,0.831055,0.831055,0.008160,0.029780,0.806449,0.008000,0.042080
4657,0.000715,0.804688,0.804688,0.008242,0.035265,0.806449,0.008000,0.042080
4658,0.002311,0.814453,0.814453,0.007817,0.039197,0.806449,0.008000,0.042080
4659,0.003536,0.801172,0.801172,0.008131,0.027937,0.806449,0.008000,0.042080
4660,0.010596,0.835938,0.835938,0.007520,0.034856,0.806449,0.008000,0.042080
4661,0.000458,0.797852,0.797852,0.007707,0.024255,0.806449,0.008000,0.042080
4662,-0.007976,0.863281,0.863281,0.007861,0.037594,0.806449,0.008000,0.042080
4663,0.000320,0.807617,0.807617,0.008214,0.030254,0.806449,0.008000,0.042080
4664,-0.028360,0.809570,0.809570,0.007727,0.035364,0.806449,0.008000,0.042080
4665,-0.004529,0.793945,0.793945,0.007848,0.048200,0.806449,0.008000,0.042080
4666,0.004536,0.797852,0.797852,0.008017,0.036811,0.806449,0.008000,0.042080
4667,0.006798,0.781250,0.781250,0.007900,0.015676,0.806449,0.008000,0.042080
4668,0.007338,0.823242,0.823242,0.007893,0.040954,0.806449,0.008000,0.042080
4669,0.001764,0.799219,0.799219,0.007897,0.041733,0.806449,0.008000,0.042080
4670,0.001714,0.800195,0.800195,0.008220,0.019052,0.806449,0.008000,0.042080
4671,-0.003580,0.773438,0.773438,0.008035,0.043036,0.806449,0.008000,0.042080
4672,0.000464,0.791016,0.791016,0.007679,0.029751,0.806449,0.008000,0.042080
4673,0.010223,0.843750,0.843750,0.007771,0.057697,0.806449,0.008000,0.042080
4674,-0.006766,0.791016,0.791016,0.007513,0.062972,0.806449,0.008000,0.042080
4675,0.002158,0.831055,0.831055,0.007846,0.033307,0.806449,0.008000,0.042080
4676,0.003748,0.802734,0.802734,0.007718,0.030355,0.806449,0.008000,0.042080
4677,0.010853,0.815430,0.815430,0.007929,0.045721,0.806449,0.008000,0.042080
4678,0.005002,0.792969,0.792969,0.008469,0.041973,0.806449,0.008000,0.042080
4679,-0.005295,0.800586,0.800586,0.008306,0.062335,0.806449,0.008000,0.042080
4680,-0.002712,0.800781,0.800781,0.007755,0.064627,0.806449,0.008000,0.042080
4681,0.002378,0.805664,0.805664,0.008072,0.040386,0.806449,0.008000,0.042080
4682,0.001908,0.802734,0.802734,0.007844,0.026231,0.806449,0.008000,0.042080
4683,-0.011630,0.771484,0.771484,0.007943,0.055583,0.806449,0.008000,0.042080
4684,0.000905,0.799805,0.799805,0.008116,0.034076,0.806449,0.008000,0.042080
4685,0.002114,0.796875,0.796875,0.007997,0.064494,0.806449,0.008000,0.042080
4686,-0.008004,0.786133,0.786133,0.007624,0.053400,0.806449,0.008000,0.042080
4687,0.004867,0.830078,0.830078,0.007809,0.046477,0.806449,0.008000,0.042080
4688,-0.019493,0.810547,0.810547,0.007444,0.038581,0.806449,0.008000,0.042080
4689,0.000970,0.788086,0.788086,0.007826,0.033993,0.806449,0.008000,0.042080
4690,-0.026634,0.806641,0.806641,0.007570,0.037582,0.806449,0.008000,0.042080
4691,0.000976,0.806641,0.806641,0.007601,0.021407,0.806449,0.008000,0.042080
4692,0.001198,0.835938,0.835938,0.007892,0.036569,0.806449,0.008000,0.042080
4693,-0.005073,0.788086,0.788086,0.008258,0.031517,0.806449,0.008000,0.042080
4694,-0.016791,0.815430,0.815430,0.007422,0.047143,0.806449,0.008000,0.042080
4695,0.008463,0.791016,0.791016,0.008224,0.055175,0.806449,0.008000,0.042080
4696,-0.021654,0.838867,0.838867,0.007516,0.026960,0.806449,0.008000,0.042080
4697,-0.019435,0.821289,0.821289,0.007721,0.034465,0.806449,0.008000,0.042080
4698,0.000342,0.798828,0.798828,0.007781,0.028110,0.806449,0.008000,0.042080
4699,-0.011420,0.807617,0.807617,0.007905,0.061203,0.806449,0.008000,0.042080
4700,0.004711,0.818359,0.818359,0.007986,0.043369,0.806449,0.008000,0.042080
4701,-0.001496,0.791992,0.791992,0.008084,0.056892,0.806449,0.008000,0.042080
4702,0.014602,0.797852,0.797852,0.007756,0.036438,0.806449,0.008000,0.042080
4703,0.003564,0.818945,0.818945,0.008366,0.031973,0.806449,0.008000,0.042080
4704,0.002377,0.793945,0.793945,0.007872,0.030784,0.806449,0.008000,0.042080
4705,0.001734,0.793945,0.793945,0.007702,0.028732,0.806449,0.008000,0.042080
4706,-0.000902,0.781250,0.781250,0.008117,0.035414,0.806449,0.008000,0.042080
4707,0.003459,0.816406,0.816406,0.008369,0.041135,0.806449,0.008000,0.042080
4708,0.006579,0.796875,0.796875,0.008024,0.049203,0.806449,0.008000,0.042080
4709,-0.002713,0.809570,0.809570,0.007872,0.027789,0.806449,0.008000,0.042080
4710,-0.001004,0.808203,0.808203,0.008264,0.012360,0.806449,0.008000,0.042080
4711,0.001004,0.837305,0.837305,0.007572,0.022081,0.806449,0.008000,0.042080
4712,-0.003446,0.807031,0.807031,0.007733,0.030869,0.806449,0.008000,0.042080
4713,0.003727,0.804688,0.804688,0.008184,0.027426,0.806449,0.008000,0.042080
4714,0.009528,0.834961,0.834961,0.007628,0.054186,0.806449,0.008000,0.042080
4715,-0.000757,0.837891,0.837891,0.008227,0.019679,0.806449,0.008000,0.042080
4716,0.004292,0.825000,0.825000,0.007988,0.041414,0.806449,0.008000,0.042080
4717,0.005954,0.835938,0.835938,0.008021,0.028937,0.806449,0.008000,0.042080
4718,-0.000576,0.785156,0.785156,0.007856,0.022292,0.806449,0.008000,0.042080
4719,-0.007178,0.803711,0.803711,0.008155,0.043895,0.806449,0.008000,0.042080
4720,0.004387,0.825195,0.825195,0.007814,0.040213,0.806449,0.008000,0.042080
4721,0.001672,0.817773,0.817773,0.007911,0.054067,0.806449,0.008000,0.042080
4722,0.005651,0.789062,0.789062,0.007922,0.030469,0.806449,0.008000,0.042080
4723,0.006535,0.773047,0.773047,0.007624,0.040167,0.806449,0.008000,0.042080
4724,0.002571,0.775391,0.775391,0.007912,0.022818,0.806449,0.008000,0.042080
4725,-0.000000,0.814453,0.814453,0.008179,0.007253,0.806449,0.008000,0.042080
4726,0.004931,0.831641,0.831641,0.007532,0.045665,0.806449,0.008000,0.042080
4727,0.001114,0.790039,0.790039,0.008022,0.035560,0.806449,0.008000,0.042080
4728,-0.004164,0.795898,0.795898,0.007832,0.043402,0.806449,0.008000,0.042080
4729,0.000644,0.816406,0.816406,0.007768,0.032838,0.806449,0.008000,0.042080
4730,0.002091,0.792969,0.792969,0.007880,0.044565,0.806449,0.008000,0.042080
4731,-0.016880,0.772461,0.772461,0.008142,0.035982,0.806449,0.008000,0.042080
4732,0.003440,0.782227,0.782227,0.007682,0.033628,0.806449,0.008000,0.042080
4733,0.007759,0.813477,0.813477,0.007964,0.058749,0.806449,0.008000,0.042080
4734,0.004375,0.850586,0.850586,0.008027,0.041950,0.806449,0.008000,0.042080
4735,-0.007360,0.830078,0.830078,0.008032,0.036839,0.806449,0.008000,0.042080
4736,0.000835,0.791016,0.791016,0.008017,0.038452,0.806449,0.008000,0.042080
4737,0.007499,0.817383,0.817383,0.007954,0.049372,0.806449,0.008000,0.042080
4738,0.007759,0.785156,0.785156,0.007694,0.040043,0.806449,0.008000,0.042080
4739,0.007829,0.805664,0.805664,0.007713,0.031939,0.806449,0.008000,0.042080
4740,0.001982,0.796875,0.796875,0.008021,0.024488,0.806449,0.008000,0.042080
4741,0.004309,0.806641,0.806641,0.008671,0.037584,0.806449,0.008000,0.042080
4742,-0.008979,0.813477,0.813477,0.008129,0.020096,0.806449,0.008000,0.042080
4743,0.005388,0.788867,0.788867,0.007933,0.051892,0.806449,0.008000,0.042080
4744,0.007376,0.794922,0.794922,0.008049,0.035173,0.806449,0.008000,0.042080
4745,0.007847,0.782227,0.782227,0.007985,0.046864,0.806449,0.008000,0.042080
4746,0.006343,0.791016,0.791016,0.007761,0.035067,0.806449,0.008000,0.042080
4747,-0.008285,0.788086,0.788086,0.007782,0.032662,0.806449,0.008000,0.042080
4748,-0.009366,0.815430,0.815430,0.007992,0.028486,0.806449,0.008000,0.042080
4749,0.003722,0.795508,0.795508,0.007667,0.036167,0.806449,0.008000,0.042080
4750,0.000385,0.804688,0.804688,0.007984,0.059157,0.806449,0.008000,0.042080
4751,0.003298,0.827148,0.827148,0.007787,0.042910,0.806449,0.008000,0.042080
4752,-0.000569,0.808594,0.808594,0.008274,0.056417,0.806449,0.008000,0.042080
4753,0.002831,0.805664,0.805664,0.007862,0.031000,0.806449,0.008000,0.042080
4754,-0.001259,0.802734,0.802734,0.008181,0.033773,0.806449,0.008000,0.042080
4755,0.004163,0.813477,0.813477,0.008125,0.078149,0.806449,0.008000,0.042080
4756,-0.011126,0.781641,0.781641,0.007785,0.055397,0.806449,0.008000,0.042080
4757,-0.001945,0.833984,0.833984,0.007810,0.039476,0.806449,0.008000,0.042080
4758,0.006432,0.807617,0.807617,0.007972,0.039836,0.806449,0.008000,0.042080
4759,0.005657,0.794922,0.794922,0.007802,0.067854,0.806449,0.008000,0.042080
4760,-0.000045,0.851172,0.851172,0.008374,0.011870,0.806449,0.008000,0.042080
4761,0.005015,0.793945,0.793945,0.008120,0.071651,0.806449,0.008000,0.042080
4762,-0.002040,0.823242,0.823242,0.008227,0.030621,0.806449,0.008000,0.042080
4763,0.009869,0.796875,0.796875,0.008172,0.041231,0.806449,0.008000,0.042080
4764,0.006140,0.806250,0.806250,0.008236,0.013165,0.806449,0.008000,0.042080
4765,0.011102,0.798828,0.798828,0.008077,0.058463,0.806449,0.008000,0.042080
4766,0.002831,0.809570,0.809570,0.008048,0.022641,0.806449,0.008000,0.042080
4767,0.004382,0.796875,0.796875,0.007862,0.050396,0.806449,0.008000,0.042080
4768,0.008418,0.796875,0.796875,0.008222,0.054168,0.806449,0.008000,0.042080
4769,0.004407,0.806641,0.806641,0.008223,0.034782,0.806449,0.008000,0.042080
4770,-0.010579,0.797656,0.797656,0.007984,0.038086,0.806449,0.008000,0.042080
4771,-0.006708,0.833984,0.833984,0.007805,0.050439,0.806449,0.008000,0.042080
4772,0.007788,0.791992,0.791992,0.007700,0.031708,0.806449,0.008000,0.042080
4773,0.004391,0.826172,0.826172,0.007712,0.056444,0.806449,0.008000,0.042080
4774,0.008220,0.824219,0.824219,0.008095,0.028599,0.806449,0.008000,0.042080
4775,0.000304,0.841797,0.841797,0.008042,0.027554,0.806449,0.008000,0.042080
4776,0.004801,0.817969,0.817969,0.007380,0.043913,0.806449,0.008000,0.042080
4777,-0.001130,0.826758,0.826758,0.008041,0.024807,0.806449,0.008000,0.042080
4778,0.003040,0.826172,0.826172,0.007601,0.037919,0.806449,0.008000,0.042080
4779,-0.007621,0.831055,0.831055,0.007561,0.037888,0.806449,0.008000,0.042080
4780,0.012279,0.809570,0.809570,0.007998,0.071947,0.806449,0.008000,0.042080
4781,-0.002319,0.789062,0.789062,0.008025,0.033840,0.806449,0.008000,0.042080
4782,-0.007501,0.842773,0.842773,0.007596,0.030207,0.806449,0.008000,0.042080
4783,-0.008875,0.835938,0.835938,0.007924,0.036143,0.806449,0.008000,0.042080
4784,-0.002259,0.821289,0.821289,0.007769,0.030872,0.806449,0.008000,0.042080
4785,0.005431,0.807617,0.807617,0.007637,0.044945,0.806449,0.008000,0.042080
4786,0.001419,0.808594,0.808594,0.008054,0.017167,0.806449,0.008000,0.042080
4787,0.000728,0.763672,0.763672,0.007600,0.047278,0.806449,0.008000,0.042080
4788,0.006896,0.803711,0.803711,0.007503,0.050290,0.806449,0.008000,0.042080
4789,0.006833,0.826172,0.826172,0.007911,0.035076,0.806449,0.008000,0.042080
4790,0.005406,0.795898,0.795898,0.008063,0.036590,0.806449,0.008000,0.042080
4791,0.000845,0.813672,0.813672,0.007918,0.038114,0.806449,0.008000,0.042080
4792,-0.008000,0.833008,0.833008,0.008151,0.052788,0.806449,0.008000,0.042080
4793,0.005059,0.769531,0.769531,0.008077,0.043291,0.806449,0.008000,0.042080
4794,0.001211,0.778320,0.778320,0.007815,0.062705,0.806449,0.008000,0.042080
4795,0.000533,0.781641,0.781641,0.008082,0.032433,0.806449,0.008000,0.042080
4796,0.003253,0.808594,0.808594,0.008538,0.043584,0.806449,0.008000,0.042080
4797,-0.000090,0.770898,0.770898,0.007249,0.043552,0.806449,0.008000,0.042080
4798,-0.002675,0.805664,0.805664,0.007527,0.043271,0.806449,0.008000,0.042080
4799,0.008178,0.794922,0.794922,0.007571,0.054515,0.806449,0.008000,0.042080
4800,-0.005671,0.808008,0.808008,0.008444,0.033475,0.806449,0.008000,0.042080
4801,0.001529,0.811523,0.811523,0.008080,0.032646,0.806449,0.008000,0.042080
4802,0.008203,0.786133,0.786133,0.007803,0.038623,0.806449,0.008000,0.042080
4803,0.005859,0.787109,0.787109,0.007488,0.028718,0.806449,0.008000,0.042080
4804,0.003015,0.827148,0.827148,0.007941,0.044645,0.806449,0.008000,0.042080
4805,0.004220,0.805664,0.805664,0.008179,0.027345,0.806449,0.008000,0.042080
4806,0.008244,0.791992,0.791992,0.007832,0.046049,0.806449,0.008000,0.042080
4807,0.004699,0.781250,0.781250,0.007911,0.025155,0.806449,0.008000,0.042080
4808,0.004760,0.825195,0.825195,0.007640,0.069640,0.806449,0.008000,0.042080
4809,0.003629,0.821680,0.821680,0.007774,0.040621,0.806449,0.008000,0.042080
4810,0.002198,0.774414,0.774414,0.007538,0.034650,0.806449,0.008000,0.042080
4811,0.003848,0.836914,0.836914,0.007973,0.050402,0.806449,0.008000,0.042080
4812,-0.010895,0.815820,0.815820,0.007807,0.027414,0.806449,0.008000,0.042080
4813,0.006527,0.832031,0.832031,0.007562,0.051006,0.806449,0.008000,0.042080
4814,0.001713,0.767578,0.767578,0.007758,0.034703,0.806449,0.008000,0.042080
4815,0.019772,0.830078,0.830078,0.007766,0.070395,0.806449,0.008000,0.042080
4816,0.011272,0.843750,0.843750,0.007818,0.068348,0.806449,0.008000,0.042080
4817,-0.015753,0.787109,0.787109,0.008148,0.045170,0.806449,0.008000,0.042080
4818,-0.004234,0.781250,0.781250,0.007594,0.086562,0.806449,0.008000,0.042080
4819,-0.008375,0.777344,0.777344,0.007827,0.038977,0.806449,0.008000,0.042080
4820,0.003758,0.806641,0.806641,0.007687,0.035967,0.806449,0.008000,0.042080
4821,0.008268,0.788086,0.788086,0.007630,0.044311,0.806449,0.008000,0.042080
4822,0.005225,0.798828,0.798828,0.007822,0.023552,0.806449,0.008000,0.042080
4823,0.006792,0.827148,0.827148,0.007639,0.057294,0.806449,0.008000,0.042080
4824,0.001141,0.802734,0.802734,0.007825,0.026052,0.806449,0.008000,0.042080
4825,0.002857,0.811523,0.811523,0.007742,0.053611,0.806449,0.008000,0.042080
4826,-0.009052,0.822656,0.822656,0.007653,0.052601,0.806449,0.008000,0.042080
4827,-0.000850,0.819336,0.819336,0.007753,0.033699,0.806449,0.008000,0.042080
4828,0.009622,0.780273,0.780273,0.007858,0.050960,0.806449,0.008000,0.042080
4829,0.005927,0.821289,0.821289,0.008482,0.047417,0.806449,0.008000,0.042080
4830,0.004617,0.795898,0.795898,0.007467,0.043836,0.806449,0.008000,0.042080
4831,0.003432,0.813477,0.813477,0.008337,0.044895,0.806449,0.008000,0.042080
4832,0.001350,0.848633,0.848633,0.007858,0.033289,0.806449,0.008000,0.042080
4833,0.003665,0.820312,0.820312,0.007782,0.032472,0.806449,0.008000,0.042080
4834,0.000755,0.814453,0.814453,0.007759,0.041789,0.806449,0.008000,0.042080
4835,-0.006581,0.797266,0.797266,0.008420,0.049216,0.806449,0.008000,0.042080
4836,0.000076,0.795898,0.795898,0.008076,0.025607,0.806449,0.008000,0.042080
4837,0.001513,0.808594,0.808594,0.007824,0.021478,0.806449,0.008000,0.042080
4838,0.002562,0.794922,0.794922,0.007710,0.063475,0.806449,0.008000,0.042080
4839,-0.003834,0.788086,0.788086,0.007580,0.048873,0.806449,0.008000,0.042080
4840,-0.009560,0.792578,0.792578,0.007579,0.062230,0.806449,0.008000,0.042080
4841,0.003083,0.839453,0.839453,0.007977,0.041273,0.806449,0.008000,0.042080
4842,0.009106,0.841797,0.841797,0.007805,0.085418,0.806449,0.008000,0.042080
4843,-0.005117,0.809570,0.809570,0.008156,0.032513,0.806449,0.008000,0.042080
4844,-0.000066,0.816406,0.816406,0.007571,0.057662,0.806449,0.008000,0.042080
4845,0.001464,0.813477,0.813477,0.007800,0.029315,0.806449,0.008000,0.042080
4846,0.012762,0.792969,0.792969,0.007820,0.075962,0.806449,0.008000,0.042080
4847,0.003131,0.828125,0.828125,0.007786,0.036198,0.806449,0.008000,0.042080
4848,-0.008249,0.810547,0.810547,0.007812,0.020739,0.806449,0.008000,0.042080
4849,-0.003029,0.792773,0.792773,0.008600,0.028842,0.806449,0.008000,0.042080
4850,0.003527,0.815430,0.815430,0.007968,0.033567,0.806449,0.008000,0.042080
4851,0.003532,0.810547,0.810547,0.008092,0.038132,0.806449,0.008000,0.042080
4852,0.005341,0.801758,0.801758,0.008476,0.032693,0.806449,0.008000,0.042080
4853,0.000320,0.844727,0.844727,0.007945,0.014538,0.806449,0.008000,0.042080
4854,0.001503,0.819336,0.819336,0.008036,0.013603,0.806449,0.008000,0.042080
4855,0.004503,0.785742,0.785742,0.007809,0.034593,0.806449,0.008000,0.042080
4856,0.005649,0.807617,0.807617,0.007940,0.037856,0.806449,0.008000,0.042080
4857,0.005946,0.780273,0.780273,0.007534,0.043392,0.806449,0.008000,0.042080
4858,0.003937,0.778320,0.778320,0.007873,0.028422,0.806449,0.008000,0.042080
4859,-0.002723,0.795898,0.795898,0.007802,0.025528,0.806449,0.008000,0.042080
4860,0.002008,0.812109,0.812109,0.008265,0.034437,0.806449,0.008000,0.042080
4861,-0.019024,0.813086,0.813086,0.007684,0.048728,0.806449,0.008000,0.042080
4862,0.003239,0.793945,0.793945,0.007697,0.039156,0.806449,0.008000,0.042080
4863,-0.016273,0.814453,0.814453,0.007907,0.036676,0.806449,0.008000,0.042080
4864,-0.000988,0.836914,0.836914,0.007712,0.065784,0.806449,0.008000,0.042080
4865,-0.008863,0.796875,0.796875,0.008082,0.051359,0.806449,0.008000,0.042080
4866,0.002735,0.794922,0.794922,0.007527,0.039825,0.806449,0.008000,0.042080
4867,0.006033,0.820312,0.820312,0.007789,0.066845,0.806449,0.008000,0.042080
4868,-0.005250,0.833008,0.833008,0.007668,0.032337,0.806449,0.008000,0.042080
4869,-0.009094,0.797852,0.797852,0.007826,0.019515,0.806449,0.008000,0.042080
4870,-0.017248,0.792578,0.792578,0.007618,0.062561,0.806449,0.008000,0.042080
4871,-0.016266,0.790039,0.790039,0.007769,0.024717,0.806449,0.008000,0.042080
4872,-0.000151,0.789062,0.789062,0.007901,0.043038,0.806449,0.008000,0.042080
4873,-0.027628,0.809570,0.809570,0.007614,0.041624,0.806449,0.008000,0.042080
4874,-0.005640,0.787109,0.787109,0.007795,0.034631,0.806449,0.008000,0.042080
4875,0.002801,0.802734,0.802734,0.007454,0.031850,0.806449,0.008000,0.042080
4876,0.001172,0.796289,0.796289,0.008341,0.022172,0.806449,0.008000,0.042080
4877,-0.005123,0.823633,0.823633,0.007587,0.031459,0.806449,0.008000,0.042080
4878,0.003220,0.827148,0.827148,0.007585,0.031922,0.806449,0.008000,0.042080
4879,0.000972,0.771484,0.771484,0.008146,0.013368,0.806449,0.008000,0.042080
4880,-0.000074,0.817383,0.817383,0.007712,0.022886,0.806449,0.008000,0.042080
4881,-0.004179,0.779297,0.779297,0.008156,0.035486,0.806449,0.008000,0.042080
4882,0.004506,0.810547,0.810547,0.007686,0.049708,0.806449,0.008000,0.042080
4883,0.000028,0.783203,0.783203,0.007999,0.002778,0.806449,0.008000,0.042080
4884,-0.007602,0.804688,0.804688,0.007430,0.035078,0.806449,0.008000,0.042080
4885,0.001306,0.818750,0.818750,0.008547,0.049688,0.806449,0.008000,0.042080
4886,0.002886,0.807617,0.807617,0.007939,0.027343,0.806449,0.008000,0.042080
4887,0.005492,0.827148,0.827148,0.007826,0.057844,0.806449,0.008000,0.042080
4888,0.006176,0.766602,0.766602,0.007738,0.033376,0.806449,0.008000,0.042080
4889,-0.007815,0.781250,0.781250,0.008388,0.004406,0.806449,0.008000,0.042080
4890,0.000532,0.806641,0.806641,0.008160,0.017641,0.806449,0.008000,0.042080
4891,0.002866,0.755859,0.755859,0.008141,0.016445,0.806449,0.008000,0.042080
4892,0.001778,0.824219,0.824219,0.007654,0.078619,0.806449,0.008000,0.042080
4893,0.002928,0.773438,0.773438,0.007829,0.034481,0.806449,0.008000,0.042080
4894,0.001904,0.815430,0.815430,0.008369,0.010006,0.806449,0.008000,0.042080
4895,-0.009647,0.788086,0.788086,0.008461,0.028794,0.806449,0.008000,0.042080
4896,-0.001628,0.837891,0.837891,0.008058,0.001453,0.806449,0.008000,0.042080
4897,0.000507,0.838867,0.838867,0.008070,0.021129,0.806449,0.008000,0.042080
4898,-0.005289,0.807617,0.807617,0.008054,0.025944,0.806449,0.008000,0.042080
4899,0.002049,0.828125,0.828125,0.007692,0.033280,0.806449,0.008000,0.042080
4900,0.000884,0.790039,0.790039,0.007864,0.026385,0.806449,0.008000,0.042080
4901,0.004462,0.779297,0.779297,0.007997,0.029199,0.806449,0.008000,0.042080
4902,-0.003099,0.829297,0.829297,0.007577,0.055715,0.806449,0.008000,0.042080
4903,0.004578,0.833984,0.833984,0.007408,0.027971,0.806449,0.008000,0.042080
4904,0.007338,0.778320,0.778320,0.007835,0.036897,0.806449,0.008000,0.042080
4905,-0.001353,0.819336,0.819336,0.007870,0.026932,0.806449,0.008000,0.042080
4906,0.000011,0.788281,0.788281,0.007661,0.011958,0.806449,0.008000,0.042080
4907,-0.006010,0.817383,0.817383,0.007839,0.036755,0.806449,0.008000,0.042080
4908,0.001798,0.806641,0.806641,0.008178,0.009607,0.806449,0.008000,0.042080
4909,0.004608,0.804688,0.804688,0.007714,0.035371,0.806449,0.008000,0.042080
4910,0.000029,0.804492,0.804492,0.008499,0.032558,0.806449,0.008000,0.042080
4911,-0.000168,0.828125,0.828125,0.007596,0.002457,0.806449,0.008000,0.042080
4912,0.002669,0.828125,0.828125,0.007918,0.033364,0.806449,0.008000,0.042080
4913,0.005725,0.796289,0.796289,0.007998,0.029037,0.806449,0.008000,0.042080
4914,0.002806,0.816406,0.816406,0.008061,0.036522,0.806449,0.008000,0.042080
4915,-0.000444,0.808594,0.808594,0.007615,0.008599,0.806449,0.008000,0.042080
4916,-0.007954,0.804688,0.804688,0.008048,0.013273,0.806449,0.008000,0.042080
4917,0.003646,0.816406,0.816406,0.007698,0.036905,0.806449,0.008000,0.042080
4918,0.004978,0.818359,0.818359,0.008019,0.028731,0.806449,0.008000,0.042080
4919,0.003361,0.812500,0.812500,0.007904,0.023401,0.806449,0.008000,0.042080
4920,0.001097,0.803711,0.803711,0.008222,0.020442,0.806449,0.008000,0.042080
4921,0.004896,0.798828,0.798828,0.007999,0.029367,0.806449,0.008000,0.042080
4922,0.000796,0.831055,0.831055,0.007909,0.039456,0.806449,0.008000,0.042080
4923,-0.015512,0.792969,0.792969,0.007695,0.033135,0.806449,0.008000,0.042080
4924,0.000572,0.822266,0.822266,0.008000,0.023055,0.806449,0.008000,0.042080
4925,0.003184,0.790039,0.790039,0.008013,0.022217,0.806449,0.008000,0.042080
4926,0.005145,0.832031,0.832031,0.008048,0.041272,0.806449,0.008000,0.042080
4927,0.003849,0.764648,0.764648,0.007710,0.021262,0.806449,0.008000,0.042080
4928,0.004239,0.831055,0.831055,0.007875,0.037524,0.806449,0.008000,0.042080
4929,0.001979,0.788281,0.788281,0.007972,0.017470,0.806449,0.008000,0.042080
4930,-0.012733,0.797852,0.797852,0.007961,0.046018,0.806449,0.008000,0.042080
4931,0.001387,0.792969,0.792969,0.008103,0.018869,0.806449,0.008000,0.042080
4932,-0.017184,0.787109,0.787109,0.007802,0.060417,0.806449,0.008000,0.042080
4933,0.004335,0.823633,0.823633,0.007891,0.032927,0.806449,0.008000,0.042080
4934,0.001124,0.823242,0.823242,0.007924,0.033935,0.806449,0.008000,0.042080
4935,-0.020339,0.794922,0.794922,0.007676,0.045749,0.806449,0.008000,0.042080
4936,0.000764,0.781445,0.781445,0.008381,0.037243,0.806449,0.008000,0.042080
4937,0.000948,0.795898,0.795898,0.008230,0.025142,0.806449,0.008000,0.042080
4938,0.001103,0.790039,0.790039,0.007642,0.052099,0.806449,0.008000,0.042080
4939,-0.000189,0.819336,0.819336,0.008028,0.006472,0.806449,0.008000,0.042080
4940,0.007010,0.802734,0.802734,0.008157,0.038573,0.806449,0.008000,0.042080
4941,0.001805,0.805664,0.805664,0.007612,0.046860,0.806449,0.008000,0.042080
4942,0.001659,0.849023,0.849023,0.007636,0.023756,0.806449,0.008000,0.042080
4943,-0.000343,0.794922,0.794922,0.007587,0.006220,0.806449,0.008000,0.042080
4944,0.001148,0.795898,0.795898,0.007879,0.016952,0.806449,0.008000,0.042080
4945,0.004055,0.791016,0.791016,0.007906,0.031131,0.806449,0.008000,0.042080
4946,0.001862,0.827148,0.827148,0.007696,0.026745,0.806449,0.008000,0.042080
4947,-0.001129,0.806641,0.806641,0.007714,0.041639,0.806449,0.008000,0.042080
4948,0.001380,0.802734,0.802734,0.007459,0.016458,0.806449,0.008000,0.042080
4949,0.000804,0.800781,0.800781,0.007621,0.018723,0.806449,0.008000,0.042080
4950,0.001344,0.862305,0.862305,0.007719,0.010930,0.806449,0.008000,0.042080
4951,0.002235,0.800781,0.800781,0.007566,0.042598,0.806449,0.008000,0.042080
4952,0.002377,0.824219,0.824219,0.007848,0.053588,0.806449,0.008000,0.042080
4953,0.001904,0.805273,0.805273,0.008146,0.017208,0.806449,0.008000,0.042080
4954,0.002421,0.854492,0.854492,0.007823,0.040442,0.806449,0.008000,0.042080
4955,0.003445,0.791016,0.791016,0.008195,0.026403,0.806449,0.008000,0.042080
4956,-0.001879,0.809766,0.809766,0.007954,0.028875,0.806449,0.008000,0.042080
4957,0.001048,0.813477,0.813477,0.007881,0.021520,0.806449,0.008000,0.042080
4958,0.001837,0.837891,0.837891,0.007767,0.031856,0.806449,0.008000,0.042080
4959,-0.000504,0.855469,0.855469,0.007977,0.008366,0.806449,0.008000,0.042080
4960,0.001568,0.810547,0.810547,0.008136,0.019833,0.806449,0.008000,0.042080
4961,-0.007330,0.840820,0.840820,0.008012,0.017019,0.806449,0.008000,0.042080
4962,0.002981,0.813477,0.813477,0.007854,0.023318,0.806449,0.008000,0.042080
4963,0.003103,0.792969,0.792969,0.007984,0.034019,0.806449,0.008000,0.042080
4964,0.001801,0.830078,0.830078,0.007778,0.023354,0.806449,0.008000,0.042080
4965,0.001944,0.828125,0.828125,0.008355,0.034974,0.806449,0.008000,0.042080
4966,0.001064,0.789062,0.789062,0.007973,0.018041,0.806449,0.008000,0.042080
4967,0.005145,0.809180,0.809180,0.007778,0.038099,0.806449,0.008000,0.042080
4968,0.005840,0.826172,0.826172,0.008016,0.044462,0.806449,0.008000,0.042080
4969,0.004082,0.752930,0.752930,0.007986,0.022847,0.806449,0.008000,0.042080
4970,-0.000702,0.799805,0.799805,0.008052,0.012946,0.806449,0.008000,0.042080
4971,0.003818,0.806641,0.806641,0.007845,0.039161,0.806449,0.008000,0.042080
4972,-0.010176,0.801562,0.801562,0.007764,0.034728,0.806449,0.008000,0.042080
4973,0.002592,0.784180,0.784180,0.007494,0.030762,0.806449,0.008000,0.042080
4974,-0.000190,0.787109,0.787109,0.008055,0.007454,0.806449,0.008000,0.042080
4975,0.003822,0.795898,0.795898,0.007756,0.071361,0.806449,0.008000,0.042080
4976,0.000742,0.820312,0.820312,0.008097,0.016451,0.806449,0.008000,0.042080
4977,0.006791,0.788086,0.788086,0.007910,0.037721,0.806449,0.008000,0.042080
4978,0.005656,0.833008,0.833008,0.007929,0.042071,0.806449,0.008000,0.042080
4979,-0.000441,0.774414,0.774414,0.007877,0.030794,0.806449,0.008000,0.042080
4980,0.003075,0.782227,0.782227,0.008064,0.026506,0.806449,0.008000,0.042080
4981,-0.001376,0.826172,0.826172,0.007447,0.041585,0.806449,0.008000,0.042080
4982,0.005496,0.772461,0.772461,0.008136,0.020335,0.806449,0.008000,0.042080
4983,0.002426,0.849609,0.849609,0.007719,0.025387,0.806449,0.008000,0.042080
4984,0.004856,0.788086,0.788086,0.007562,0.047345,0.806449,0.008000,0.042080
4985,-0.006198,0.810547,0.810547,0.007975,0.023954,0.806449,0.008000,0.042080
4986,0.002836,0.806641,0.806641,0.008065,0.024887,0.806449,0.008000,0.042080
4987,-0.002108,0.796875,0.796875,0.008312,0.006226,0.806449,0.008000,0.042080
4988,0.002893,0.765625,0.765625,0.008084,0.019804,0.806449,0.008000,0.042080
4989,-0.000056,0.834961,0.834961,0.008086,0.027146,0.806449,0.008000,0.042080
4990,0.007153,0.812500,0.812500,0.007878,0.045156,0.806449,0.008000,0.042080
4991,0.003703,0.809570,0.809570,0.007375,0.042114,0.806449,0.008000,0.042080
4992,0.004276,0.809570,0.809570,0.007973,0.053943,0.806449,0.008000,0.042080
4993,-0.007592,0.793945,0.793945,0.008164,0.027174,0.806449,0.008000,0.042080
4994,0.011169,0.826172,0.826172,0.007677,0.075725,0.806449,0.008000,0.042080
4995,0.003807,0.810547,0.810547,0.008269,0.019488,0.806449,0.008000,0.042080
4996,0.001162,0.835938,0.835938,0.007577,0.035106,0.806449,0.008000,0.042080
4997,-0.001398,0.820508,0.820508,0.008374,0.026491,0.806449,0.008000,0.042080
4998,0.004961,0.806641,0.806641,0.007732,0.063944,0.806449,0.008000,0.042080
4999,-0.003053,0.797852,0.797852,0.007501,0.051056,0.806449,0.008000,0.042080
5000,0.007349,0.802930,0.802930,0.007767,0.039099,0.806586,0.007997,0.095229
5001,0.005152,0.808594,0.808594,0.007254,0.064762,0.806586,0.007997,0.095229
5002,-0.001887,0.787109,0.787109,0.008027,0.019322,0.806586,0.007997,0.095229
5003,-0.004703,0.772461,0.772461,0.008084,0.020217,0.806586,0.007997,0.095229
5004,-0.000325,0.831055,0.831055,0.007972,0.007622,0.806586,0.007997,0.095229
5005,0.006012,0.819336,0.819336,0.007914,0.041947,0.806586,0.007997,0.095229
5006,0.004525,0.796875,0.796875,0.008145,0.034535,0.806586,0.007997,0.095229
5007,0.003102,0.840820,0.840820,0.007472,0.019709,0.806586,0.007997,0.095229
5008,-0.007370,0.787109,0.787109,0.007916,0.020192,0.806586,0.007997,0.095229
5009,-0.003737,0.828125,0.828125,0.007930,0.043603,0.806586,0.007997,0.095229
5010,0.003710,0.819336,0.819336,0.007640,0.019201,0.806586,0.007997,0.095229
5011,0.000433,0.807617,0.807617,0.008201,0.017983,0.806586,0.007997,0.095229
5012,0.000557,0.805273,0.805273,0.008076,0.017143,0.806586,0.007997,0.095229
5013,0.002609,0.833008,0.833008,0.007668,0.020173,0.806586,0.007997,0.095229
5014,0.000653,0.831055,0.831055,0.008133,0.017158,0.806586,0.007997,0.095229
5015,0.000118,0.791016,0.791016,0.007832,0.032220,0.806586,0.007997,0.095229
5016,0.006352,0.777344,0.777344,0.007616,0.046688,0.806586,0.007997,0.095229
5017,-0.006277,0.813477,0.813477,0.007996,0.031347,0.806586,0.007997,0.095229
5018,-0.002281,0.808594,0.808594,0.008074,0.018336,0.806586,0.007997,0.095229
5019,0.012094,0.796875,0.796875,0.008287,0.049383,0.806586,0.007997,0.095229
5020,0.002736,0.805664,0.805664,0.007318,0.037760,0.806586,0.007997,0.095229
5021,-0.000552,0.771484,0.771484,0.007847,0.015928,0.806586,0.007997,0.095229
5022,-0.003907,0.831641,0.831641,0.007958,0.021999,0.806586,0.007997,0.095229
5023,-0.000854,0.814453,0.814453,0.007987,0.011638,0.806586,0.007997,0.095229
5024,-0.001617,0.791406,0.791406,0.007533,0.022460,0.806586,0.007997,0.095229
5025,0.001609,0.798828,0.798828,0.008014,0.037562,0.806586,0.007997,0.095229
5026,0.003823,0.809570,0.809570,0.007599,0.030855,0.806586,0.007997,0.095229
5027,-0.010082,0.807617,0.807617,0.007855,0.017342,0.806586,0.007997,0.095229
5028,0.007964,0.824219,0.824219,0.007863,0.047409,0.806586,0.007997,0.095229
5029,0.001046,0.822266,0.822266,0.008303,0.020831,0.806586,0.007997,0.095229
5030,0.001874,0.808594,0.808594,0.008160,0.030364,0.806586,0.007997,0.095229
5031,0.003015,0.828125,0.828125,0.008069,0.034291,0.806586,0.007997,0.095229
5032,0.003405,0.790039,0.790039,0.007649,0.036322,0.806586,0.007997,0.095229
5033,0.004146,0.835938,0.835938,0.008036,0.044345,0.806586,0.007997,0.095229
5034,-0.000289,0.773438,0.773438,0.008308,0.009045,0.806586,0.007997,0.095229
5035,0.003158,0.845703,0.845703,0.007885,0.037722,0.806586,0.007997,0.095229
5036,0.002853,0.804688,0.804688,0.008028,0.018983,0.806586,0.007997,0.095229
5037,-0.002503,0.830273,0.830273,0.007678,0.028161,0.806586,0.007997,0.095229
5038,0.000185,0.820703,0.820703,0.008065,0.027147,0.806586,0.007997,0.095229
5039,-0.002148,0.819336,0.819336,0.007340,0.017126,0.806586,0.007997,0.095229
5040,0.004595,0.811523,0.811523,0.007875,0.028125,0.806586,0.007997,0.095229
5041,0.001213,0.792578,0.792578,0.008205,0.010125,0.806586,0.007997,0.095229
5042,-0.029312,0.813672,0.813672,0.007569,0.021654,0.806586,0.007997,0.095229
5043,0.003373,0.802734,0.802734,0.007572,0.022612,0.806586,0.007997,0.095229
5044,0.003656,0.817383,0.817383,0.007732,0.028123,0.806586,0.007997,0.095229
5045,-0.009151,0.833984,0.833984,0.008113,0.019318,0.806586,0.007997,0.095229
5046,-0.000162,0.801758,0.801758,0.007882,0.006490,0.806586,0.007997,0.095229
5047,-0.002213,0.822266,0.822266,0.007747,0.059520,0.806586,0.007997,0.095229
5048,-0.000311,0.814453,0.814453,0.008048,0.008363,0.806586,0.007997,0.095229
5049,-0.019492,0.800781,0.800781,0.008042,0.014311,0.806586,0.007997,0.095229
5050,0.002891,0.849609,0.849609,0.008110,0.019310,0.806586,0.007997,0.095229
5051,-0.000327,0.817383,0.817383,0.007798,0.008145,0.806586,0.007997,0.095229
5052,0.003086,0.760742,0.760742,0.008099,0.047545,0.806586,0.007997,0.095229
5053,0.004476,0.775000,0.775000,0.007620,0.045285,0.806586,0.007997,0.095229
5054,-0.000334,0.783203,0.783203,0.008084,0.037814,0.806586,0.007997,0.095229
5055,-0.004153,0.825195,0.825195,0.007644,0.032557,0.806586,0.007997,0.095229
5056,0.005641,0.791406,0.791406,0.007787,0.030193,0.806586,0.007997,0.095229
5057,-0.010240,0.821289,0.821289,0.008006,0.026738,0.806586,0.007997,0.095229
5058,0.004060,0.805664,0.805664,0.008053,0.027295,0.806586,0.007997,0.095229
5059,0.003642,0.801758,0.801758,0.008034,0.024126,0.806586,0.007997,0.095229
5060,0.001920,0.801758,0.801758,0.007891,0.009813,0.806586,0.007997,0.095229
5061,0.013680,0.793555,0.793555,0.007763,0.080761,0.806586,0.007997,0.095229
5062,0.005469,0.763672,0.763672,0.007953,0.037600,0.806586,0.007997,0.095229
5063,0.001185,0.837891,0.837891,0.007979,0.015441,0.806586,0.007997,0.095229
5064,0.008645,0.804688,0.804688,0.007885,0.048155,0.806586,0.007997,0.095229
5065,0.000547,0.800195,0.800195,0.007668,0.040047,0.806586,0.007997,0.095229
5066,0.005409,0.803711,0.803711,0.007800,0.047773,0.806586,0.007997,0.095229
5067,0.001660,0.810547,0.810547,0.007753,0.015676,0.806586,0.007997,0.095229
5068,0.000189,0.816406,0.816406,0.008053,0.023016,0.806586,0.007997,0.095229
5069,0.003145,0.800781,0.800781,0.007952,0.018090,0.806586,0.007997,0.095229
5070,0.003908,0.812500,0.812500,0.007993,0.041118,0.806586,0.007997,0.095229
5071,-0.000455,0.771484,0.771484,0.007539,0.028918,0.806586,0.007997,0.095229
5072,0.003338,0.802734,0.802734,0.007492,0.035843,0.806586,0.007997,0.095229
5073,0.004019,0.773438,0.773438,0.007758,0.034331,0.806586,0.007997,0.095229
5074,0.003374,0.830273,0.830273,0.008699,0.040625,0.806586,0.007997,0.095229
5075,0.002209,0.772070,0.772070,0.007800,0.051879,0.806586,0.007997,0.095229
5076,0.001607,0.787109,0.787109,0.008043,0.021653,0.806586,0.007997,0.095229
5077,0.001169,0.805664,0.805664,0.007803,0.031168,0.806586,0.007997,0.095229
5078,-0.003621,0.751953,0.751953,0.008199,0.024146,0.806586,0.007997,0.095229
5079,0.003143,0.828125,0.828125,0.007887,0.021204,0.806586,0.007997,0.095229
5080,0.006331,0.802734,0.802734,0.008109,0.036956,0.806586,0.007997,0.095229
5081,0.008096,0.812891,0.812891,0.007673,0.058901,0.806586,0.007997,0.095229
5082,-0.003125,0.835938,0.835938,0.007582,0.035179,0.806586,0.007997,0.095229
5083,-0.001116,0.749023,0.749023,0.007314,0.018704,0.806586,0.007997,0.095229
5084,0.008277,0.818359,0.818359,0.007930,0.045662,0.806586,0.007997,0.095229
5085,0.007136,0.771875,0.771875,0.008054,0.064322,0.806586,0.007997,0.095229
5086,0.002952,0.802148,0.802148,0.007975,0.023922,0.806586,0.007997,0.095229
5087,-0.003883,0.837891,0.837891,0.008325,0.020314,0.806586,0.007997,0.095229
5088,0.001349,0.793945,0.793945,0.007527,0.009672,0.806586,0.007997,0.095229
5089,-0.018958,0.803711,0.803711,0.007833,0.033785,0.806586,0.007997,0.095229
5090,0.000080,0.859375,0.859375,0.007789,0.012399,0.806586,0.007997,0.095229
5091,0.002832,0.827148,0.827148,0.007577,0.019170,0.806586,0.007997,0.095229
5092,0.000792,0.804688,0.804688,0.007451,0.015496,0.806586,0.007997,0.095229
5093,0.001808,0.806641,0.806641,0.007769,0.014893,0.806586,0.007997,0.095229
5094,0.003941,0.764648,0.764648,0.008489,0.025342,0.806586,0.007997,0.095229
5095,-0.000702,0.792969,0.792969,0.007968,0.028388,0.806586,0.007997,0.095229
5096,0.005069,0.764648,0.764648,0.008088,0.025878,0.806586,0.007997,0.095229
5097,-0.019752,0.799805,0.799805,0.008029,0.044048,0.806586,0.007997,0.095229
5098,0.002915,0.817383,0.817383,0.007991,0.003504,0.806586,0.007997,0.095229
5099,0.004060,0.805664,0.805664,0.008176,0.014020,0.806586,0.007997,0.095229
5100,0.001994,0.796484,0.796484,0.008099,0.025981,0.806586,0.007997,0.095229
5101,0.006030,0.820312,0.820312,0.008140,0.048748,0.806586,0.007997,0.095229
5102,-0.009361,0.850586,0.850586,0.007806,0.039720,0.806586,0.007997,0.095229
5103,0.002807,0.830078,0.830078,0.008148,0.033079,0.806586,0.007997,0.095229
5104,0.001589,0.772461,0.772461,0.007964,0.032444,0.806586,0.007997,0.095229
5105,-0.004838,0.804102,0.804102,0.007763,0.088214,0.806586,0.007997,0.095229
5106,0.000183,0.831055,0.831055,0.008004,0.022636,0.806586,0.007997,0.095229
5107,-0.001098,0.840820,0.840820,0.007955,0.006332,0.806586,0.007997,0.095229
5108,0.005664,0.796094,0.796094,0.007683,0.043889,0.806586,0.007997,0.095229
5109,0.001974,0.800781,0.800781,0.007693,0.009939,0.806586,0.007997,0.095229
5110,0.007258,0.836914,0.836914,0.007824,0.045902,0.806586,0.007997,0.095229
5111,-0.000009,0.788086,0.788086,0.008046,0.000875,0.806586,0.007997,0.095229
5112,0.008199,0.817383,0.817383,0.007943,0.051942,0.806586,0.007997,0.095229
5113,0.000964,0.821289,0.821289,0.007659,0.022695,0.806586,0.007997,0.095229
5114,0.001308,0.826172,0.826172,0.007482,0.018018,0.806586,0.007997,0.095229
5115,0.002267,0.805664,0.805664,0.007769,0.039867,0.806586,0.007997,0.095229
5116,0.001531,0.802734,0.802734,0.007780,0.019545,0.806586,0.007997,0.095229
5117,0.004587,0.808594,0.808594,0.007718,0.030789,0.806586,0.007997,0.095229
5118,0.003165,0.776953,0.776953,0.007559,0.019413,0.806586,0.007997,0.095229
5119,-0.000774,0.769531,0.769531,0.008032,0.009330,0.806586,0.007997,0.095229
5120,0.001943,0.800195,0.800195,0.007868,0.050985,0.806586,0.007997,0.095229
5121,-0.003283,0.816406,0.816406,0.007864,0.029654,0.806586,0.007997,0.095229
5122,0.009375,0.832031,0.832031,0.007438,0.071179,0.806586,0.007997,0.095229
5123,0.000693,0.833984,0.833984,0.007888,0.016644,0.806586,0.007997,0.095229
5124,-0.000005,0.815430,0.815430,0.007795,0.000927,0.806586,0.007997,0.095229
5125,0.000494,0.833008,0.833008,0.007787,0.031476,0.806586,0.007997,0.095229
5126,0.003600,0.817383,0.817383,0.008203,0.018962,0.806586,0.007997,0.095229
5127,0.001980,0.811523,0.811523,0.007736,0.010430,0.806586,0.007997,0.095229
5128,-0.000003,0.818359,0.818359,0.008199,0.001049,0.806586,0.007997,0.095229
5129,0.005737,0.795898,0.795898,0.007991,0.040290,0.806586,0.007997,0.095229
5130,0.003843,0.808594,0.808594,0.008047,0.067283,0.806586,0.007997,0.095229
5131,-0.007849,0.835938,0.835938,0.007578,0.034645,0.806586,0.007997,0.095229
5132,0.003586,0.831055,0.831055,0.008255,0.041127,0.806586,0.007997,0.095229
5133,-0.000958,0.823242,0.823242,0.007596,0.008324,0.806586,0.007997,0.095229
5134,0.001032,0.808594,0.808594,0.008060,0.013679,0.806586,0.007997,0.095229
5135,0.002692,0.802734,0.802734,0.008089,0.035255,0.806586,0.007997,0.095229
5136,0.007483,0.824219,0.824219,0.007928,0.038680,0.806586,0.007997,0.095229
5137,0.001936,0.835938,0.835938,0.008097,0.032507,0.806586,0.007997,0.095229
5138,0.000468,0.821289,0.821289,0.008094,0.024491,0.806586,0.007997,0.095229
5139,0.002996,0.846680,0.846680,0.007912,0.026798,0.806586,0.007997,0.095229
5140,-0.008407,0.798828,0.798828,0.008301,0.068371,0.806586,0.007997,0.095229
5141,0.001833,0.778320,0.778320,0.008330,0.017254,0.806586,0.007997,0.095229
5142,-0.002006,0.816406,0.816406,0.007611,0.020820,0.806586,0.007997,0.095229
5143,0.007136,0.786523,0.786523,0.007785,0.055874,0.806586,0.007997,0.095229
5144,0.005796,0.833984,0.833984,0.007620,0.033391,0.806586,0.007997,0.095229
5145,0.000942,0.802344,0.802344,0.007994,0.018687,0.806586,0.007997,0.095229
5146,-0.009296,0.801758,0.801758,0.007863,0.083922,0.806586,0.007997,0.095229
5147,0.002860,0.826172,0.826172,0.007842,0.017520,0.806586,0.007997,0.095229
5148,0.006435,0.821680,0.821680,0.007873,0.048717,0.806586,0.007997,0.095229
5149,0.001346,0.794922,0.794922,0.008380,0.016534,0.806586,0.007997,0.095229
5150,0.005010,0.812500,0.812500,0.007664,0.036431,0.806586,0.007997,0.095229
5151,0.001171,0.833984,0.833984,0.008331,0.018798,0.806586,0.007997,0.095229
5152,-0.000065,0.796875,0.796875,0.008284,0.005230,0.806586,0.007997,0.095229
5153,0.003038,0.829102,0.829102,0.008127,0.042795,0.806586,0.007997,0.095229
5154,0.001395,0.828125,0.828125,0.008108,0.013249,0.806586,0.007997,0.095229
5155,-0.000034,0.847656,0.847656,0.008187,0.036028,0.806586,0.007997,0.095229
5156,-0.004093,0.766602,0.766602,0.007557,0.057520,0.806586,0.007997,0.095229
5157,0.004293,0.780273,0.780273,0.007948,0.026190,0.806586,0.007997,0.095229
5158,0.002757,0.810156,0.810156,0.007737,0.039749,0.806586,0.007997,0.095229
5159,-0.002136,0.834961,0.834961,0.008143,0.033768,0.806586,0.007997,0.095229
5160,0.007583,0.788086,0.788086,0.008468,0.045280,0.806586,0.007997,0.095229
5161,0.004694,0.760742,0.760742,0.008099,0.025006,0.806586,0.007997,0.095229
5162,0.004559,0.843750,0.843750,0.007594,0.028613,0.806586,0.007997,0.095229
5163,0.004550,0.800781,0.800781,0.008072,0.041116,0.806586,0.007997,0.095229
5164,-0.009192,0.804688,0.804688,0.008010,0.029969,0.806586,0.007997,0.095229
5165,0.001889,0.778320,0.778320,0.007716,0.018020,0.806586,0.007997,0.095229
5166,0.001204,0.810938,0.810938,0.007776,0.026776,0.806586,0.007997,0.095229
5167,-0.000012,0.815430,0.815430,0.007884,0.001082,0.806586,0.007997,0.095229
5168,-0.000005,0.799805,0.799805,0.007597,0.001112,0.806586,0.007997,0.095229
5169,-0.000003,0.797852,0.797852,0.007921,0.001009,0.806586,0.007997,0.095229
5170,0.001618,0.861328,0.861328,0.007720,0.025881,0.806586,0.007997,0.095229
5171,-0.003558,0.781250,0.781250,0.007298,0.040065,0.806586,0.007997,0.095229
5172,0.005558,0.819336,0.819336,0.007888,0.041547,0.806586,0.007997,0.095229
5173,0.006501,0.806641,0.806641,0.008099,0.037190,0.806586,0.007997,0.095229
5174,-0.000665,0.811523,0.811523,0.008296,0.010963,0.806586,0.007997,0.095229
5175,-0.002946,0.830078,0.830078,0.007445,0.042226,0.806586,0.007997,0.095229
5176,-0.005933,0.772461,0.772461,0.008273,0.042398,0.806586,0.007997,0.095229
5177,0.000876,0.785547,0.785547,0.008216,0.016252,0.806586,0.007997,0.095229
5178,-0.004036,0.791406,0.791406,0.007796,0.028628,0.806586,0.007997,0.095229
5179,-0.003384,0.791992,0.791992,0.008022,0.033029,0.806586,0.007997,0.095229
5180,-0.001406,0.827148,0.827148,0.008054,0.025176,0.806586,0.007997,0.095229
5181,-0.006316,0.811914,0.811914,0.007841,0.026754,0.806586,0.007997,0.095229
5182,0.001568,0.806641,0.806641,0.007919,0.018816,0.806586,0.007997,0.095229
5183,-0.000646,0.804688,0.804688,0.007835,0.025404,0.806586,0.007997,0.095229
5184,-0.008092,0.857422,0.857422,0.007787,0.033218,0.806586,0.007997,0.095229
5185,0.000812,0.833984,0.833984,0.007969,0.011367,0.806586,0.007997,0.095229
5186,0.003927,0.793945,0.793945,0.008108,0.045746,0.806586,0.007997,0.095229
5187,0.000887,0.845703,0.845703,0.007877,0.010066,0.806586,0.007997,0.095229
5188,-0.004839,0.834961,0.834961,0.007939,0.056511,0.806586,0.007997,0.095229
5189,0.001543,0.800781,0.800781,0.007797,0.031043,0.806586,0.007997,0.095229
5190,0.003889,0.805859,0.805859,0.008124,0.018696,0.806586,0.007997,0.095229
5191,-0.004793,0.818359,0.818359,0.008061,0.040236,0.806586,0.007997,0.095229
5192,-0.001321,0.829102,0.829102,0.007810,0.012954,0.806586,0.007997,0.095229
5193,-0.000049,0.813477,0.813477,0.008220,0.009671,0.806586,0.007997,0.095229
5194,0.002305,0.812500,0.812500,0.008182,0.008801,0.806586,0.007997,0.095229
5195,0.004331,0.802734,0.802734,0.007915,0.034817,0.806586,0.007997,0.095229
5196,0.005502,0.780078,0.780078,0.008224,0.036599,0.806586,0.007997,0.095229
5197,0.006119,0.810547,0.810547,0.007952,0.053622,0.806586,0.007997,0.095229
5198,0.001289,0.822266,0.822266,0.007415,0.018420,0.806586,0.007997,0.095229
5199,0.001290,0.785156,0.785156,0.008006,0.017160,0.806586,0.007997,0.095229
5200,-0.000512,0.802734,0.802734,0.008110,0.015036,0.806586,0.007997,0.095229
5201,0.003121,0.808594,0.808594,0.008142,0.025548,0.806586,0.007997,0.095229
5202,0.001914,0.816406,0.816406,0.007963,0.023908,0.806586,0.007997,0.095229
5203,-0.001240,0.795898,0.795898,0.007825,0.009188,0.806586,0.007997,0.095229
5204,0.004137,0.807031,0.807031,0.007804,0.020626,0.806586,0.007997,0.095229
5205,0.002848,0.796680,0.796680,0.008031,0.019914,0.806586,0.007997,0.095229
5206,0.001791,0.803711,0.803711,0.007631,0.051813,0.806586,0.007997,0.095229
5207,0.000144,0.804102,0.804102,0.007854,0.026185,0.806586,0.007997,0.095229
5208,0.002556,0.828125,0.828125,0.008062,0.037541,0.806586,0.007997,0.095229
5209,0.000361,0.817383,0.817383,0.008018,0.022722,0.806586,0.007997,0.095229
5210,0.007620,0.830078,0.830078,0.007783,0.041719,0.806586,0.007997,0.095229
5211,0.000791,0.819336,0.819336,0.007858,0.015426,0.806586,0.007997,0.095229
5212,-0.007200,0.825195,0.825195,0.007697,0.044503,0.806586,0.007997,0.095229
5213,-0.003425,0.809570,0.809570,0.008015,0.010828,0.806586,0.007997,0.095229
5214,0.005454,0.805664,0.805664,0.007903,0.028751,0.806586,0.007997,0.095229
5215,0.006457,0.834961,0.834961,0.007813,0.063255,0.806586,0.007997,0.095229
5216,0.003580,0.818359,0.818359,0.008039,0.018726,0.806586,0.007997,0.095229
5217,0.001349,0.805664,0.805664,0.007835,0.016528,0.806586,0.007997,0.095229
5218,0.003091,0.831055,0.831055,0.008515,0.021938,0.806586,0.007997,0.095229
5219,0.004928,0.807617,0.807617,0.007889,0.057789,0.806586,0.007997,0.095229
5220,0.004977,0.796875,0.796875,0.007991,0.028260,0.806586,0.007997,0.095229
5221,-0.001190,0.801758,0.801758,0.007706,0.023381,0.806586,0.007997,0.095229
5222,0.003590,0.790625,0.790625,0.008646,0.025635,0.806586,0.007997,0.095229
5223,0.002854,0.848633,0.848633,0.007836,0.021325,0.806586,0.007997,0.095229
5224,0.004562,0.801562,0.801562,0.007752,0.039346,0.806586,0.007997,0.095229
5225,0.002916,0.797852,0.797852,0.007734,0.024284,0.806586,0.007997,0.095229
5226,-0.000080,0.787109,0.787109,0.008218,0.004361,0.806586,0.007997,0.095229
5227,0.001508,0.828125,0.828125,0.007830,0.010440,0.806586,0.007997,0.095229
5228,0.001260,0.814453,0.814453,0.008156,0.044727,0.806586,0.007997,0.095229
5229,-0.009062,0.799805,0.799805,0.007643,0.029234,0.806586,0.007997,0.095229
5230,-0.006792,0.837500,0.837500,0.007704,0.035009,0.806586,0.007997,0.095229
5231,-0.005585,0.819336,0.819336,0.007502,0.027232,0.806586,0.007997,0.095229
5232,0.002498,0.803711,0.803711,0.007583,0.030544,0.806586,0.007997,0.095229
5233,0.002832,0.792969,0.792969,0.007609,0.031044,0.806586,0.007997,0.095229
5234,0.001768,0.807617,0.807617,0.007717,0.010219,0.806586,0.007997,0.095229
5235,-0.001435,0.757812,0.757812,0.008156,0.044167,0.806586,0.007997,0.095229
5236,0.000845,0.840820,0.840820,0.007912,0.017036,0.806586,0.007997,0.095229
5237,0.001563,0.821289,0.821289,0.007681,0.030491,0.806586,0.007997,0.095229
5238,-0.000000,0.829102,0.829102,0.008353,0.000898,0.806586,0.007997,0.095229
5239,-0.000419,0.826172,0.826172,0.007848,0.004363,0.806586,0.007997,0.095229
5240,0.002804,0.852539,0.852539,0.007488,0.020391,0.806586,0.007997,0.095229
5241,0.002797,0.792188,0.792188,0.007934,0.049529,0.806586,0.007997,0.095229
5242,0.004171,0.817383,0.817383,0.007947,0.039346,0.806586,0.007997,0.095229
5243,0.001846,0.847656,0.847656,0.007609,0.042583,0.806586,0.007997,0.095229
5244,0.003409,0.833008,0.833008,0.008084,0.050641,0.806586,0.007997,0.095229
5245,0.005310,0.779883,0.779883,0.007781,0.040771,0.806586,0.007997,0.095229
5246,-0.014093,0.793945,0.793945,0.007546,0.055102,0.806586,0.007997,0.095229
5247,0.001222,0.766602,0.766602,0.008124,0.015421,0.806586,0.007997,0.095229
5248,0.010338,0.778906,0.778906,0.007734,0.048744,0.806586,0.007997,0.095229
5249,-0.011330,0.799805,0.799805,0.007725,0.025170,0.806586,0.007997,0.095229
5250,0.003203,0.804688,0.804688,0.007904,0.021930,0.806586,0.007997,0.095229
5251,0.001625,0.816406,0.816406,0.007581,0.028131,0.806586,0.007997,0.095229
5252,0.003956,0.796875,0.796875,0.007886,0.029264,0.806586,0.007997,0.095229
5253,-0.004083,0.801758,0.801758,0.007892,0.023874,0.806586,0.007997,0.095229
5254,-0.004852,0.801953,0.801953,0.008036,0.041630,0.806586,0.007997,0.095229
5255,0.003661,0.809570,0.809570,0.008231,0.021097,0.806586,0.007997,0.095229
5256,0.001131,0.813477,0.813477,0.008249,0.021105,0.806586,0.007997,0.095229
5257,-0.003705,0.816406,0.816406,0.007936,0.045396,0.806586,0.007997,0.095229
5258,-0.000333,0.791016,0.791016,0.008281,0.008708,0.806586,0.007997,0.095229
5259,0.004793,0.793945,0.793945,0.008316,0.024030,0.806586,0.007997,0.095229
5260,0.005067,0.801758,0.801758,0.007823,0.034396,0.806586,0.007997,0.095229
5261,0.002029,0.826172,0.826172,0.007416,0.035791,0.806586,0.007997,0.095229
5262,0.001637,0.820312,0.820312,0.007570,0.038857,0.806586,0.007997,0.095229
5263,0.001328,0.816406,0.816406,0.008179,0.010830,0.806586,0.007997,0.095229
5264,0.003197,0.781250,0.781250,0.007852,0.005400,0.806586,0.007997,0.095229
5265,0.004387,0.806641,0.806641,0.007588,0.042179,0.806586,0.007997,0.095229
5266,-0.000011,0.801758,0.801758,0.008081,0.000475,0.806586,0.007997,0.095229
5267,0.001614,0.811914,0.811914,0.007949,0.009476,0.806586,0.007997,0.095229
5268,0.003705,0.826172,0.826172,0.007880,0.039085,0.806586,0.007997,0.095229
5269,0.000848,0.813477,0.813477,0.007701,0.043610,0.806586,0.007997,0.095229
5270,0.000741,0.816406,0.816406,0.007615,0.016219,0.806586,0.007997,0.095229
5271,0.001436,0.786133,0.786133,0.007679,0.022379,0.806586,0.007997,0.095229
5272,-0.010151,0.806641,0.806641,0.007995,0.040876,0.806586,0.007997,0.095229
5273,0.000972,0.753125,0.753125,0.008189,0.039167,0.806586,0.007997,0.095229
5274,0.000936,0.822266,0.822266,0.007869,0.022869,0.806586,0.007997,0.095229
5275,-0.001184,0.801758,0.801758,0.007677,0.047519,0.806586,0.007997,0.095229
5276,0.001427,0.816406,0.816406,0.007924,0.025887,0.806586,0.007997,0.095229
5277,-0.003288,0.839844,0.839844,0.007758,0.065474,0.806586,0.007997,0.095229
5278,0.003568,0.807617,0.807617,0.008077,0.029098,0.806586,0.007997,0.095229
5279,-0.004441,0.799805,0.799805,0.007957,0.033691,0.806586,0.007997,0.095229
5280,0.006740,0.790039,0.790039,0.007399,0.045966,0.806586,0.007997,0.095229
5281,-0.001952,0.816406,0.816406,0.008057,0.008125,0.806586,0.007997,0.095229
5282,-0.004701,0.757422,0.757422,0.007841,0.005005,0.806586,0.007997,0.095229
5283,0.002402,0.813477,0.813477,0.007892,0.024462,0.806586,0.007997,0.095229
5284,-0.004666,0.766406,0.766406,0.007897,0.028946,0.806586,0.007997,0.095229
5285,0.001586,0.797852,0.797852,0.007958,0.016063,0.806586,0.007997,0.095229
5286,0.001909,0.787109,0.787109,0.008341,0.012347,0.806586,0.007997,0.095229
5287,0.002827,0.791992,0.791992,0.007808,0.026813,0.806586,0.007997,0.095229
5288,0.003166,0.811523,0.811523,0.007873,0.019105,0.806586,0.007997,0.095229
5289,-0.018860,0.793945,0.793945,0.007972,0.010213,0.806586,0.007997,0.095229
5290,0.003750,0.816406,0.816406,0.007916,0.020151,0.806586,0.007997,0.095229
5291,-0.024668,0.820312,0.820312,0.008013,0.040709,0.806586,0.007997,0.095229
5292,0.000384,0.794922,0.794922,0.007844,0.025348,0.806586,0.007997,0.095229
5293,0.001012,0.830078,0.830078,0.007753,0.022341,0.806586,0.007997,0.095229
5294,0.001782,0.820312,0.820312,0.008040,0.009385,0.806586,0.007997,0.095229
5295,0.005299,0.830078,0.830078,0.007576,0.033481,0.806586,0.007997,0.095229
5296,-0.001525,0.800391,0.800391,0.007767,0.027933,0.806586,0.007997,0.095229
5297,0.003828,0.814453,0.814453,0.008148,0.027859,0.806586,0.007997,0.095229
5298,-0.000139,0.819336,0.819336,0.008021,0.004239,0.806586,0.007997,0.095229
5299,-0.000270,0.832031,0.832031,0.007829,0.041755,0.806586,0.007997,0.095229
5300,0.006609,0.788086,0.788086,0.007857,0.033925,0.806586,0.007997,0.095229
5301,0.001080,0.776367,0.776367,0.008298,0.029845,0.806586,0.007997,0.095229
5302,-0.000535,0.764648,0.764648,0.007831,0.025315,0.806586,0.007997,0.095229
5303,-0.009213,0.833789,0.833789,0.007878,0.037874,0.806586,0.007997,0.095229
5304,0.001831,0.819727,0.819727,0.007979,0.013359,0.806586,0.007997,0.095229
5305,0.001905,0.766602,0.766602,0.007956,0.028924,0.806586,0.007997,0.095229
5306,-0.012335,0.814453,0.814453,0.007673,0.023529,0.806586,0.007997,0.095229
5307,0.001283,0.815430,0.815430,0.007952,0.020211,0.806586,0.007997,0.095229
5308,-0.010613,0.830078,0.830078,0.008161,0.030987,0.806586,0.007997,0.095229
5309,0.004192,0.775391,0.775391,0.008002,0.022003,0.806586,0.007997,0.095229
5310,0.000126,0.800977,0.800977,0.007798,0.028971,0.806586,0.007997,0.095229
5311,0.005983,0.775391,0.775391,0.007863,0.056352,0.806586,0.007997,0.095229
5312,0.002775,0.802734,0.802734,0.007595,0.028044,0.806586,0.007997,0.095229
5313,-0.000582,0.833398,0.833398,0.007561,0.034940,0.806586,0.007997,0.095229
5314,0.005925,0.789062,0.789062,0.007883,0.038326,0.806586,0.007997,0.095229
5315,0.006766,0.812500,0.812500,0.007346,0.053704,0.806586,0.007997,0.095229
5316,0.000988,0.814453,0.814453,0.007961,0.040331,0.806586,0.007997,0.095229
5317,0.005027,0.802734,0.802734,0.007943,0.028240,0.806586,0.007997,0.095229
5318,0.003262,0.779297,0.779297,0.007865,0.035243,0.806586,0.007997,0.095229
5319,0.000925,0.811523,0.811523,0.007808,0.014283,0.806586,0.007997,0.095229
5320,-0.000908,0.827148,0.827148,0.007699,0.029123,0.806586,0.007997,0.095229
5321,0.001550,0.786133,0.786133,0.007774,0.017138,0.806586,0.007997,0.095229
5322,0.001846,0.763086,0.763086,0.007795,0.019100,0.806586,0.007997,0.095229
5323,0.001204,0.814453,0.814453,0.007699,0.015896,0.806586,0.007997,0.095229
5324,-0.016260,0.811523,0.811523,0.007830,0.039749,0.806586,0.007997,0.095229
5325,0.002142,0.844727,0.844727,0.007779,0.041173,0.806586,0.007997,0.095229
5326,0.003717,0.784180,0.784180,0.007750,0.045521,0.806586,0.007997,0.095229
5327,0.002442,0.782227,0.782227,0.007737,0.030801,0.806586,0.007997,0.095229
5328,-0.001115,0.842773,0.842773,0.008023,0.001822,0.806586,0.007997,0.095229
5329,0.000422,0.826172,0.826172,0.008083,0.024291,0.806586,0.007997,0.095229
5330,0.000049,0.825195,0.825195,0.008031,0.004766,0.806586,0.007997,0.095229
5331,-0.005689,0.832031,0.832031,0.007824,0.019126,0.806586,0.007997,0.095229
5332,0.004744,0.770508,0.770508,0.007812,0.030890,0.806586,0.007997,0.095229
5333,-0.000169,0.805664,0.805664,0.007899,0.007143,0.806586,0.007997,0.095229
5334,0.007072,0.818359,0.818359,0.007909,0.057515,0.806586,0.007997,0.095229
5335,-0.000930,0.806641,0.806641,0.007582,0.046837,0.806586,0.007997,0.095229
5336,-0.005934,0.801758,0.801758,0.007901,0.045064,0.806586,0.007997,0.095229
5337,0.000918,0.824219,0.824219,0.007783,0.012748,0.806586,0.007997,0.095229
5338,0.002076,0.815430,0.815430,0.008532,0.018456,0.806586,0.007997,0.095229
5339,0.007593,0.813477,0.813477,0.007841,0.045227,0.806586,0.007997,0.095229
5340,-0.003795,0.803711,0.803711,0.008414,0.018693,0.806586,0.007997,0.095229
5341,-0.009186,0.805664,0.805664,0.008045,0.057613,0.806586,0.007997,0.095229
5342,0.002980,0.791992,0.791992,0.007834,0.021646,0.806586,0.007997,0.095229
5343,-0.004416,0.818359,0.818359,0.007373,0.038199,0.806586,0.007997,0.095229
5344,0.005753,0.817383,0.817383,0.007550,0.036947,0.806586,0.007997,0.095229
5345,0.004220,0.792969,0.792969,0.007821,0.018302,0.806586,0.007997,0.095229
5346,0.005835,0.829492,0.829492,0.007742,0.040382,0.806586,0.007997,0.095229
5347,0.004054,0.817383,0.817383,0.007713,0.035940,0.806586,0.007997,0.095229
5348,0.000290,0.795898,0.795898,0.008265,0.006192,0.806586,0.007997,0.095229
5349,0.001353,0.804688,0.804688,0.008065,0.012067,0.806586,0.007997,0.095229
5350,0.000926,0.806250,0.806250,0.008158,0.015691,0.806586,0.007997,0.095229
5351,0.002107,0.789062,0.789062,0.008202,0.009716,0.806586,0.007997,0.095229
5352,0.001638,0.811523,0.811523,0.007642,0.032322,0.806586,0.007997,0.095229
5353,0.002751,0.800391,0.800391,0.008462,0.026343,0.806586,0.007997,0.095229
5354,0.000714,0.835938,0.835938,0.007454,0.009357,0.806586,0.007997,0.095229
5355,0.001377,0.818359,0.818359,0.007883,0.023482,0.806586,0.007997,0.095229
5356,0.008813,0.842383,0.842383,0.008036,0.000267,0.806586,0.007997,0.095229
5357,0.002323,0.777344,0.777344,0.007819,0.016409,0.806586,0.007997,0.095229
5358,0.002348,0.841797,0.841797,0.007836,0.021411,0.806586,0.007997,0.095229
5359,0.002198,0.780273,0.780273,0.007719,0.010324,0.806586,0.007997,0.095229
5360,0.009689,0.835547,0.835547,0.007685,0.055695,0.806586,0.007997,0.095229
5361,0.000413,0.814453,0.814453,0.007839,0.038956,0.806586,0.007997,0.095229
5362,-0.005874,0.790039,0.790039,0.008218,0.032999,0.806586,0.007997,0.095229
5363,0.006695,0.816406,0.816406,0.008160,0.040690,0.806586,0.007997,0.095229
5364,-0.000089,0.816406,0.816406,0.007930,0.023963,0.806586,0.007997,0.095229
5365,0.003015,0.785156,0.785156,0.008029,0.042187,0.806586,0.007997,0.095229
5366,0.004911,0.800781,0.800781,0.007308,0.032139,0.806586,0.007997,0.095229
5367,-0.001906,0.840820,0.840820,0.007870,0.025706,0.806586,0.007997,0.095229
5368,-0.000106,0.821289,0.821289,0.007387,0.038465,0.806586,0.007997,0.095229
5369,0.000078,0.814453,0.814453,0.007871,0.005479,0.806586,0.007997,0.095229
5370,0.001924,0.820312,0.820312,0.007766,0.037379,0.806586,0.007997,0.095229
5371,-0.000516,0.825586,0.825586,0.007473,0.007414,0.806586,0.007997,0.095229
5372,-0.004257,0.781250,0.781250,0.007816,0.040160,0.806586,0.007997,0.095229
5373,0.002188,0.800000,0.800000,0.007887,0.037552,0.806586,0.007997,0.095229
5374,-0.007152,0.790039,0.790039,0.007953,0.029625,0.806586,0.007997,0.095229
5375,0.001118,0.807617,0.807617,0.007991,0.010499,0.806586,0.007997,0.095229
5376,0.001606,0.829687,0.829687,0.007989,0.025483,0.806586,0.007997,0.095229
5377,-0.001004,0.788086,0.788086,0.007831,0.020063,0.806586,0.007997,0.095229
5378,0.001946,0.791016,0.791016,0.008032,0.010055,0.806586,0.007997,0.095229
5379,0.000675,0.802734,0.802734,0.007631,0.023584,0.806586,0.007997,0.095229
5380,0.003022,0.845703,0.845703,0.007460,0.019145,0.806586,0.007997,0.095229
5381,0.001242,0.806641,0.806641,0.008026,0.022723,0.806586,0.007997,0.095229
5382,0.003147,0.813477,0.813477,0.007563,0.025944,0.806586,0.007997,0.095229
5383,-0.000008,0.820312,0.820312,0.007653,0.000533,0.806586,0.007997,0.095229
5384,0.001641,0.812500,0.812500,0.007773,0.017408,0.806586,0.007997,0.095229
5385,0.000439,0.831055,0.831055,0.007395,0.012612,0.806586,0.007997,0.095229
5386,-0.001107,0.800781,0.800781,0.007798,0.039685,0.806586,0.007997,0.095229
5387,0.002722,0.806641,0.806641,0.008085,0.026506,0.806586,0.007997,0.095229
5388,0.000997,0.825586,0.825586,0.007714,0.024281,0.806586,0.007997,0.095229
5389,-0.000396,0.782812,0.782812,0.008054,0.012981,0.806586,0.007997,0.095229
5390,0.009338,0.814453,0.814453,0.007932,0.054832,0.806586,0.007997,0.095229
5391,-0.009327,0.838867,0.838867,0.008282,0.045550,0.806586,0.007997,0.095229
5392,0.010519,0.784180,0.784180,0.007777,0.052558,0.806586,0.007997,0.095229
5393,0.004910,0.775391,0.775391,0.007691,0.039421,0.806586,0.007997,0.095229
5394,-0.000516,0.805078,0.805078,0.008171,0.023772,0.806586,0.007997,0.095229
5395,0.003508,0.828516,0.828516,0.008019,0.028754,0.806586,0.007997,0.095229
5396,0.003038,0.813477,0.813477,0.007562,0.058544,0.806586,0.007997,0.095229
5397,0.001841,0.762695,0.762695,0.007595,0.037199,0.806586,0.007997,0.095229
5398,-0.006867,0.833984,0.833984,0.008116,0.040444,0.806586,0.007997,0.095229
5399,0.005140,0.815430,0.815430,0.007800,0.027655,0.806586,0.007997,0.095229
5400,0.002658,0.785156,0.785156,0.007898,0.050084,0.806586,0.007997,0.095229
5401,-0.002244,0.833398,0.833398,0.008000,0.015032,0.806586,0.007997,0.095229
5402,0.004971,0.785156,0.785156,0.008055,0.032469,0.806586,0.007997,0.095229
5403,0.001136,0.766602,0.766602,0.008442,0.031593,0.806586,0.007997,0.095229
5404,-0.006059,0.798828,0.798828,0.007717,0.009586,0.806586,0.007997,0.095229
5405,0.002144,0.795898,0.795898,0.007626,0.011689,0.806586,0.007997,0.095229
5406,0.000238,0.819336,0.819336,0.008061,0.015657,0.806586,0.007997,0.095229
5407,0.002085,0.827148,0.827148,0.007696,0.042277,0.806586,0.007997,0.095229
5408,0.002059,0.802734,0.802734,0.007738,0.019272,0.806586,0.007997,0.095229
5409,0.004877,0.788086,0.788086,0.007856,0.040394,0.806586,0.007997,0.095229
5410,0.009479,0.817383,0.817383,0.008391,0.050667,0.806586,0.007997,0.095229
5411,0.000973,0.822266,0.822266,0.007652,0.010159,0.806586,0.007997,0.095229
5412,0.003325,0.789062,0.789062,0.008227,0.028353,0.806586,0.007997,0.095229
5413,0.003315,0.823242,0.823242,0.008510,0.018919,0.806586,0.007997,0.095229
5414,0.001939,0.826172,0.826172,0.007807,0.018405,0.806586,0.007997,0.095229
5415,-0.002050,0.786133,0.786133,0.008096,0.028053,0.806586,0.007997,0.095229
5416,-0.008475,0.824219,0.824219,0.007702,0.005162,0.806586,0.007997,0.095229
5417,0.000916,0.802734,0.802734,0.008273,0.033460,0.806586,0.007997,0.095229
5418,0.003849,0.804688,0.804688,0.007839,0.042071,0.806586,0.007997,0.095229
5419,0.000725,0.810547,0.810547,0.007626,0.020989,0.806586,0.007997,0.095229
5420,-0.008503,0.817383,0.817383,0.007897,0.019272,0.806586,0.007997,0.095229
5421,-0.002258,0.798828,0.798828,0.008033,0.012073,0.806586,0.007997,0.095229
5422,0.001860,0.849609,0.849609,0.007583,0.034150,0.806586,0.007997,0.095229
5423,0.001670,0.789648,0.789648,0.008107,0.034869,0.806586,0.007997,0.095229
5424,-0.009267,0.804688,0.804688,0.008057,0.043690,0.806586,0.007997,0.095229
5425,0.003211,0.815430,0.815430,0.007789,0.033284,0.806586,0.007997,0.095229
5426,-0.012744,0.830078,0.830078,0.008201,0.047475,0.806586,0.007997,0.095229
5427,-0.000157,0.790039,0.790039,0.007828,0.019017,0.806586,0.007997,0.095229
5428,0.001485,0.805664,0.805664,0.007999,0.017983,0.806586,0.007997,0.095229
5429,0.005188,0.817383,0.817383,0.008001,0.040334,0.806586,0.007997,0.095229
5430,0.005921,0.748047,0.748047,0.008110,0.039626,0.806586,0.007997,0.095229
5431,0.004127,0.845703,0.845703,0.007742,0.049378,0.806586,0.007997,0.095229
5432,0.001504,0.791992,0.791992,0.008294,0.022100,0.806586,0.007997,0.095229
5433,-0.008481,0.799805,0.799805,0.007552,0.013090,0.806586,0.007997,0.095229
5434,0.003531,0.831055,0.831055,0.007483,0.021544,0.806586,0.007997,0.095229
5435,0.006643,0.814453,0.814453,0.007992,0.037464,0.806586,0.007997,0.095229
5436,0.000181,0.812500,0.812500,0.008005,0.030845,0.806586,0.007997,0.095229
5437,-0.003308,0.814453,0.814453,0.007841,0.050007,0.806586,0.007997,0.095229
5438,0.001894,0.855469,0.855469,0.007819,0.024249,0.806586,0.007997,0.095229
5439,0.000816,0.806641,0.806641,0.008504,0.022428,0.806586,0.007997,0.095229
5440,0.000879,0.825586,0.825586,0.008052,0.014324,0.806586,0.007997,0.095229
5441,0.003635,0.800781,0.800781,0.008262,0.026849,0.806586,0.007997,0.095229
5442,0.003564,0.813477,0.813477,0.007760,0.024531,0.806586,0.007997,0.095229
5443,0.001028,0.785156,0.785156,0.008240,0.015804,0.806586,0.007997,0.095229
5444,0.004274,0.808594,0.808594,0.007871,0.040932,0.806586,0.007997,0.095229
5445,-0.003892,0.835938,0.835938,0.008008,0.026168,0.806586,0.007997,0.095229
5446,0.003205,0.842773,0.842773,0.008098,0.039207,0.806586,0.007997,0.095229
5447,-0.001114,0.767578,0.767578,0.008029,0.009706,0.806586,0.007997,0.095229
5448,0.003638,0.795898,0.795898,0.007975,0.039505,0.806586,0.007997,0.095229
5449,0.001020,0.781250,0.781250,0.007686,0.011309,0.806586,0.007997,0.095229
5450,0.000671,0.820312,0.820312,0.008141,0.013845,0.806586,0.007997,0.095229
5451,0.003213,0.828125,0.828125,0.007796,0.048869,0.806586,0.007997,0.095229
5452,0.002523,0.794141,0.794141,0.007905,0.036249,0.806586,0.007997,0.095229
5453,-0.002341,0.808594,0.808594,0.008186,0.052595,0.806586,0.007997,0.095229
5454,0.004070,0.820312,0.820312,0.007853,0.037834,0.806586,0.007997,0.095229
5455,0.007419,0.802734,0.802734,0.007793,0.046291,0.806586,0.007997,0.095229
5456,0.003607,0.798828,0.798828,0.007853,0.022515,0.806586,0.007997,0.095229
5457,-0.002982,0.816406,0.816406,0.007929,0.030956,0.806586,0.007997,0.095229
5458,-0.008961,0.832031,0.832031,0.008341,0.045295,0.806586,0.007997,0.095229
5459,0.003927,0.785156,0.785156,0.007918,0.040362,0.806586,0.007997,0.095229
5460,0.008315,0.803320,0.803320,0.007589,0.052477,0.806586,0.007997,0.095229
5461,-0.001609,0.808594,0.808594,0.007540,0.023630,0.806586,0.007997,0.095229
5462,0.002731,0.827148,0.827148,0.007602,0.032691,0.806586,0.007997,0.095229
5463,-0.002088,0.824414,0.824414,0.008175,0.017880,0.806586,0.007997,0.095229
5464,0.006117,0.824219,0.824219,0.008165,0.042156,0.806586,0.007997,0.095229
5465,0.002017,0.818750,0.818750,0.007868,0.037847,0.806586,0.007997,0.095229
5466,0.002031,0.800781,0.800781,0.008000,0.025857,0.806586,0.007997,0.095229
5467,0.000306,0.833984,0.833984,0.007831,0.023568,0.806586,0.007997,0.095229
5468,0.000751,0.807617,0.807617,0.007594,0.054388,0.806586,0.007997,0.095229
5469,-0.000323,0.796484,0.796484,0.008160,0.012530,0.806586,0.007997,0.095229
5470,-0.008791,0.817773,0.817773,0.008305,0.021675,0.806586,0.007997,0.095229
5471,0.001917,0.852539,0.852539,0.007840,0.011187,0.806586,0.007997,0.095229
5472,0.006522,0.791016,0.791016,0.007806,0.050218,0.806586,0.007997,0.095229
5473,-0.005364,0.793945,0.793945,0.007405,0.044078,0.806586,0.007997,0.095229
5474,0.007970,0.779297,0.779297,0.008022,0.046359,0.806586,0.007997,0.095229
5475,0.002376,0.787109,0.787109,0.007960,0.030310,0.806586,0.007997,0.095229
5476,0.001503,0.801758,0.801758,0.008016,0.010480,0.806586,0.007997,0.095229
5477,0.000700,0.817969,0.817969,0.007650,0.023334,0.806586,0.007997,0.095229
5478,-0.000430,0.814453,0.814453,0.008048,0.008578,0.806586,0.007997,0.095229
5479,0.001717,0.830078,0.830078,0.007868,0.010429,0.806586,0.007997,0.095229
5480,0.002144,0.779297,0.779297,0.007719,0.017733,0.806586,0.007997,0.095229
5481,0.003214,0.822266,0.822266,0.008267,0.035445,0.806586,0.007997,0.095229
5482,-0.000023,0.802734,0.802734,0.007983,0.001337,0.806586,0.007997,0.095229
5483,-0.001995,0.778320,0.778320,0.007739,0.018906,0.806586,0.007997,0.095229
5484,0.006942,0.809570,0.809570,0.007499,0.058055,0.806586,0.007997,0.095229
5485,0.000560,0.791016,0.791016,0.007934,0.023763,0.806586,0.007997,0.095229
5486,0.000150,0.819336,0.819336,0.007613,0.028540,0.806586,0.007997,0.095229
5487,0.000440,0.813477,0.813477,0.008129,0.017372,0.806586,0.007997,0.095229
5488,-0.001963,0.808594,0.808594,0.008097,0.012198,0.806586,0.007997,0.095229
5489,-0.000172,0.805859,0.805859,0.007766,0.002914,0.806586,0.007997,0.095229
5490,-0.017884,0.833008,0.833008,0.007808,0.032165,0.806586,0.007997,0.095229
5491,0.004963,0.785156,0.785156,0.008009,0.047692,0.806586,0.007997,0.095229
5492,0.003995,0.766602,0.766602,0.008103,0.036073,0.806586,0.007997,0.095229
5493,0.001927,0.813477,0.813477,0.007488,0.012917,0.806586,0.007997,0.095229
5494,0.000779,0.784180,0.784180,0.007745,0.023107,0.806586,0.007997,0.095229
5495,-0.000006,0.762695,0.762695,0.008116,0.001005,0.806586,0.007997,0.095229
5496,0.000003,0.793945,0.793945,0.008142,0.020772,0.806586,0.007997,0.095229
5497,-0.000479,0.819336,0.819336,0.008132,0.032475,0.806586,0.007997,0.095229
5498,0.005467,0.789453,0.789453,0.007980,0.027670,0.806586,0.007997,0.095229
5499,0.003408,0.803711,0.803711,0.008443,0.023525,0.806586,0.007997,0.095229
5500,0.004901,0.780273,0.780273,0.007893,0.029776,0.806723,0.007999,0.102969
5501,0.002486,0.778320,0.778320,0.008198,0.042216,0.806723,0.007999,0.102969
5502,0.001057,0.809570,0.809570,0.007830,0.017519,0.806723,0.007999,0.102969
5503,0.004327,0.800781,0.800781,0.008051,0.047926,0.806723,0.007999,0.102969
5504,0.003523,0.809570,0.809570,0.007591,0.026994,0.806723,0.007999,0.102969
5505,0.005372,0.814453,0.814453,0.007978,0.027727,0.806723,0.007999,0.102969
5506,-0.000636,0.789062,0.789062,0.007672,0.008569,0.806723,0.007999,0.102969
5507,0.006608,0.791992,0.791992,0.007759,0.049620,0.806723,0.007999,0.102969
5508,0.001455,0.815430,0.815430,0.007700,0.010452,0.806723,0.007999,0.102969
5509,-0.000452,0.781055,0.781055,0.007949,0.008155,0.806723,0.007999,0.102969
5510,0.001985,0.809570,0.809570,0.008072,0.009971,0.806723,0.007999,0.102969
5511,0.000795,0.801172,0.801172,0.007888,0.021031,0.806723,0.007999,0.102969
5512,-0.002316,0.779297,0.779297,0.007688,0.014322,0.806723,0.007999,0.102969
5513,-0.001522,0.774414,0.774414,0.007541,0.029606,0.806723,0.007999,0.102969
5514,0.001593,0.803711,0.803711,0.007917,0.031662,0.806723,0.007999,0.102969
5515,0.003932,0.839844,0.839844,0.008050,0.047616,0.806723,0.007999,0.102969
5516,0.004046,0.790039,0.790039,0.007784,0.025237,0.806723,0.007999,0.102969
5517,0.006342,0.820312,0.820312,0.007672,0.059619,0.806723,0.007999,0.102969
5518,-0.001131,0.788086,0.788086,0.007768,0.045024,0.806723,0.007999,0.102969
5519,-0.004854,0.812891,0.812891,0.008182,0.015284,0.806723,0.007999,0.102969
5520,0.006411,0.810547,0.810547,0.008023,0.034686,0.806723,0.007999,0.102969
5521,0.000052,0.807422,0.807422,0.008051,0.042746,0.806723,0.007999,0.102969
5522,-0.003069,0.828125,0.828125,0.007995,0.035101,0.806723,0.007999,0.102969
5523,0.004560,0.802734,0.802734,0.007860,0.046244,0.806723,0.007999,0.102969
5524,0.003823,0.814453,0.814453,0.008204,0.019461,0.806723,0.007999,0.102969
5525,0.006457,0.804688,0.804688,0.007557,0.048904,0.806723,0.007999,0.102969
5526,0.001197,0.808594,0.808594,0.007717,0.012003,0.806723,0.007999,0.102969
5527,-0.000465,0.773438,0.773438,0.007786,0.018041,0.806723,0.007999,0.102969
5528,-0.002024,0.841797,0.841797,0.007735,0.017923,0.806723,0.007999,0.102969
5529,-0.002271,0.785547,0.785547,0.008043,0.024385,0.806723,0.007999,0.102969
5530,-0.005222,0.813477,0.813477,0.008185,0.032988,0.806723,0.007999,0.102969
5531,0.006587,0.794922,0.794922,0.007760,0.025460,0.806723,0.007999,0.102969
5532,0.005469,0.785937,0.785937,0.007881,0.026290,0.806723,0.007999,0.102969
5533,0.004053,0.861328,0.861328,0.007541,0.028190,0.806723,0.007999,0.102969
5534,0.001852,0.809570,0.809570,0.007625,0.049055,0.806723,0.007999,0.102969
5535,0.007877,0.778320,0.778320,0.007724,0.049907,0.806723,0.007999,0.102969
5536,0.000481,0.803320,0.803320,0.007925,0.053854,0.806723,0.007999,0.102969
5537,0.000041,0.813477,0.813477,0.007481,0.033332,0.806723,0.007999,0.102969
5538,0.004739,0.801758,0.801758,0.007896,0.033865,0.806723,0.007999,0.102969
5539,0.001297,0.799805,0.799805,0.007977,0.027722,0.806723,0.007999,0.102969
5540,0.001278,0.787305,0.787305,0.007971,0.027345,0.806723,0.007999,0.102969
5541,0.001344,0.798828,0.798828,0.007346,0.038901,0.806723,0.007999,0.102969
5542,0.006288,0.822656,0.822656,0.008222,0.036579,0.806723,0.007999,0.102969
5543,0.001699,0.813086,0.813086,0.007657,0.035298,0.806723,0.007999,0.102969
5544,0.005965,0.765625,0.765625,0.007788,0.041520,0.806723,0.007999,0.102969
5545,0.003507,0.818359,0.818359,0.007743,0.021083,0.806723,0.007999,0.102969
5546,0.001200,0.847656,0.847656,0.007974,0.022093,0.806723,0.007999,0.102969
5547,-0.000080,0.824609,0.824609,0.008021,0.001722,0.806723,0.007999,0.102969
5548,0.001083,0.815430,0.815430,0.008129,0.029004,0.806723,0.007999,0.102969
5549,0.001275,0.787109,0.787109,0.007931,0.019171,0.806723,0.007999,0.102969
5550,0.002094,0.797070,0.797070,0.008028,0.014713,0.806723,0.007999,0.102969
5551,0.008273,0.834766,0.834766,0.007474,0.047335,0.806723,0.007999,0.102969
5552,-0.000159,0.803711,0.803711,0.007884,0.004619,0.806723,0.007999,0.102969
5553,0.002267,0.814453,0.814453,0.008099,0.025042,0.806723,0.007999,0.102969
5554,0.002882,0.816406,0.816406,0.007796,0.021361,0.806723,0.007999,0.102969
5555,0.001769,0.830078,0.830078,0.007809,0.031313,0.806723,0.007999,0.102969
5556,0.002537,0.826172,0.826172,0.007770,0.046785,0.806723,0.007999,0.102969
5557,0.002017,0.812500,0.812500,0.007634,0.027665,0.806723,0.007999,0.102969
5558,-0.001229,0.816406,0.816406,0.008157,0.033596,0.806723,0.007999,0.102969
5559,0.001135,0.814453,0.814453,0.008351,0.011318,0.806723,0.007999,0.102969
5560,0.001916,0.780273,0.780273,0.008112,0.017230,0.806723,0.007999,0.102969
5561,0.003772,0.814453,0.814453,0.007980,0.048688,0.806723,0.007999,0.102969
5562,0.008481,0.822852,0.822852,0.007734,0.060044,0.806723,0.007999,0.102969
5563,0.001551,0.789453,0.789453,0.008050,0.019276,0.806723,0.007999,0.102969
5564,0.000003,0.815430,0.815430,0.008089,0.001623,0.806723,0.007999,0.102969
5565,-0.001655,0.807617,0.807617,0.007716,0.022028,0.806723,0.007999,0.102969
5566,0.000906,0.813477,0.813477,0.008043,0.013406,0.806723,0.007999,0.102969
5567,0.002966,0.805664,0.805664,0.007464,0.025480,0.806723,0.007999,0.102969
5568,-0.001147,0.827148,0.827148,0.007971,0.021871,0.806723,0.007999,0.102969
5569,0.005871,0.787109,0.787109,0.007445,0.058711,0.806723,0.007999,0.102969
5570,0.008112,0.813477,0.813477,0.007784,0.067349,0.806723,0.007999,0.102969
5571,-0.003139,0.803711,0.803711,0.007930,0.016270,0.806723,0.007999,0.102969
5572,0.004855,0.823242,0.823242,0.007835,0.016675,0.806723,0.007999,0.102969
5573,0.001038,0.809570,0.809570,0.007690,0.009819,0.806723,0.007999,0.102969
5574,0.006638,0.780273,0.780273,0.008463,0.043608,0.806723,0.007999,0.102969
5575,0.000011,0.797070,0.797070,0.007658,0.002559,0.806723,0.007999,0.102969
5576,-0.018193,0.789062,0.789062,0.007985,0.021399,0.806723,0.007999,0.102969
5577,0.002242,0.847656,0.847656,0.007700,0.037884,0.806723,0.007999,0.102969
5578,-0.027370,0.759766,0.759766,0.007850,0.028139,0.806723,0.007999,0.102969
5579,0.000876,0.846680,0.846680,0.007887,0.009678,0.806723,0.007999,0.102969
5580,0.004270,0.767578,0.767578,0.007786,0.023913,0.806723,0.007999,0.102969
5581,0.002335,0.848633,0.848633,0.007550,0.019189,0.806723,0.007999,0.102969
5582,0.001990,0.834961,0.834961,0.007854,0.032829,0.806723,0.007999,0.102969
5583,0.001667,0.841797,0.841797,0.008104,0.024977,0.806723,0.007999,0.102969
5584,-0.000239,0.760742,0.760742,0.008301,0.005403,0.806723,0.007999,0.102969
5585,0.000666,0.822266,0.822266,0.007899,0.016365,0.806723,0.007999,0.102969
5586,0.001062,0.787109,0.787109,0.008141,0.015691,0.806723,0.007999,0.102969
5587,0.006596,0.789062,0.789062,0.008115,0.013832,0.806723,0.007999,0.102969
5588,0.003351,0.788086,0.788086,0.008028,0.019000,0.806723,0.007999,0.102969
5589,-0.000250,0.797266,0.797266,0.008128,0.027455,0.806723,0.007999,0.102969
5590,0.000744,0.796875,0.796875,0.008107,0.017045,0.806723,0.007999,0.102969
5591,0.004715,0.812500,0.812500,0.008290,0.040848,0.806723,0.007999,0.102969
5592,0.003445,0.784180,0.784180,0.007888,0.034868,0.806723,0.007999,0.102969
5593,-0.001754,0.754883,0.754883,0.008033,0.009456,0.806723,0.007999,0.102969
5594,-0.003273,0.809570,0.809570,0.007669,0.052772,0.806723,0.007999,0.102969
5595,0.002162,0.846680,0.846680,0.007872,0.026669,0.806723,0.007999,0.102969
5596,-0.011661,0.825195,0.825195,0.007681,0.034653,0.806723,0.007999,0.102969
5597,-0.017056,0.809570,0.809570,0.007947,0.019972,0.806723,0.007999,0.102969
5598,0.006769,0.810547,0.810547,0.007654,0.036261,0.806723,0.007999,0.102969
5599,0.005127,0.792383,0.792383,0.008282,0.037656,0.806723,0.007999,0.102969
5600,-0.000033,0.806641,0.806641,0.007625,0.001233,0.806723,0.007999,0.102969
5601,0.007597,0.842188,0.842188,0.007374,0.054557,0.806723,0.007999,0.102969
5602,-0.000172,0.784570,0.784570,0.007883,0.003082,0.806723,0.007999,0.102969
5603,0.001204,0.842773,0.842773,0.007964,0.015921,0.806723,0.007999,0.102969
5604,0.001478,0.801758,0.801758,0.007720,0.013565,0.806723,0.007999,0.102969
5605,0.002559,0.795898,0.795898,0.007297,0.028053,0.806723,0.007999,0.102969
5606,0.001423,0.790039,0.790039,0.007637,0.024418,0.806723,0.007999,0.102969
5607,0.001336,0.807617,0.807617,0.007660,0.031866,0.806723,0.007999,0.102969
5608,-0.004445,0.795898,0.795898,0.008118,0.018503,0.806723,0.007999,0.102969
5609,0.002868,0.843750,0.843750,0.007679,0.036573,0.806723,0.007999,0.102969
5610,-0.000016,0.815430,0.815430,0.008366,0.000798,0.806723,0.007999,0.102969
5611,0.008154,0.758789,0.758789,0.008007,0.047927,0.806723,0.007999,0.102969
5612,-0.001845,0.822266,0.822266,0.007777,0.027024,0.806723,0.007999,0.102969
5613,0.001672,0.791992,0.791992,0.008307,0.048576,0.806723,0.007999,0.102969
5614,0.001682,0.853516,0.853516,0.008008,0.037825,0.806723,0.007999,0.102969
5615,-0.001061,0.818359,0.818359,0.007727,0.032031,0.806723,0.007999,0.102969
5616,0.002882,0.805664,0.805664,0.007901,0.018796,0.806723,0.007999,0.102969
5617,0.004888,0.808594,0.808594,0.007329,0.033942,0.806723,0.007999,0.102969
5618,0.001330,0.791016,0.791016,0.007760,0.020175,0.806723,0.007999,0.102969
5619,0.002343,0.816016,0.816016,0.008051,0.020046,0.806723,0.007999,0.102969
5620,-0.004873,0.796875,0.796875,0.007987,0.018561,0.806723,0.007999,0.102969
5621,0.000126,0.807813,0.807813,0.008359,0.019069,0.806723,0.007999,0.102969
5622,-0.000017,0.791016,0.791016,0.007773,0.001608,0.806723,0.007999,0.102969
5623,0.003617,0.791016,0.791016,0.007917,0.024242,0.806723,0.007999,0.102969
5624,0.004109,0.816406,0.816406,0.008089,0.026249,0.806723,0.007999,0.102969
5625,0.006143,0.791016,0.791016,0.007644,0.039480,0.806723,0.007999,0.102969
5626,-0.001631,0.802148,0.802148,0.007917,0.029094,0.806723,0.007999,0.102969
5627,0.002602,0.833984,0.833984,0.007355,0.025930,0.806723,0.007999,0.102969
5628,0.004060,0.794922,0.794922,0.007931,0.042216,0.806723,0.007999,0.102969
5629,0.000678,0.820312,0.820312,0.007998,0.016430,0.806723,0.007999,0.102969
5630,0.002328,0.807617,0.807617,0.007747,0.016274,0.806723,0.007999,0.102969
5631,0.006043,0.806250,0.806250,0.007967,0.058805,0.806723,0.007999,0.102969
5632,0.002946,0.825195,0.825195,0.008208,0.046416,0.806723,0.007999,0.102969
5633,0.001812,0.831055,0.831055,0.007919,0.017817,0.806723,0.007999,0.102969
5634,0.000124,0.789062,0.789062,0.007989,0.020286,0.806723,0.007999,0.102969
5635,0.006822,0.782227,0.782227,0.008262,0.037708,0.806723,0.007999,0.102969
5636,0.005566,0.808594,0.808594,0.007912,0.052406,0.806723,0.007999,0.102969
5637,0.004953,0.842969,0.842969,0.008189,0.040468,0.806723,0.007999,0.102969
5638,0.004655,0.793945,0.793945,0.007717,0.023392,0.806723,0.007999,0.102969
5639,0.007589,0.793945,0.793945,0.007450,0.036373,0.806723,0.007999,0.102969
5640,-0.011839,0.765625,0.765625,0.007949,0.036758,0.806723,0.007999,0.102969
5641,-0.007612,0.817383,0.817383,0.008428,0.020765,0.806723,0.007999,0.102969
5642,-0.000030,0.811523,0.811523,0.007864,0.041413,0.806723,0.007999,0.102969
5643,-0.000950,0.835938,0.835938,0.007752,0.028609,0.806723,0.007999,0.102969
5644,0.000672,0.822266,0.822266,0.007569,0.038611,0.806723,0.007999,0.102969
5645,-0.002548,0.780273,0.780273,0.008017,0.022623,0.806723,0.007999,0.102969
5646,0.004528,0.822852,0.822852,0.007708,0.048472,0.806723,0.007999,0.102969
5647,0.001602,0.824219,0.824219,0.008035,0.049692,0.806723,0.007999,0.102969
5648,-0.005579,0.852539,0.852539,0.007791,0.030353,0.806723,0.007999,0.102969
5649,-0.007671,0.802734,0.802734,0.007930,0.050364,0.806723,0.007999,0.102969
5650,-0.000224,0.777344,0.777344,0.007940,0.006252,0.806723,0.007999,0.102969
5651,0.001903,0.822266,0.822266,0.007499,0.016204,0.806723,0.007999,0.102969
5652,0.004179,0.814453,0.814453,0.008107,0.015142,0.806723,0.007999,0.102969
5653,-0.016800,0.794336,0.794336,0.007829,0.022664,0.806723,0.007999,0.102969
5654,-0.010803,0.812500,0.812500,0.007610,0.053379,0.806723,0.007999,0.102969
5655,-0.000410,0.791992,0.791992,0.007910,0.015562,0.806723,0.007999,0.102969
5656,0.003786,0.800781,0.800781,0.007696,0.025220,0.806723,0.007999,0.102969
5657,0.001021,0.822266,0.822266,0.007630,0.035042,0.806723,0.007999,0.102969
5658,0.001833,0.850586,0.850586,0.008233,0.029988,0.806723,0.007999,0.102969
5659,-0.000306,0.791016,0.791016,0.007544,0.054984,0.806723,0.007999,0.102969
5660,0.003322,0.840820,0.840820,0.007855,0.019753,0.806723,0.007999,0.102969
5661,0.003001,0.805664,0.805664,0.007900,0.025154,0.806723,0.007999,0.102969
5662,0.004277,0.833984,0.833984,0.007523,0.030323,0.806723,0.007999,0.102969
5663,0.008895,0.775391,0.775391,0.007982,0.041140,0.806723,0.007999,0.102969
5664,0.007076,0.736914,0.736914,0.007899,0.036085,0.806723,0.007999,0.102969
5665,0.002106,0.796875,0.796875,0.007897,0.010746,0.806723,0.007999,0.102969
5666,-0.008859,0.809570,0.809570,0.007650,0.025755,0.806723,0.007999,0.102969
5667,-0.002585,0.833984,0.833984,0.007894,0.027650,0.806723,0.007999,0.102969
5668,-0.007054,0.841797,0.841797,0.007679,0.033125,0.806723,0.007999,0.102969
5669,0.001865,0.816406,0.816406,0.007772,0.025340,0.806723,0.007999,0.102969
5670,0.001324,0.787500,0.787500,0.007816,0.033441,0.806723,0.007999,0.102969
5671,0.002755,0.772461,0.772461,0.008145,0.024338,0.806723,0.007999,0.102969
5672,0.001256,0.809570,0.809570,0.008143,0.024233,0.806723,0.007999,0.102969
5673,0.000830,0.794922,0.794922,0.007705,0.016581,0.806723,0.007999,0.102969
5674,0.002603,0.817383,0.817383,0.008222,0.029994,0.806723,0.007999,0.102969
5675,0.000981,0.839844,0.839844,0.007688,0.010227,0.806723,0.007999,0.102969
5676,-0.001604,0.833008,0.833008,0.007619,0.031850,0.806723,0.007999,0.102969
5677,0.001283,0.801758,0.801758,0.007637,0.020437,0.806723,0.007999,0.102969
5678,-0.007661,0.785352,0.785352,0.008148,0.042587,0.806723,0.007999,0.102969
5679,-0.005601,0.829883,0.829883,0.007578,0.025777,0.806723,0.007999,0.102969
5680,0.003856,0.810547,0.810547,0.007900,0.019860,0.806723,0.007999,0.102969
5681,0.002796,0.826563,0.826563,0.008011,0.019031,0.806723,0.007999,0.102969
5682,0.000650,0.802734,0.802734,0.008270,0.028712,0.806723,0.007999,0.102969
5683,0.002678,0.823242,0.823242,0.008197,0.041052,0.806723,0.007999,0.102969
5684,0.001029,0.814844,0.814844,0.008137,0.012769,0.806723,0.007999,0.102969
5685,0.001859,0.794922,0.794922,0.008076,0.020605,0.806723,0.007999,0.102969
5686,0.003161,0.832031,0.832031,0.008480,0.019964,0.806723,0.007999,0.102969
5687,0.000923,0.799805,0.799805,0.008060,0.043062,0.806723,0.007999,0.102969
5688,0.003413,0.795117,0.795117,0.008316,0.028189,0.806723,0.007999,0.102969
5689,0.001146,0.808008,0.808008,0.008037,0.024244,0.806723,0.007999,0.102969
5690,0.001886,0.778320,0.778320,0.007506,0.026665,0.806723,0.007999,0.102969
5691,-0.002022,0.828125,0.828125,0.007882,0.012247,0.806723,0.007999,0.102969
5692,0.003555,0.804688,0.804688,0.007639,0.023083,0.806723,0.007999,0.102969
5693,0.002826,0.816797,0.816797,0.007971,0.020315,0.806723,0.007999,0.102969
5694,0.012622,0.790039,0.790039,0.007631,0.037216,0.806723,0.007999,0.102969
5695,0.003843,0.812500,0.812500,0.007643,0.059876,0.806723,0.007999,0.102969
5696,0.002842,0.766797,0.766797,0.008137,0.034877,0.806723,0.007999,0.102969
5697,0.003079,0.808594,0.808594,0.007724,0.026821,0.806723,0.007999,0.102969
5698,0.004549,0.825195,0.825195,0.007705,0.028268,0.806723,0.007999,0.102969
5699,0.002393,0.817383,0.817383,0.007531,0.040785,0.806723,0.007999,0.102969
5700,0.008689,0.794922,0.794922,0.007914,0.057707,0.806723,0.007999,0.102969
5701,-0.001197,0.790039,0.790039,0.007745,0.018646,0.806723,0.007999,0.102969
5702,0.002210,0.806641,0.806641,0.007974,0.026242,0.806723,0.007999,0.102969
5703,0.001541,0.803711,0.803711,0.008074,0.018495,0.806723,0.007999,0.102969
5704,-0.016419,0.817773,0.817773,0.007882,0.013080,0.806723,0.007999,0.102969
5705,0.003300,0.811523,0.811523,0.007889,0.038101,0.806723,0.007999,0.102969
5706,0.003282,0.823242,0.823242,0.007926,0.033108,0.806723,0.007999,0.102969
5707,0.003877,0.791016,0.791016,0.007641,0.023836,0.806723,0.007999,0.102969
5708,-0.003449,0.826172,0.826172,0.008073,0.025351,0.806723,0.007999,0.102969
5709,-0.020532,0.815430,0.815430,0.007779,0.036908,0.806723,0.007999,0.102969
5710,-0.030099,0.805273,0.805273,0.008186,0.048230,0.806723,0.007999,0.102969
5711,0.001800,0.814453,0.814453,0.007752,0.032010,0.806723,0.007999,0.102969
5712,-0.009492,0.784570,0.784570,0.007957,0.030669,0.806723,0.007999,0.102969
5713,0.001071,0.836914,0.836914,0.007406,0.023615,0.806723,0.007999,0.102969
5714,0.002674,0.813477,0.813477,0.007607,0.024751,0.806723,0.007999,0.102969
5715,0.006453,0.760742,0.760742,0.008250,0.037416,0.806723,0.007999,0.102969
5716,0.001614,0.812500,0.812500,0.008069,0.033019,0.806723,0.007999,0.102969
5717,0.001408,0.759180,0.759180,0.008229,0.010625,0.806723,0.007999,0.102969
5718,0.001716,0.800781,0.800781,0.007761,0.016562,0.806723,0.007999,0.102969
5719,0.003020,0.815039,0.815039,0.008230,0.034978,0.806723,0.007999,0.102969
5720,-0.005944,0.822266,0.822266,0.008371,0.022331,0.806723,0.007999,0.102969
5721,0.014806,0.796875,0.796875,0.007517,0.026963,0.806723,0.007999,0.102969
5722,0.005362,0.789062,0.789062,0.007799,0.041809,0.806723,0.007999,0.102969
5723,0.000431,0.817383,0.817383,0.008160,0.013788,0.806723,0.007999,0.102969
5724,0.001968,0.780273,0.780273,0.008042,0.026167,0.806723,0.007999,0.102969
5725,0.000065,0.790039,0.790039,0.007825,0.031364,0.806723,0.007999,0.102969
5726,0.003119,0.828125,0.828125,0.007799,0.032902,0.806723,0.007999,0.102969
5727,0.001663,0.766602,0.766602,0.007952,0.052533,0.806723,0.007999,0.102969
5728,-0.003699,0.762109,0.762109,0.008141,0.028683,0.806723,0.007999,0.102969
5729,0.002610,0.808008,0.808008,0.007571,0.032010,0.806723,0.007999,0.102969
5730,0.001257,0.762695,0.762695,0.008222,0.018908,0.806723,0.007999,0.102969
5731,0.005128,0.779297,0.779297,0.007983,0.006560,0.806723,0.007999,0.102969
5732,0.003577,0.793945,0.793945,0.008343,0.034759,0.806723,0.007999,0.102969
5733,-0.003214,0.792969,0.792969,0.007672,0.042795,0.806723,0.007999,0.102969
5734,0.000992,0.835938,0.835938,0.007447,0.023500,0.806723,0.007999,0.102969
5735,-0.003092,0.805859,0.805859,0.008133,0.031878,0.806723,0.007999,0.102969
5736,-0.013699,0.805664,0.805664,0.008160,0.012153,0.806723,0.007999,0.102969
5737,0.002709,0.799805,0.799805,0.007430,0.027366,0.806723,0.007999,0.102969
5738,0.004527,0.772461,0.772461,0.007914,0.018927,0.806723,0.007999,0.102969
5739,0.004706,0.825195,0.825195,0.007945,0.029428,0.806723,0.007999,0.102969
5740,-0.000031,0.789062,0.789062,0.007604,0.001663,0.806723,0.007999,0.102969
5741,-0.002445,0.827148,0.827148,0.007494,0.028009,0.806723,0.007999,0.102969
5742,-0.001600,0.822266,0.822266,0.008041,0.009236,0.806723,0.007999,0.102969
5743,-0.000559,0.816406,0.816406,0.007978,0.006946,0.806723,0.007999,0.102969
5744,0.003733,0.831055,0.831055,0.007388,0.027905,0.806723,0.007999,0.102969
5745,0.004862,0.837891,0.837891,0.008215,0.019233,0.806723,0.007999,0.102969
5746,0.005727,0.782227,0.782227,0.007873,0.050536,0.806723,0.007999,0.102969
5747,0.003852,0.818359,0.818359,0.008154,0.021339,0.806723,0.007999,0.102969
5748,0.007275,0.791016,0.791016,0.007774,0.043846,0.806723,0.007999,0.102969
5749,0.005750,0.801758,0.801758,0.008238,0.009437,0.806723,0.007999,0.102969
5750,0.003623,0.803711,0.803711,0.008126,0.019050,0.806723,0.007999,0.102969
5751,0.000622,0.822852,0.822852,0.007818,0.039489,0.806723,0.007999,0.102969
5752,0.004371,0.801758,0.801758,0.007801,0.050545,0.806723,0.007999,0.102969
5753,-0.000565,0.831055,0.831055,0.007961,0.022796,0.806723,0.007999,0.102969
5754,-0.009630,0.826563,0.826563,0.007803,0.013647,0.806723,0.007999,0.102969
5755,0.000138,0.807617,0.807617,0.007892,0.010555,0.806723,0.007999,0.102969
5756,0.005567,0.819336,0.819336,0.008170,0.024938,0.806723,0.007999,0.102969
5757,0.005387,0.790039,0.790039,0.007497,0.028077,0.806723,0.007999,0.102969
5758,0.004654,0.797852,0.797852,0.007440,0.038964,0.806723,0.007999,0.102969
5759,0.001643,0.812500,0.812500,0.008488,0.016702,0.806723,0.007999,0.102969
5760,0.005937,0.808789,0.808789,0.007831,0.053391,0.806723,0.007999,0.102969
5761,-0.002348,0.803516,0.803516,0.008133,0.033515,0.806723,0.007999,0.102969
5762,-0.000271,0.812695,0.812695,0.007776,0.006436,0.806723,0.007999,0.102969
5763,0.002810,0.795898,0.795898,0.008080,0.030501,0.806723,0.007999,0.102969
5764,0.001618,0.823242,0.823242,0.008292,0.035084,0.806723,0.007999,0.102969
5765,0.004173,0.827148,0.827148,0.007836,0.027706,0.806723,0.007999,0.102969
5766,0.003841,0.809570,0.809570,0.008190,0.021286,0.806723,0.007999,0.102969
5767,0.001492,0.794922,0.794922,0.007697,0.022658,0.806723,0.007999,0.102969
5768,0.003315,0.797852,0.797852,0.008134,0.022541,0.806723,0.007999,0.102969
5769,0.010900,0.750000,0.750000,0.008171,0.011662,0.806723,0.007999,0.102969
5770,-0.002196,0.776367,0.776367,0.007804,0.032668,0.806723,0.007999,0.102969
5771,0.000451,0.834961,0.834961,0.007661,0.034018,0.806723,0.007999,0.102969
5772,0.000054,0.847656,0.847656,0.007954,0.021075,0.806723,0.007999,0.102969
5773,0.005270,0.810547,0.810547,0.007625,0.049925,0.806723,0.007999,0.102969
5774,-0.006459,0.816406,0.816406,0.008195,0.025193,0.806723,0.007999,0.102969
5775,0.001049,0.799805,0.799805,0.007605,0.061421,0.806723,0.007999,0.102969
5776,0.002666,0.833984,0.833984,0.007729,0.030207,0.806723,0.007999,0.102969
5777,0.004872,0.833984,0.833984,0.008162,0.037485,0.806723,0.007999,0.102969
5778,-0.000784,0.823242,0.823242,0.007580,0.015989,0.806723,0.007999,0.102969
5779,0.001369,0.805078,0.805078,0.008512,0.024659,0.806723,0.007999,0.102969
5780,0.007453,0.787500,0.787500,0.007865,0.039776,0.806723,0.007999,0.102969
5781,-0.000051,0.782227,0.782227,0.008046,0.002663,0.806723,0.007999,0.102969
5782,0.006268,0.823242,0.823242,0.007934,0.038251,0.806723,0.007999,0.102969
5783,0.003216,0.790039,0.790039,0.007974,0.040674,0.806723,0.007999,0.102969
5784,0.002772,0.825195,0.825195,0.007683,0.028098,0.806723,0.007999,0.102969
5785,0.002690,0.825195,0.825195,0.007772,0.020599,0.806723,0.007999,0.102969
5786,0.002316,0.813477,0.813477,0.008026,0.033523,0.806723,0.007999,0.102969
5787,0.003410,0.791016,0.791016,0.008331,0.020019,0.806723,0.007999,0.102969
5788,0.006097,0.834570,0.834570,0.008054,0.056040,0.806723,0.007999,0.102969
5789,-0.000053,0.796875,0.796875,0.007841,0.005637,0.806723,0.007999,0.102969
5790,-0.001047,0.806641,0.806641,0.008044,0.015748,0.806723,0.007999,0.102969
5791,0.004791,0.761719,0.761719,0.007902,0.023830,0.806723,0.007999,0.102969
5792,-0.004338,0.807617,0.807617,0.008076,0.036797,0.806723,0.007999,0.102969
5793,0.001321,0.754883,0.754883,0.007676,0.032862,0.806723,0.007999,0.102969
5794,0.005535,0.791992,0.791992,0.007963,0.054523,0.806723,0.007999,0.102969
5795,-0.000901,0.810547,0.810547,0.007791,0.023299,0.806723,0.007999,0.102969
5796,0.001933,0.816406,0.816406,0.007847,0.047364,0.806723,0.007999,0.102969
5797,0.001120,0.821289,0.821289,0.007479,0.020824,0.806723,0.007999,0.102969
5798,0.002109,0.794922,0.794922,0.007800,0.012132,0.806723,0.007999,0.102969
5799,-0.000869,0.817383,0.817383,0.007795,0.038636,0.806723,0.007999,0.102969
5800,-0.009261,0.827148,0.827148,0.007904,0.032431,0.806723,0.007999,0.102969
5801,0.003303,0.776367,0.776367,0.007975,0.025794,0.806723,0.007999,0.102969
5802,-0.001313,0.805664,0.805664,0.007712,0.015089,0.806723,0.007999,0.102969
5803,0.002222,0.804297,0.804297,0.008105,0.018851,0.806723,0.007999,0.102969
5804,0.002853,0.828125,0.828125,0.007926,0.028839,0.806723,0.007999,0.102969
5805,0.005559,0.838477,0.838477,0.007425,0.033231,0.806723,0.007999,0.102969
5806,0.006884,0.823242,0.823242,0.007714,0.037961,0.806723,0.007999,0.102969
5807,0.000016,0.805664,0.805664,0.008106,0.001349,0.806723,0.007999,0.102969
5808,0.004254,0.765625,0.765625,0.008195,0.037356,0.806723,0.007999,0.102969
5809,0.001147,0.803711,0.803711,0.008219,0.030016,0.806723,0.007999,0.102969
5810,0.009556,0.795898,0.795898,0.007784,0.026884,0.806723,0.007999,0.102969
5811,0.001770,0.833984,0.833984,0.007956,0.022258,0.806723,0.007999,0.102969
5812,0.001259,0.789062,0.789062,0.008063,0.012691,0.806723,0.007999,0.102969
5813,0.000719,0.793359,0.793359,0.007784,0.016049,0.806723,0.007999,0.102969
5814,0.003373,0.809570,0.809570,0.007733,0.023065,0.806723,0.007999,0.102969
5815,0.006592,0.799219,0.799219,0.008158,0.045691,0.806723,0.007999,0.102969
5816,0.002908,0.818359,0.818359,0.007977,0.034164,0.806723,0.007999,0.102969
5817,0.001636,0.820312,0.820312,0.007538,0.013709,0.806723,0.007999,0.102969
5818,0.003429,0.817383,0.817383,0.007928,0.026046,0.806723,0.007999,0.102969
5819,0.001471,0.815430,0.815430,0.007786,0.024025,0.806723,0.007999,0.102969
5820,0.004014,0.812500,0.812500,0.008057,0.049306,0.806723,0.007999,0.102969
5821,0.005191,0.819336,0.819336,0.007999,0.056537,0.806723,0.007999,0.102969
5822,-0.004339,0.825000,0.825000,0.008191,0.026979,0.806723,0.007999,0.102969
5823,-0.006663,0.817383,0.817383,0.008477,0.010771,0.806723,0.007999,0.102969
5824,0.010410,0.803711,0.803711,0.007825,0.029226,0.806723,0.007999,0.102969
5825,-0.017952,0.798828,0.798828,0.007740,0.019232,0.806723,0.007999,0.102969
5826,-0.000045,0.781250,0.781250,0.008099,0.030679,0.806723,0.007999,0.102969
5827,0.001287,0.827148,0.827148,0.007966,0.021978,0.806723,0.007999,0.102969
5828,0.004468,0.816406,0.816406,0.007990,0.037248,0.806723,0.007999,0.102969
5829,-0.002227,0.777344,0.777344,0.007881,0.033713,0.806723,0.007999,0.102969
5830,-0.003690,0.779297,0.779297,0.007703,0.031580,0.806723,0.007999,0.102969
5831,0.001825,0.801758,0.801758,0.008108,0.037503,0.806723,0.007999,0.102969
5832,-0.005385,0.771484,0.771484,0.007748,0.025969,0.806723,0.007999,0.102969
5833,-0.004269,0.768555,0.768555,0.007860,0.020270,0.806723,0.007999,0.102969
5834,-0.000382,0.831055,0.831055,0.008010,0.008514,0.806723,0.007999,0.102969
5835,0.004821,0.791992,0.791992,0.008175,0.028781,0.806723,0.007999,0.102969
5836,-0.007105,0.805273,0.805273,0.008070,0.031884,0.806723,0.007999,0.102969
5837,0.006142,0.829883,0.829883,0.008083,0.019480,0.806723,0.007999,0.102969
5838,0.000004,0.803711,0.803711,0.007883,0.001663,0.806723,0.007999,0.102969
5839,-0.000126,0.788672,0.788672,0.008432,0.031216,0.806723,0.007999,0.102969
5840,0.002003,0.790039,0.790039,0.007842,0.015539,0.806723,0.007999,0.102969
5841,-0.000007,0.824219,0.824219,0.007706,0.024763,0.806723,0.007999,0.102969
5842,0.004691,0.781250,0.781250,0.008320,0.021057,0.806723,0.007999,0.102969
5843,0.002595,0.831445,0.831445,0.007939,0.041598,0.806723,0.007999,0.102969
5844,0.001995,0.799805,0.799805,0.008043,0.039491,0.806723,0.007999,0.102969
5845,0.002979,0.808203,0.808203,0.008023,0.067571,0.806723,0.007999,0.102969
5846,0.001393,0.780273,0.780273,0.008121,0.029689,0.806723,0.007999,0.102969
5847,0.007257,0.768555,0.768555,0.008042,0.035908,0.806723,0.007999,0.102969
5848,-0.001297,0.791016,0.791016,0.008189,0.023461,0.806723,0.007999,0.102969
5849,0.002017,0.831445,0.831445,0.007833,0.037993,0.806723,0.007999,0.102969
5850,0.000944,0.830078,0.830078,0.007838,0.022344,0.806723,0.007999,0.102969
5851,-0.030578,0.809570,0.809570,0.007886,0.034068,0.806723,0.007999,0.102969
5852,0.001811,0.794922,0.794922,0.007475,0.015040,0.806723,0.007999,0.102969
5853,-0.002799,0.811523,0.811523,0.007561,0.029113,0.806723,0.007999,0.102969
5854,0.001283,0.764063,0.764063,0.008283,0.019538,0.806723,0.007999,0.102969
5855,0.000658,0.806055,0.806055,0.007718,0.021337,0.806723,0.007999,0.102969
5856,0.001896,0.800781,0.800781,0.007966,0.022404,0.806723,0.007999,0.102969
5857,0.003756,0.799805,0.799805,0.008294,0.020006,0.806723,0.007999,0.102969
5858,0.005175,0.816406,0.816406,0.008110,0.029900,0.806723,0.007999,0.102969
5859,0.000940,0.792969,0.792969,0.008135,0.027460,0.806723,0.007999,0.102969
5860,-0.004686,0.784180,0.784180,0.007729,0.055927,0.806723,0.007999,0.102969
5861,0.005174,0.780273,0.780273,0.007938,0.038362,0.806723,0.007999,0.102969
5862,0.003184,0.829102,0.829102,0.007631,0.027920,0.806723,0.007999,0.102969
5863,0.001297,0.786133,0.786133,0.007907,0.040036,0.806723,0.007999,0.102969
5864,0.005400,0.786133,0.786133,0.007754,0.040089,0.806723,0.007999,0.102969
5865,-0.000899,0.792969,0.792969,0.007570,0.030586,0.806723,0.007999,0.102969
5866,0.003939,0.766602,0.766602,0.007909,0.018322,0.806723,0.007999,0.102969
5867,0.002985,0.803711,0.803711,0.007675,0.026969,0.806723,0.007999,0.102969
5868,0.005694,0.794922,0.794922,0.008098,0.035149,0.806723,0.007999,0.102969
5869,-0.001859,0.835938,0.835938,0.007963,0.020707,0.806723,0.007999,0.102969
5870,0.004436,0.833008,0.833008,0.007817,0.042464,0.806723,0.007999,0.102969
5871,0.004790,0.825195,0.825195,0.007568,0.028665,0.806723,0.007999,0.102969
5872,0.005407,0.789062,0.789062,0.007910,0.031710,0.806723,0.007999,0.102969
5873,0.009857,0.798828,0.798828,0.007404,0.045984,0.806723,0.007999,0.102969
5874,0.001693,0.831055,0.831055,0.007583,0.010896,0.806723,0.007999,0.102969
5875,-0.004835,0.817969,0.817969,0.007951,0.047979,0.806723,0.007999,0.102969
5876,-0.002543,0.807617,0.807617,0.007973,0.012277,0.806723,0.007999,0.102969
5877,0.003819,0.811523,0.811523,0.007629,0.033577,0.806723,0.007999,0.102969
5878,0.000626,0.852344,0.852344,0.007960,0.029794,0.806723,0.007999,0.102969
5879,-0.000651,0.814453,0.814453,0.007633,0.010322,0.806723,0.007999,0.102969
5880,0.003172,0.826367,0.826367,0.007828,0.022960,0.806723,0.007999,0.102969
5881,-0.009077,0.821680,0.821680,0.007580,0.039781,0.806723,0.007999,0.102969
5882,0.001191,0.810547,0.810547,0.008020,0.033602,0.806723,0.007999,0.102969
5883,-0.001513,0.794922,0.794922,0.008270,0.028323,0.806723,0.007999,0.102969
5884,0.000985,0.829687,0.829687,0.008139,0.029536,0.806723,0.007999,0.102969
5885,-0.004180,0.789062,0.789062,0.007995,0.023145,0.806723,0.007999,0.102969
5886,-0.008068,0.833984,0.833984,0.007520,0.035448,0.806723,0.007999,0.102969
5887,-0.001013,0.849805,0.849805,0.007984,0.019717,0.806723,0.007999,0.102969
5888,0.002465,0.825195,0.825195,0.008313,0.024229,0.806723,0.007999,0.102969
5889,0.001704,0.813477,0.813477,0.007752,0.013035,0.806723,0.007999,0.102969
5890,-0.001593,0.779297,0.779297,0.007966,0.018984,0.806723,0.007999,0.102969
5891,0.002140,0.821289,0.821289,0.008041,0.017458,0.806723,0.007999,0.102969
5892,0.001141,0.794922,0.794922,0.007917,0.016376,0.806723,0.007999,0.102969
5893,-0.000378,0.796875,0.796875,0.007933,0.021077,0.806723,0.007999,0.102969
5894,0.005380,0.813477,0.813477,0.007788,0.009766,0.806723,0.007999,0.102969
5895,0.005426,0.781250,0.781250,0.007680,0.030088,0.806723,0.007999,0.102969
5896,0.000707,0.834961,0.834961,0.007580,0.020884,0.806723,0.007999,0.102969
5897,0.001767,0.798828,0.798828,0.007571,0.011040,0.806723,0.007999,0.102969
5898,0.004388,0.814453,0.814453,0.007729,0.055144,0.806723,0.007999,0.102969
5899,0.001392,0.850586,0.850586,0.008040,0.034940,0.806723,0.007999,0.102969
5900,0.001361,0.822266,0.822266,0.007547,0.029519,0.806723,0.007999,0.102969
5901,0.001717,0.782227,0.782227,0.008073,0.017709,0.806723,0.007999,0.102969
5902,0.006612,0.793945,0.793945,0.008294,0.070310,0.806723,0.007999,0.102969
5903,-0.005046,0.804688,0.804688,0.007857,0.019082,0.806723,0.007999,0.102969
5904,-0.000858,0.824219,0.824219,0.007892,0.013634,0.806723,0.007999,0.102969
5905,0.002243,0.795898,0.795898,0.007938,0.030856,0.806723,0.007999,0.102969
5906,0.002370,0.813477,0.813477,0.007527,0.050023,0.806723,0.007999,0.102969
5907,-0.013470,0.810547,0.810547,0.007828,0.010042,0.806723,0.007999,0.102969
5908,0.000314,0.829102,0.829102,0.008220,0.028684,0.806723,0.007999,0.102969
5909,-0.016141,0.804688,0.804688,0.007487,0.045233,0.806723,0.007999,0.102969
5910,0.003848,0.795313,0.795313,0.008009,0.023905,0.806723,0.007999,0.102969
5911,-0.000087,0.802344,0.802344,0.008472,0.006604,0.806723,0.007999,0.102969
5912,0.001023,0.817969,0.817969,0.008147,0.028743,0.806723,0.007999,0.102969
5913,0.001405,0.815430,0.815430,0.007785,0.018862,0.806723,0.007999,0.102969
5914,-0.000404,0.814453,0.814453,0.007745,0.005561,0.806723,0.007999,0.102969
5915,0.007269,0.773242,0.773242,0.007982,0.049378,0.806723,0.007999,0.102969
5916,-0.000084,0.823242,0.823242,0.008025,0.003010,0.806723,0.007999,0.102969
5917,0.005919,0.777734,0.777734,0.008219,0.046137,0.806723,0.007999,0.102969
5918,0.006981,0.779297,0.779297,0.007949,0.046023,0.806723,0.007999,0.102969
5919,0.001249,0.829102,0.829102,0.007778,0.019619,0.806723,0.007999,0.102969
5920,-0.000494,0.786133,0.786133,0.007899,0.006852,0.806723,0.007999,0.102969
5921,0.002072,0.783594,0.783594,0.007939,0.035342,0.806723,0.007999,0.102969
5922,0.009550,0.797852,0.797852,0.008032,0.051238,0.806723,0.007999,0.102969
5923,0.003388,0.828125,0.828125,0.008012,0.019832,0.806723,0.007999,0.102969
5924,-0.000710,0.837891,0.837891,0.007943,0.020986,0.806723,0.007999,0.102969
5925,0.003210,0.799805,0.799805,0.007956,0.020406,0.806723,0.007999,0.102969
5926,0.004190,0.802734,0.802734,0.008083,0.022764,0.806723,0.007999,0.102969
5927,0.007653,0.792773,0.792773,0.008008,0.058636,0.806723,0.007999,0.102969
5928,0.002829,0.829102,0.829102,0.007732,0.023323,0.806723,0.007999,0.102969
5929,-0.001886,0.813477,0.813477,0.007929,0.018567,0.806723,0.007999,0.102969
5930,-0.006384,0.792969,0.792969,0.008189,0.032497,0.806723,0.007999,0.102969
5931,-0.008329,0.815430,0.815430,0.007654,0.021046,0.806723,0.007999,0.102969
5932,-0.009431,0.828125,0.828125,0.007829,0.011756,0.806723,0.007999,0.102969
5933,-0.000154,0.763672,0.763672,0.007868,0.014113,0.806723,0.007999,0.102969
5934,-0.013645,0.787500,0.787500,0.008118,0.014214,0.806723,0.007999,0.102969
5935,0.002922,0.837891,0.837891,0.007644,0.026484,0.806723,0.007999,0.102969
5936,-0.004188,0.832031,0.832031,0.007863,0.007517,0.806723,0.007999,0.102969
5937,-0.000427,0.788086,0.788086,0.007760,0.024584,0.806723,0.007999,0.102969
5938,0.002348,0.832031,0.832031,0.008046,0.025238,0.806723,0.007999,0.102969
5939,0.000798,0.790039,0.790039,0.007405,0.032980,0.806723,0.007999,0.102969
5940,-0.012656,0.797852,0.797852,0.007926,0.007147,0.806723,0.007999,0.102969
5941,0.005483,0.802734,0.802734,0.008153,0.036440,0.806723,0.007999,0.102969
5942,0.000858,0.843164,0.843164,0.008076,0.017099,0.806723,0.007999,0.102969
5943,-0.000277,0.763672,0.763672,0.007565,0.015649,0.806723,0.007999,0.102969
5944,-0.001008,0.839844,0.839844,0.007593,0.008569,0.806723,0.007999,0.102969
5945,0.001587,0.820898,0.820898,0.008269,0.014996,0.806723,0.007999,0.102969
5946,0.001548,0.812500,0.812500,0.007363,0.038300,0.806723,0.007999,0.102969
5947,0.001693,0.808594,0.808594,0.007934,0.019166,0.806723,0.007999,0.102969
5948,0.002508,0.830078,0.830078,0.007785,0.026031,0.806723,0.007999,0.102969
5949,0.001313,0.830078,0.830078,0.007476,0.028626,0.806723,0.007999,0.102969
5950,0.001579,0.787109,0.787109,0.007877,0.015389,0.806723,0.007999,0.102969
5951,0.002706,0.786133,0.786133,0.007639,0.041646,0.806723,0.007999,0.102969
5952,0.001729,0.821289,0.821289,0.008006,0.039521,0.806723,0.007999,0.102969
5953,0.014874,0.773438,0.773438,0.007917,0.050354,0.806723,0.007999,0.102969
5954,0.006968,0.793945,0.793945,0.007961,0.016226,0.806723,0.007999,0.102969
5955,0.005062,0.816406,0.816406,0.007828,0.036010,0.806723,0.007999,0.102969
5956,0.001346,0.855469,0.855469,0.007984,0.011193,0.806723,0.007999,0.102969
5957,0.005298,0.806641,0.806641,0.008112,0.040974,0.806723,0.007999,0.102969
5958,0.001922,0.814453,0.814453,0.008262,0.009939,0.806723,0.007999,0.102969
5959,0.003250,0.806641,0.806641,0.007758,0.020974,0.806723,0.007999,0.102969
5960,-0.000197,0.814453,0.814453,0.007870,0.028873,0.806723,0.007999,0.102969
5961,0.002780,0.799414,0.799414,0.007543,0.036623,0.806723,0.007999,0.102969
5962,0.004696,0.791016,0.791016,0.007748,0.005417,0.806723,0.007999,0.102969
5963,0.003786,0.807617,0.807617,0.008519,0.044259,0.806723,0.007999,0.102969
5964,0.007670,0.812500,0.812500,0.007856,0.052628,0.806723,0.007999,0.102969
5965,0.001528,0.824609,0.824609,0.008234,0.014839,0.806723,0.007999,0.102969
5966,0.004891,0.785156,0.785156,0.008000,0.034879,0.806723,0.007999,0.102969
5967,0.000733,0.844727,0.844727,0.007621,0.016882,0.806723,0.007999,0.102969
5968,-0.013179,0.834180,0.834180,0.007700,0.053798,0.806723,0.007999,0.102969
5969,-0.001067,0.822266,0.822266,0.007799,0.078812,0.806723,0.007999,0.102969
5970,0.000976,0.800781,0.800781,0.008037,0.026980,0.806723,0.007999,0.102969
5971,0.006450,0.784180,0.784180,0.007875,0.043773,0.806723,0.007999,0.102969
5972,-0.009343,0.822852,0.822852,0.007799,0.029805,0.806723,0.007999,0.102969
5973,0.001933,0.839844,0.839844,0.007464,0.049234,0.806723,0.007999,0.102969
5974,-0.000151,0.799805,0.799805,0.008071,0.027454,0.806723,0.007999,0.102969
5975,-0.000023,0.795898,0.795898,0.007822,0.002538,0.806723,0.007999,0.102969
5976,0.003000,0.815430,0.815430,0.007657,0.038667,0.806723,0.007999,0.102969
5977,0.006892,0.793945,0.793945,0.007580,0.042120,0.806723,0.007999,0.102969
5978,0.003679,0.828125,0.828125,0.007636,0.040469,0.806723,0.007999,0.102969
5979,0.004220,0.750977,0.750977,0.007584,0.026194,0.806723,0.007999,0.102969
5980,-0.000004,0.834961,0.834961,0.008391,0.002047,0.806723,0.007999,0.102969
5981,0.000349,0.817383,0.817383,0.007754,0.033446,0.806723,0.007999,0.102969
5982,0.003815,0.846094,0.846094,0.007695,0.032181,0.806723,0.007999,0.102969
5983,0.002463,0.801758,0.801758,0.008017,0.027680,0.806723,0.007999,0.102969
5984,0.008778,0.842773,0.842773,0.008131,0.022207,0.806723,0.007999,0.102969
5985,0.000115,0.833008,0.833008,0.007961,0.040123,0.806723,0.007999,0.102969
5986,0.008682,0.809570,0.809570,0.008107,0.068695,0.806723,0.007999,0.102969
5987,0.001141,0.800977,0.800977,0.008230,0.014424,0.806723,0.007999,0.102969
5988,0.000975,0.804297,0.804297,0.008037,0.020742,0.806723,0.007999,0.102969
5989,0.001378,0.765625,0.765625,0.008698,0.021826,0.806723,0.007999,0.102969
5990,0.002798,0.769531,0.769531,0.007796,0.027469,0.806723,0.007999,0.102969
5991,0.001078,0.790039,0.790039,0.007784,0.024525,0.806723,0.007999,0.102969
5992,-0.005667,0.768555,0.768555,0.007606,0.032574,0.806723,0.007999,0.102969
5993,0.002293,0.793945,0.793945,0.007457,0.036888,0.806723,0.007999,0.102969
5994,0.004483,0.809570,0.809570,0.007939,0.033353,0.806723,0.007999,0.102969
5995,0.002877,0.792969,0.792969,0.008058,0.031239,0.806723,0.007999,0.102969
5996,-0.017612,0.795898,0.795898,0.008281,0.002986,0.806723,0.007999,0.102969
5997,0.002767,0.814062,0.814062,0.007922,0.036222,0.806723,0.007999,0.102969
5998,0.007567,0.822266,0.822266,0.007401,0.063607,0.806723,0.007999,0.102969
5999,-0.036491,0.801758,0.801758,0.007397,0.014871,0.806723,0.007999,0.102969
6000,0.003603,0.774414,0.774414,0.008041,0.035224,0.806860,0.007994,0.112717
6001,0.003270,0.825195,0.825195,0.007730,0.019845,0.806860,0.007994,0.112717
6002,0.003324,0.811523,0.811523,0.007824,0.043804,0.806860,0.007994,0.112717
6003,0.003995,0.823242,0.823242,0.007768,0.036123,0.806860,0.007994,0.112717
6004,0.002038,0.768555,0.768555,0.008236,0.018985,0.806860,0.007994,0.112717
6005,-0.002195,0.790039,0.790039,0.007955,0.058467,0.806860,0.007994,0.112717
6006,-0.000126,0.827148,0.827148,0.007804,0.056064,0.806860,0.007994,0.112717
6007,0.006587,0.792969,0.792969,0.007467,0.050285,0.806860,0.007994,0.112717
6008,0.000876,0.781250,0.781250,0.007988,0.027016,0.806860,0.007994,0.112717
6009,0.001987,0.830078,0.830078,0.007750,0.029746,0.806860,0.007994,0.112717
6010,0.000748,0.795898,0.795898,0.007951,0.022054,0.806860,0.007994,0.112717
6011,-0.000210,0.787109,0.787109,0.007953,0.011333,0.806860,0.007994,0.112717
6012,0.008050,0.793945,0.793945,0.007792,0.049601,0.806860,0.007994,0.112717
6013,0.001131,0.842773,0.842773,0.007732,0.039583,0.806860,0.007994,0.112717
6014,0.003616,0.815820,0.815820,0.008178,0.036459,0.806860,0.007994,0.112717
6015,-0.018576,0.798828,0.798828,0.007715,0.037242,0.806860,0.007994,0.112717
6016,0.003359,0.791016,0.791016,0.007809,0.028732,0.806860,0.007994,0.112717
6017,0.003753,0.752344,0.752344,0.007974,0.030598,0.806860,0.007994,0.112717
6018,-0.000171,0.807813,0.807813,0.008270,0.007202,0.806860,0.007994,0.112717
6019,-0.003659,0.822266,0.822266,0.008113,0.030680,0.806860,0.007994,0.112717
6020,0.001381,0.788086,0.788086,0.007890,0.018030,0.806860,0.007994,0.112717
6021,0.000006,0.798828,0.798828,0.007897,0.014291,0.806860,0.007994,0.112717
6022,0.005768,0.796289,0.796289,0.007597,0.039698,0.806860,0.007994,0.112717
6023,0.000943,0.808789,0.808789,0.008026,0.020648,0.806860,0.007994,0.112717
6024,0.001349,0.830078,0.830078,0.008388,0.013896,0.806860,0.007994,0.112717
6025,0.001977,0.760742,0.760742,0.007875,0.034721,0.806860,0.007994,0.112717
6026,0.001520,0.823242,0.823242,0.008311,0.010624,0.806860,0.007994,0.112717
6027,0.007047,0.791992,0.791992,0.007594,0.021137,0.806860,0.007994,0.112717
6028,0.005178,0.797852,0.797852,0.007926,0.056531,0.806860,0.007994,0.112717
6029,0.003305,0.795313,0.795313,0.007589,0.054260,0.806860,0.007994,0.112717
6030,-0.000058,0.764648,0.764648,0.008068,0.012079,0.806860,0.007994,0.112717
6031,0.003931,0.784570,0.784570,0.007943,0.026952,0.806860,0.007994,0.112717
6032,0.004629,0.845703,0.845703,0.007989,0.052061,0.806860,0.007994,0.112717
6033,0.001685,0.815430,0.815430,0.007666,0.010079,0.806860,0.007994,0.112717
6034,-0.012906,0.795117,0.795117,0.008024,0.019570,0.806860,0.007994,0.112717
6035,0.001798,0.785156,0.785156,0.007544,0.018474,0.806860,0.007994,0.112717
6036,-0.004927,0.801758,0.801758,0.007963,0.051686,0.806860,0.007994,0.112717
6037,0.003439,0.799805,0.799805,0.007733,0.018367,0.806860,0.007994,0.112717
6038,0.006769,0.808594,0.808594,0.007733,0.036128,0.806860,0.007994,0.112717
6039,0.004583,0.823242,0.823242,0.007949,0.037077,0.806860,0.007994,0.112717
6040,0.001217,0.784180,0.784180,0.007702,0.015881,0.806860,0.007994,0.112717
6041,0.003560,0.803711,0.803711,0.007704,0.030732,0.806860,0.007994,0.112717
6042,-0.000597,0.803711,0.803711,0.008374,0.011385,0.806860,0.007994,0.112717
6043,0.005666,0.794922,0.794922,0.007941,0.029694,0.806860,0.007994,0.112717
6044,0.011399,0.783203,0.783203,0.007963,0.055970,0.806860,0.007994,0.112717
6045,0.002223,0.812500,0.812500,0.007721,0.023510,0.806860,0.007994,0.112717
6046,-0.000028,0.795898,0.795898,0.007449,0.000986,0.806860,0.007994,0.112717
6047,-0.000016,0.813477,0.813477,0.008389,0.001217,0.806860,0.007994,0.112717
6048,0.001305,0.818359,0.818359,0.008178,0.021211,0.806860,0.007994,0.112717
6049,0.006414,0.827148,0.827148,0.007977,0.027570,0.806860,0.007994,0.112717
6050,-0.004874,0.763867,0.763867,0.007874,0.031285,0.806860,0.007994,0.112717
6051,-0.003053,0.792969,0.792969,0.008085,0.009640,0.806860,0.007994,0.112717
6052,-0.000276,0.791992,0.791992,0.008065,0.033493,0.806860,0.007994,0.112717
6053,0.007666,0.781445,0.781445,0.007793,0.045589,0.806860,0.007994,0.112717
6054,0.002352,0.851562,0.851562,0.007609,0.065940,0.806860,0.007994,0.112717
6055,0.007301,0.807617,0.807617,0.007826,0.035045,0.806860,0.007994,0.112717
6056,-0.000235,0.796875,0.796875,0.008073,0.002621,0.806860,0.007994,0.112717
6057,0.002203,0.825195,0.825195,0.007710,0.027070,0.806860,0.007994,0.112717
6058,-0.012899,0.823242,0.823242,0.008229,0.024997,0.806860,0.007994,0.112717
6059,0.002204,0.755859,0.755859,0.008057,0.019113,0.806860,0.007994,0.112717
6060,0.002163,0.776172,0.776172,0.008180,0.014102,0.806860,0.007994,0.112717
6061,0.000587,0.829102,0.829102,0.007727,0.023421,0.806860,0.007994,0.112717
6062,0.001138,0.833008,0.833008,0.008037,0.028368,0.806860,0.007994,0.112717
6063,0.000893,0.788086,0.788086,0.008176,0.046580,0.806860,0.007994,0.112717
6064,0.002388,0.778320,0.778320,0.008109,0.027345,0.806860,0.007994,0.112717
6065,0.003752,0.824219,0.824219,0.007568,0.045288,0.806860,0.007994,0.112717
6066,-0.000275,0.803711,0.803711,0.008389,0.008838,0.806860,0.007994,0.112717
6067,0.007952,0.793945,0.793945,0.008110,0.068326,0.806860,0.007994,0.112717
6068,0.005353,0.778320,0.778320,0.008042,0.039218,0.806860,0.007994,0.112717
6069,0.006920,0.834961,0.834961,0.007824,0.049979,0.806860,0.007994,0.112717
6070,-0.000368,0.794922,0.794922,0.007835,0.008992,0.806860,0.007994,0.112717
6071,-0.000344,0.787109,0.787109,0.007757,0.035464,0.806860,0.007994,0.112717
6072,0.003249,0.817383,0.817383,0.007846,0.037669,0.806860,0.007994,0.112717
6073,-0.001173,0.782227,0.782227,0.007841,0.017421,0.806860,0.007994,0.112717
6074,0.004639,0.762695,0.762695,0.008143,0.026396,0.806860,0.007994,0.112717
6075,0.011513,0.808594,0.808594,0.007806,0.003256,0.806860,0.007994,0.112717
6076,0.004767,0.811523,0.811523,0.008225,0.037101,0.806860,0.007994,0.112717
6077,0.000332,0.826172,0.826172,0.007549,0.027167,0.806860,0.007994,0.112717
6078,-0.004689,0.810547,0.810547,0.007875,0.021407,0.806860,0.007994,0.112717
6079,0.001612,0.796875,0.796875,0.007871,0.015604,0.806860,0.007994,0.112717
6080,0.005179,0.791992,0.791992,0.007378,0.034942,0.806860,0.007994,0.112717
6081,-0.000493,0.823242,0.823242,0.007839,0.013381,0.806860,0.007994,0.112717
6082,0.006100,0.787695,0.787695,0.007572,0.031918,0.806860,0.007994,0.112717
6083,-0.004421,0.771484,0.771484,0.007739,0.033136,0.806860,0.007994,0.112717
6084,0.000953,0.806641,0.806641,0.007548,0.024014,0.806860,0.007994,0.112717
6085,-0.000169,0.805664,0.805664,0.007584,0.004725,0.806860,0.007994,0.112717
6086,0.010606,0.820312,0.820312,0.008130,0.071920,0.806860,0.007994,0.112717
6087,-0.000490,0.818359,0.818359,0.008385,0.012270,0.806860,0.007994,0.112717
6088,0.005208,0.839844,0.839844,0.008592,0.039152,0.806860,0.007994,0.112717
6089,0.002380,0.851562,0.851562,0.007814,0.030557,0.806860,0.007994,0.112717
6090,0.003488,0.798828,0.798828,0.007905,0.027587,0.806860,0.007994,0.112717
6091,0.004243,0.816406,0.816406,0.007741,0.047529,0.806860,0.007994,0.112717
6092,-0.000979,0.805664,0.805664,0.007756,0.013810,0.806860,0.007994,0.112717
6093,0.000084,0.787305,0.787305,0.007739,0.018238,0.806860,0.007994,0.112717
6094,0.002276,0.823633,0.823633,0.007658,0.026212,0.806860,0.007994,0.112717
6095,0.005533,0.800781,0.800781,0.007902,0.021836,0.806860,0.007994,0.112717
6096,0.002067,0.783203,0.783203,0.008066,0.039821,0.806860,0.007994,0.112717
6097,0.000283,0.828125,0.828125,0.007569,0.022102,0.806860,0.007994,0.112717
6098,-0.003081,0.802734,0.802734,0.007945,0.017597,0.806860,0.007994,0.112717
6099,0.007724,0.835352,0.835352,0.007513,0.069874,0.806860,0.007994,0.112717
6100,0.011149,0.771484,0.771484,0.007597,0.058142,0.806860,0.007994,0.112717
6101,0.005443,0.804688,0.804688,0.007777,0.031483,0.806860,0.007994,0.112717
6102,-0.003992,0.791992,0.791992,0.008157,0.006599,0.806860,0.007994,0.112717
6103,0.002366,0.819336,0.819336,0.007642,0.047052,0.806860,0.007994,0.112717
6104,0.003369,0.788086,0.788086,0.007560,0.029495,0.806860,0.007994,0.112717
6105,0.005767,0.794922,0.794922,0.007885,0.032740,0.806860,0.007994,0.112717
6106,0.006783,0.841797,0.841797,0.007837,0.030586,0.806860,0.007994,0.112717
6107,-0.006507,0.808594,0.808594,0.007845,0.053894,0.806860,0.007994,0.112717
6108,0.003747,0.791992,0.791992,0.007523,0.045063,0.806860,0.007994,0.112717
6109,0.002282,0.789062,0.789062,0.007841,0.017138,0.806860,0.007994,0.112717
6110,0.000278,0.830078,0.830078,0.007678,0.018110,0.806860,0.007994,0.112717
6111,-0.000035,0.809570,0.809570,0.007918,0.002805,0.806860,0.007994,0.112717
6112,0.008000,0.798828,0.798828,0.008023,0.031935,0.806860,0.007994,0.112717
6113,0.000213,0.833984,0.833984,0.008067,0.021228,0.806860,0.007994,0.112717
6114,0.003499,0.806641,0.806641,0.007719,0.045048,0.806860,0.007994,0.112717
6115,0.007949,0.819531,0.819531,0.008065,0.011405,0.806860,0.007994,0.112717
6116,-0.000485,0.790039,0.790039,0.007699,0.009034,0.806860,0.007994,0.112717
6117,0.002161,0.833984,0.833984,0.007726,0.010334,0.806860,0.007994,0.112717
6118,0.002357,0.834961,0.834961,0.008066,0.028684,0.806860,0.007994,0.112717
6119,0.001618,0.832031,0.832031,0.008217,0.011936,0.806860,0.007994,0.112717
6120,-0.013776,0.822266,0.822266,0.007705,0.040656,0.806860,0.007994,0.112717
6121,0.008185,0.789062,0.789062,0.008067,0.049777,0.806860,0.007994,0.112717
6122,-0.012155,0.780859,0.780859,0.007918,0.005607,0.806860,0.007994,0.112717
6123,0.002834,0.807617,0.807617,0.007774,0.023945,0.806860,0.007994,0.112717
6124,0.003496,0.806641,0.806641,0.008261,0.028861,0.806860,0.007994,0.112717
6125,0.003775,0.798828,0.798828,0.007958,0.044677,0.806860,0.007994,0.112717
6126,-0.001233,0.791016,0.791016,0.007713,0.006482,0.806860,0.007994,0.112717
6127,-0.005792,0.787109,0.787109,0.007788,0.022666,0.806860,0.007994,0.112717
6128,0.002737,0.791016,0.791016,0.007341,0.032213,0.806860,0.007994,0.112717
6129,0.005062,0.780273,0.780273,0.007922,0.037535,0.806860,0.007994,0.112717
6130,0.001563,0.833008,0.833008,0.007996,0.015311,0.806860,0.007994,0.112717
6131,0.005968,0.810547,0.810547,0.007861,0.040038,0.806860,0.007994,0.112717
6132,0.000284,0.831836,0.831836,0.007749,0.025251,0.806860,0.007994,0.112717
6133,0.005690,0.796875,0.796875,0.007877,0.050386,0.806860,0.007994,0.112717
6134,-0.001222,0.822266,0.822266,0.007709,0.048903,0.806860,0.007994,0.112717
6135,-0.008326,0.834961,0.834961,0.007588,0.033408,0.806860,0.007994,0.112717
6136,0.000215,0.786133,0.786133,0.007979,0.017565,0.806860,0.007994,0.112717
6137,0.001352,0.794922,0.794922,0.007852,0.018928,0.806860,0.007994,0.112717
6138,0.000235,0.794336,0.794336,0.007965,0.027433,0.806860,0.007994,0.112717
6139,0.006358,0.808594,0.808594,0.007806,0.073029,0.806860,0.007994,0.112717
6140,-0.001608,0.827930,0.827930,0.007833,0.014414,0.806860,0.007994,0.112717
6141,0.003875,0.810547,0.810547,0.007433,0.034913,0.806860,0.007994,0.112717
6142,0.003271,0.813477,0.813477,0.008286,0.046347,0.806860,0.007994,0.112717
6143,0.000185,0.781250,0.781250,0.008168,0.011839,0.806860,0.007994,0.112717
6144,0.003675,0.844727,0.844727,0.007812,0.036336,0.806860,0.007994,0.112717
6145,0.001573,0.791016,0.791016,0.007403,0.017390,0.806860,0.007994,0.112717
6146,0.001502,0.799805,0.799805,0.007774,0.017560,0.806860,0.007994,0.112717
6147,0.005251,0.822266,0.822266,0.008284,0.028892,0.806860,0.007994,0.112717
6148,-0.001450,0.770508,0.770508,0.007633,0.035650,0.806860,0.007994,0.112717
6149,-0.000945,0.810547,0.810547,0.008035,0.006992,0.806860,0.007994,0.112717
6150,0.003874,0.785742,0.785742,0.007962,0.030785,0.806860,0.007994,0.112717
6151,0.003900,0.836914,0.836914,0.007594,0.034221,0.806860,0.007994,0.112717
6152,-0.000886,0.827344,0.827344,0.007947,0.016826,0.806860,0.007994,0.112717
6153,0.000088,0.791992,0.791992,0.008528,0.029681,0.806860,0.007994,0.112717
6154,-0.000047,0.795898,0.795898,0.007809,0.018451,0.806860,0.007994,0.112717
6155,0.001238,0.790039,0.790039,0.007876,0.011958,0.806860,0.007994,0.112717
6156,0.003049,0.811133,0.811133,0.007500,0.030657,0.806860,0.007994,0.112717
6157,0.002577,0.810156,0.810156,0.007551,0.030853,0.806860,0.007994,0.112717
6158,-0.014780,0.780273,0.780273,0.008387,0.057764,0.806860,0.007994,0.112717
6159,0.008912,0.833008,0.833008,0.007589,0.034218,0.806860,0.007994,0.112717
6160,-0.000308,0.819336,0.819336,0.008341,0.009087,0.806860,0.007994,0.112717
6161,0.006784,0.797461,0.797461,0.007621,0.049384,0.806860,0.007994,0.112717
6162,0.001879,0.785156,0.785156,0.007686,0.012079,0.806860,0.007994,0.112717
6163,0.005472,0.793359,0.793359,0.007861,0.034172,0.806860,0.007994,0.112717
6164,-0.022838,0.849609,0.849609,0.007795,0.024659,0.806860,0.007994,0.112717
6165,0.004674,0.787500,0.787500,0.007810,0.040089,0.806860,0.007994,0.112717
6166,-0.008208,0.757617,0.757617,0.007812,0.039872,0.806860,0.007994,0.112717
6167,0.002571,0.803906,0.803906,0.007851,0.028494,0.806860,0.007994,0.112717
6168,-0.018239,0.813867,0.813867,0.007583,0.003804,0.806860,0.007994,0.112717
6169,0.000735,0.820312,0.820312,0.007576,0.016621,0.806860,0.007994,0.112717
6170,0.000575,0.799805,0.799805,0.007709,0.018906,0.806860,0.007994,0.112717
6171,0.005441,0.786133,0.786133,0.007786,0.029880,0.806860,0.007994,0.112717
6172,0.002385,0.799805,0.799805,0.007599,0.037069,0.806860,0.007994,0.112717
6173,0.003051,0.851562,0.851562,0.007903,0.040783,0.806860,0.007994,0.112717
6174,0.004975,0.818359,0.818359,0.007752,0.037566,0.806860,0.007994,0.112717
6175,0.002783,0.803711,0.803711,0.008067,0.041624,0.806860,0.007994,0.112717
6176,0.007621,0.795898,0.795898,0.007614,0.029786,0.806860,0.007994,0.112717
6177,0.002925,0.804688,0.804688,0.008335,0.020453,0.806860,0.007994,0.112717
6178,0.001485,0.839063,0.839063,0.008007,0.014000,0.806860,0.007994,0.112717
6179,0.003949,0.803320,0.803320,0.008299,0.037805,0.806860,0.007994,0.112717
6180,0.004903,0.799805,0.799805,0.007597,0.036937,0.806860,0.007994,0.112717
6181,0.007434,0.784180,0.784180,0.008106,0.026835,0.806860,0.007994,0.112717
6182,0.003705,0.855469,0.855469,0.007798,0.036805,0.806860,0.007994,0.112717
6183,0.005033,0.818359,0.818359,0.007760,0.028687,0.806860,0.007994,0.112717
6184,0.002583,0.840820,0.840820,0.007397,0.033998,0.806860,0.007994,0.112717
6185,-0.004380,0.830078,0.830078,0.007672,0.044391,0.806860,0.007994,0.112717
6186,0.005000,0.806641,0.806641,0.007746,0.034487,0.806860,0.007994,0.112717
6187,0.001126,0.834961,0.834961,0.007791,0.018492,0.806860,0.007994,0.112717
6188,0.004393,0.769531,0.769531,0.008014,0.020755,0.806860,0.007994,0.112717
6189,-0.003131,0.785156,0.785156,0.008085,0.024320,0.806860,0.007994,0.112717
6190,0.006385,0.830078,0.830078,0.007744,0.011026,0.806860,0.007994,0.112717
6191,-0.001979,0.833008,0.833008,0.008048,0.005274,0.806860,0.007994,0.112717
6192,0.002660,0.825195,0.825195,0.008271,0.028650,0.806860,0.007994,0.112717
6193,-0.002376,0.793359,0.793359,0.007490,0.024152,0.806860,0.007994,0.112717
6194,-0.000989,0.805664,0.805664,0.008395,0.018694,0.806860,0.007994,0.112717
6195,-0.012938,0.799805,0.799805,0.007708,0.038099,0.806860,0.007994,0.112717
6196,-0.000844,0.785156,0.785156,0.008192,0.013650,0.806860,0.007994,0.112717
6197,0.008990,0.750000,0.750000,0.007441,0.043431,0.806860,0.007994,0.112717
6198,-0.023963,0.845312,0.845312,0.008383,0.015887,0.806860,0.007994,0.112717
6199,0.004797,0.796875,0.796875,0.007807,0.046967,0.806860,0.007994,0.112717
6200,-0.019023,0.811523,0.811523,0.007653,0.052435,0.806860,0.007994,0.112717
6201,0.001281,0.816602,0.816602,0.007965,0.019666,0.806860,0.007994,0.112717
6202,0.003534,0.786133,0.786133,0.007841,0.036454,0.806860,0.007994,0.112717
6203,0.001761,0.795898,0.795898,0.007897,0.016874,0.806860,0.007994,0.112717
6204,-0.000387,0.813477,0.813477,0.007852,0.027194,0.806860,0.007994,0.112717
6205,0.004645,0.823242,0.823242,0.008108,0.056689,0.806860,0.007994,0.112717
6206,0.009618,0.843750,0.843750,0.007842,0.045471,0.806860,0.007994,0.112717
6207,0.001011,0.789062,0.789062,0.007930,0.018138,0.806860,0.007994,0.112717
6208,0.001851,0.799805,0.799805,0.007577,0.018552,0.806860,0.007994,0.112717
6209,-0.000833,0.839844,0.839844,0.008086,0.016264,0.806860,0.007994,0.112717
6210,-0.000375,0.798828,0.798828,0.007402,0.005568,0.806860,0.007994,0.112717
6211,-0.004030,0.801758,0.801758,0.007770,0.037523,0.806860,0.007994,0.112717
6212,0.008738,0.796875,0.796875,0.008221,0.049610,0.806860,0.007994,0.112717
6213,0.002729,0.809570,0.809570,0.008300,0.031162,0.806860,0.007994,0.112717
6214,0.002186,0.822266,0.822266,0.007545,0.036643,0.806860,0.007994,0.112717
6215,-0.018042,0.761719,0.761719,0.007913,0.016955,0.806860,0.007994,0.112717
6216,0.003719,0.825195,0.825195,0.008013,0.028735,0.806860,0.007994,0.112717
6217,-0.000219,0.855469,0.855469,0.007563,0.020640,0.806860,0.007994,0.112717
6218,0.001595,0.803711,0.803711,0.007516,0.010870,0.806860,0.007994,0.112717
6219,0.001365,0.806055,0.806055,0.007963,0.036930,0.806860,0.007994,0.112717
6220,0.003698,0.778906,0.778906,0.007993,0.032027,0.806860,0.007994,0.112717
6221,0.013693,0.786133,0.786133,0.008019,0.016918,0.806860,0.007994,0.112717
6222,0.002181,0.789062,0.789062,0.007575,0.020529,0.806860,0.007994,0.112717
6223,-0.001126,0.791992,0.791992,0.007577,0.036413,0.806860,0.007994,0.112717
6224,0.007507,0.812500,0.812500,0.008202,0.063324,0.806860,0.007994,0.112717
6225,0.001288,0.751953,0.751953,0.007895,0.027926,0.806860,0.007994,0.112717
6226,0.000967,0.832031,0.832031,0.007542,0.028343,0.806860,0.007994,0.112717
6227,0.001043,0.783789,0.783789,0.008152,0.020508,0.806860,0.007994,0.112717
6228,0.001180,0.810547,0.810547,0.007608,0.017725,0.806860,0.007994,0.112717
6229,0.001291,0.831055,0.831055,0.007904,0.017932,0.806860,0.007994,0.112717
6230,0.000818,0.822266,0.822266,0.007927,0.024126,0.806860,0.007994,0.112717
6231,0.000277,0.784180,0.784180,0.007791,0.015912,0.806860,0.007994,0.112717
6232,-0.000041,0.808984,0.808984,0.008171,0.002353,0.806860,0.007994,0.112717
6233,-0.005021,0.804688,0.804688,0.007792,0.030432,0.806860,0.007994,0.112717
6234,0.001877,0.783203,0.783203,0.007919,0.017758,0.806860,0.007994,0.112717
6235,0.002979,0.856055,0.856055,0.007346,0.041362,0.806860,0.007994,0.112717
6236,0.015948,0.765234,0.765234,0.007845,0.050901,0.806860,0.007994,0.112717
6237,-0.014772,0.793750,0.793750,0.007981,0.029541,0.806860,0.007994,0.112717
6238,-0.000751,0.799219,0.799219,0.008070,0.018934,0.806860,0.007994,0.112717
6239,0.004144,0.805273,0.805273,0.008111,0.024751,0.806860,0.007994,0.112717
6240,0.005971,0.796875,0.796875,0.007462,0.036140,0.806860,0.007994,0.112717
6241,-0.017247,0.806055,0.806055,0.007881,0.053140,0.806860,0.007994,0.112717
6242,-0.004811,0.821289,0.821289,0.007621,0.032648,0.806860,0.007994,0.112717
6243,0.001731,0.789258,0.789258,0.007777,0.014447,0.806860,0.007994,0.112717
6244,-0.014627,0.820703,0.820703,0.007676,0.023333,0.806860,0.007994,0.112717
6245,-0.003698,0.815430,0.815430,0.007292,0.005186,0.806860,0.007994,0.112717
6246,-0.000238,0.791992,0.791992,0.008131,0.065476,0.806860,0.007994,0.112717
6247,0.007619,0.738672,0.738672,0.007834,0.037351,0.806860,0.007994,0.112717
6248,-0.000083,0.786133,0.786133,0.007910,0.005824,0.806860,0.007994,0.112717
6249,0.007103,0.791016,0.791016,0.007883,0.040449,0.806860,0.007994,0.112717
6250,0.005744,0.780273,0.780273,0.007683,0.055191,0.806860,0.007994,0.112717
6251,0.000070,0.812500,0.812500,0.007568,0.027341,0.806860,0.007994,0.112717
6252,0.000935,0.811523,0.811523,0.008197,0.021088,0.806860,0.007994,0.112717
6253,0.000282,0.792383,0.792383,0.008046,0.033633,0.806860,0.007994,0.112717
6254,0.005627,0.810547,0.810547,0.007635,0.048227,0.806860,0.007994,0.112717
6255,-0.001039,0.782617,0.782617,0.007995,0.010517,0.806860,0.007994,0.112717
6256,-0.000487,0.807617,0.807617,0.007597,0.056869,0.806860,0.007994,0.112717
6257,0.001936,0.793555,0.793555,0.007975,0.011000,0.806860,0.007994,0.112717
6258,-0.008545,0.771484,0.771484,0.007731,0.029434,0.806860,0.007994,0.112717
6259,0.003317,0.785156,0.785156,0.007839,0.033842,0.806860,0.007994,0.112717
6260,0.000997,0.782227,0.782227,0.008285,0.025570,0.806860,0.007994,0.112717
6261,-0.001064,0.831055,0.831055,0.007982,0.016529,0.806860,0.007994,0.112717
6262,0.001626,0.783398,0.783398,0.007762,0.022459,0.806860,0.007994,0.112717
6263,0.003934,0.800781,0.800781,0.007861,0.035648,0.806860,0.007994,0.112717
6264,0.001614,0.771094,0.771094,0.007803,0.020931,0.806860,0.007994,0.112717
6265,0.002176,0.789258,0.789258,0.008132,0.017689,0.806860,0.007994,0.112717
6266,-0.002571,0.844336,0.844336,0.008041,0.054272,0.806860,0.007994,0.112717
6267,-0.001753,0.846680,0.846680,0.007848,0.013735,0.806860,0.007994,0.112717
6268,0.001237,0.834961,0.834961,0.008397,0.018487,0.806860,0.007994,0.112717
6269,-0.000165,0.831250,0.831250,0.008059,0.023803,0.806860,0.007994,0.112717
6270,0.001666,0.798828,0.798828,0.007872,0.018470,0.806860,0.007994,0.112717
6271,0.004002,0.812500,0.812500,0.007621,0.023382,0.806860,0.007994,0.112717
6272,-0.004949,0.795898,0.795898,0.008321,0.013044,0.806860,0.007994,0.112717
6273,0.000826,0.812500,0.812500,0.007733,0.043292,0.806860,0.007994,0.112717
6274,0.004229,0.812500,0.812500,0.007367,0.040231,0.806860,0.007994,0.112717
6275,0.000461,0.820312,0.820312,0.007842,0.050758,0.806860,0.007994,0.112717
6276,0.004827,0.811523,0.811523,0.008327,0.031031,0.806860,0.007994,0.112717
6277,-0.000400,0.787109,0.787109,0.007920,0.024670,0.806860,0.007994,0.112717
6278,-0.000038,0.805664,0.805664,0.008232,0.002149,0.806860,0.007994,0.112717
6279,0.008300,0.820312,0.820312,0.007686,0.072683,0.806860,0.007994,0.112717
6280,0.006021,0.839844,0.839844,0.008015,0.053517,0.806860,0.007994,0.112717
6281,0.003708,0.797852,0.797852,0.007724,0.021221,0.806860,0.007994,0.112717
6282,-0.005448,0.782227,0.782227,0.007803,0.021617,0.806860,0.007994,0.112717
6283,0.003438,0.821289,0.821289,0.007748,0.032779,0.806860,0.007994,0.112717
6284,0.005268,0.795898,0.795898,0.007993,0.031750,0.806860,0.007994,0.112717
6285,-0.000352,0.797852,0.797852,0.007903,0.010606,0.806860,0.007994,0.112717
6286,0.005674,0.843750,0.843750,0.008138,0.054282,0.806860,0.007994,0.112717
6287,-0.000485,0.856445,0.856445,0.007872,0.010210,0.806860,0.007994,0.112717
6288,0.003098,0.777344,0.777344,0.008375,0.022549,0.806860,0.007994,0.112717
6289,0.003985,0.777734,0.777734,0.008301,0.030543,0.806860,0.007994,0.112717
6290,0.001652,0.803711,0.803711,0.007568,0.016431,0.806860,0.007994,0.112717
6291,0.003820,0.840820,0.840820,0.007723,0.032683,0.806860,0.007994,0.112717
6292,0.001273,0.811523,0.811523,0.008026,0.019236,0.806860,0.007994,0.112717
6293,-0.000414,0.774414,0.774414,0.007471,0.018465,0.806860,0.007994,0.112717
6294,0.007158,0.803516,0.803516,0.007853,0.061636,0.806860,0.007994,0.112717
6295,0.001687,0.806641,0.806641,0.007831,0.015881,0.806860,0.007994,0.112717
6296,-0.001569,0.814453,0.814453,0.007792,0.024739,0.806860,0.007994,0.112717
6297,-0.001658,0.772656,0.772656,0.007936,0.030258,0.806860,0.007994,0.112717
6298,0.000940,0.830078,0.830078,0.008482,0.011939,0.806860,0.007994,0.112717
6299,0.002518,0.823242,0.823242,0.007478,0.026535,0.806860,0.007994,0.112717
6300,-0.012106,0.793945,0.793945,0.007254,0.046344,0.806860,0.007994,0.112717
6301,0.003080,0.835938,0.835938,0.007722,0.031295,0.806860,0.007994,0.112717
6302,-0.001784,0.799805,0.799805,0.007662,0.032993,0.806860,0.007994,0.112717
6303,0.001223,0.794922,0.794922,0.008347,0.024647,0.806860,0.007994,0.112717
6304,0.001470,0.825195,0.825195,0.007939,0.016961,0.806860,0.007994,0.112717
6305,0.001048,0.796875,0.796875,0.007713,0.016222,0.806860,0.007994,0.112717
6306,0.003989,0.796875,0.796875,0.007932,0.040267,0.806860,0.007994,0.112717
6307,0.005310,0.775391,0.775391,0.007684,0.036988,0.806860,0.007994,0.112717
6308,-0.000189,0.794141,0.794141,0.007665,0.005922,0.806860,0.007994,0.112717
6309,0.001252,0.811523,0.811523,0.007744,0.028148,0.806860,0.007994,0.112717
6310,-0.005620,0.816406,0.816406,0.008059,0.020103,0.806860,0.007994,0.112717
6311,-0.002397,0.861328,0.861328,0.007601,0.037592,0.806860,0.007994,0.112717
6312,-0.004675,0.783203,0.783203,0.007766,0.026431,0.806860,0.007994,0.112717
6313,0.003902,0.786133,0.786133,0.008144,0.025119,0.806860,0.007994,0.112717
6314,0.002333,0.821289,0.821289,0.008143,0.024914,0.806860,0.007994,0.112717
6315,0.005455,0.781641,0.781641,0.008038,0.032617,0.806860,0.007994,0.112717
6316,0.002079,0.773828,0.773828,0.007835,0.020576,0.806860,0.007994,0.112717
6317,-0.000196,0.841797,0.841797,0.007666,0.028934,0.806860,0.007994,0.112717
6318,0.007351,0.751953,0.751953,0.007893,0.029278,0.806860,0.007994,0.112717
6319,0.003276,0.810547,0.810547,0.008241,0.027286,0.806860,0.007994,0.112717
6320,0.003058,0.831055,0.831055,0.008230,0.052474,0.806860,0.007994,0.112717
6321,0.008616,0.767578,0.767578,0.007658,0.060030,0.806860,0.007994,0.112717
6322,0.002242,0.780273,0.780273,0.007856,0.012554,0.806860,0.007994,0.112717
6323,0.002995,0.817383,0.817383,0.007811,0.028079,0.806860,0.007994,0.112717
6324,0.000430,0.828125,0.828125,0.007983,0.026580,0.806860,0.007994,0.112717
6325,0.001912,0.782227,0.782227,0.007914,0.016435,0.806860,0.007994,0.112717
6326,0.000956,0.835938,0.835938,0.007719,0.023320,0.806860,0.007994,0.112717
6327,0.008494,0.805664,0.805664,0.007836,0.017131,0.806860,0.007994,0.112717
6328,0.005570,0.816406,0.816406,0.007902,0.055267,0.806860,0.007994,0.112717
6329,-0.003587,0.823242,0.823242,0.007774,0.021089,0.806860,0.007994,0.112717
6330,-0.000381,0.832031,0.832031,0.007917,0.025118,0.806860,0.007994,0.112717
6331,0.001827,0.794922,0.794922,0.007682,0.018598,0.806860,0.007994,0.112717
6332,-0.000805,0.784180,0.784180,0.008314,0.015926,0.806860,0.007994,0.112717
6333,0.003612,0.793945,0.793945,0.008303,0.027334,0.806860,0.007994,0.112717
6334,0.000764,0.826172,0.826172,0.008019,0.043738,0.806860,0.007994,0.112717
6335,0.000985,0.805664,0.805664,0.008467,0.013655,0.806860,0.007994,0.112717
6336,-0.009260,0.758203,0.758203,0.007318,0.043794,0.806860,0.007994,0.112717
6337,-0.000634,0.785742,0.785742,0.007874,0.030798,0.806860,0.007994,0.112717
6338,0.001020,0.815430,0.815430,0.007969,0.011400,0.806860,0.007994,0.112717
6339,0.005924,0.785156,0.785156,0.007676,0.047577,0.806860,0.007994,0.112717
6340,-0.000579,0.804688,0.804688,0.007796,0.028357,0.806860,0.007994,0.112717
6341,0.008611,0.801367,0.801367,0.007874,0.037780,0.806860,0.007994,0.112717
6342,-0.000373,0.795898,0.795898,0.008183,0.014650,0.806860,0.007994,0.112717
6343,0.001164,0.816406,0.816406,0.007682,0.021061,0.806860,0.007994,0.112717
6344,-0.022798,0.776367,0.776367,0.007746,0.059238,0.806860,0.007994,0.112717
6345,0.001627,0.807617,0.807617,0.008106,0.011701,0.806860,0.007994,0.112717
6346,-0.005083,0.783789,0.783789,0.008178,0.029621,0.806860,0.007994,0.112717
6347,-0.007644,0.778320,0.778320,0.007901,0.022688,0.806860,0.007994,0.112717
6348,0.001560,0.807617,0.807617,0.007982,0.027343,0.806860,0.007994,0.112717
6349,0.000300,0.768555,0.768555,0.008176,0.022493,0.806860,0.007994,0.112717
6350,0.006881,0.792969,0.792969,0.007858,0.046727,0.806860,0.007994,0.112717
6351,-0.001374,0.779297,0.779297,0.007893,0.021597,0.806860,0.007994,0.112717
6352,-0.000053,0.791016,0.791016,0.008390,0.012579,0.806860,0.007994,0.112717
6353,-0.000100,0.807617,0.807617,0.008030,0.005725,0.806860,0.007994,0.112717
6354,0.001772,0.851562,0.851562,0.007392,0.036142,0.806860,0.007994,0.112717
6355,0.003313,0.788086,0.788086,0.007905,0.031152,0.806860,0.007994,0.112717
6356,0.001651,0.818359,0.818359,0.007759,0.016046,0.806860,0.007994,0.112717
6357,-0.001014,0.838867,0.838867,0.008221,0.011149,0.806860,0.007994,0.112717
6358,0.006006,0.773828,0.773828,0.007737,0.034086,0.806860,0.007994,0.112717
6359,0.002613,0.809570,0.809570,0.007814,0.036419,0.806860,0.007994,0.112717
6360,-0.000356,0.815430,0.815430,0.007715,0.032022,0.806860,0.007994,0.112717
6361,0.008407,0.808984,0.808984,0.007905,0.091697,0.806860,0.007994,0.112717
6362,0.002808,0.842773,0.842773,0.007968,0.021037,0.806860,0.007994,0.112717
6363,0.000574,0.791016,0.791016,0.008236,0.021202,0.806860,0.007994,0.112717
6364,0.009782,0.797266,0.797266,0.007919,0.010707,0.806860,0.007994,0.112717
6365,0.005059,0.748047,0.748047,0.007576,0.028017,0.806860,0.007994,0.112717
6366,0.011235,0.830078,0.830078,0.007412,0.080768,0.806860,0.007994,0.112717
6367,0.001293,0.829102,0.829102,0.007982,0.015384,0.806860,0.007994,0.112717
6368,0.003059,0.818359,0.818359,0.008085,0.012250,0.806860,0.007994,0.112717
6369,-0.001362,0.811523,0.811523,0.007983,0.023312,0.806860,0.007994,0.112717
6370,-0.014502,0.795898,0.795898,0.008125,0.021741,0.806860,0.007994,0.112717
6371,0.003367,0.826172,0.826172,0.008017,0.016308,0.806860,0.007994,0.112717
6372,-0.000453,0.799805,0.799805,0.007844,0.032549,0.806860,0.007994,0.112717
6373,0.006813,0.797461,0.797461,0.008059,0.041324,0.806860,0.007994,0.112717
6374,0.006781,0.766602,0.766602,0.007777,0.062825,0.806860,0.007994,0.112717
6375,0.001072,0.825195,0.825195,0.007625,0.019032,0.806860,0.007994,0.112717
6376,0.004759,0.828320,0.828320,0.008034,0.050286,0.806860,0.007994,0.112717
6377,0.004327,0.760156,0.760156,0.007645,0.029244,0.806860,0.007994,0.112717
6378,0.002481,0.814453,0.814453,0.007525,0.028063,0.806860,0.007994,0.112717
6379,0.004971,0.780273,0.780273,0.007967,0.043407,0.806860,0.007994,0.112717
6380,-0.002860,0.808594,0.808594,0.007825,0.032648,0.806860,0.007994,0.112717
6381,0.002476,0.789062,0.789062,0.007576,0.036326,0.806860,0.007994,0.112717
6382,0.000645,0.798828,0.798828,0.007816,0.040697,0.806860,0.007994,0.112717
6383,0.001661,0.795898,0.795898,0.008129,0.014091,0.806860,0.007994,0.112717
6384,0.009951,0.779297,0.779297,0.008294,0.047941,0.806860,0.007994,0.112717
6385,0.002706,0.806641,0.806641,0.007944,0.026772,0.806860,0.007994,0.112717
6386,0.003489,0.801758,0.801758,0.008028,0.042229,0.806860,0.007994,0.112717
6387,0.003497,0.791992,0.791992,0.007713,0.026514,0.806860,0.007994,0.112717
6388,0.007763,0.821289,0.821289,0.007503,0.049540,0.806860,0.007994,0.112717
6389,0.002126,0.822266,0.822266,0.007730,0.024135,0.806860,0.007994,0.112717
6390,-0.007418,0.795313,0.795313,0.008193,0.021172,0.806860,0.007994,0.112717
6391,-0.011408,0.800781,0.800781,0.007766,0.029104,0.806860,0.007994,0.112717
6392,-0.000052,0.807422,0.807422,0.007790,0.022790,0.806860,0.007994,0.112717
6393,-0.005040,0.810547,0.810547,0.007853,0.027498,0.806860,0.007994,0.112717
6394,-0.003193,0.820312,0.820312,0.007908,0.014737,0.806860,0.007994,0.112717
6395,0.004084,0.789258,0.789258,0.008241,0.022658,0.806860,0.007994,0.112717
6396,0.007176,0.839844,0.839844,0.007571,0.053952,0.806860,0.007994,0.112717
6397,-0.002088,0.814453,0.814453,0.008015,0.008544,0.806860,0.007994,0.112717
6398,-0.014361,0.828125,0.828125,0.007895,0.051073,0.806860,0.007994,0.112717
6399,-0.000554,0.784180,0.784180,0.008246,0.021772,0.806860,0.007994,0.112717
6400,0.000395,0.799805,0.799805,0.007645,0.023209,0.806860,0.007994,0.112717
6401,0.002782,0.822266,0.822266,0.008274,0.020480,0.806860,0.007994,0.112717
6402,-0.019186,0.795898,0.795898,0.008131,0.019608,0.806860,0.007994,0.112717
6403,0.008252,0.789062,0.789062,0.007651,0.051015,0.806860,0.007994,0.112717
6404,0.005819,0.823242,0.823242,0.007547,0.048219,0.806860,0.007994,0.112717
6405,0.001136,0.839844,0.839844,0.007385,0.031350,0.806860,0.007994,0.112717
6406,0.000000,0.803711,0.803711,0.007711,0.045164,0.806860,0.007994,0.112717
6407,0.001414,0.829687,0.829687,0.007644,0.040210,0.806860,0.007994,0.112717
6408,0.006597,0.790039,0.790039,0.007832,0.051071,0.806860,0.007994,0.112717
6409,0.002638,0.800781,0.800781,0.007612,0.028582,0.806860,0.007994,0.112717
6410,0.003472,0.798828,0.798828,0.008026,0.021496,0.806860,0.007994,0.112717
6411,0.003072,0.794922,0.794922,0.007729,0.022384,0.806860,0.007994,0.112717
6412,0.008775,0.770508,0.770508,0.007777,0.042831,0.806860,0.007994,0.112717
6413,0.002754,0.826172,0.826172,0.007459,0.040572,0.806860,0.007994,0.112717
6414,-0.010351,0.829102,0.829102,0.007931,0.011547,0.806860,0.007994,0.112717
6415,0.002100,0.785156,0.785156,0.008119,0.011129,0.806860,0.007994,0.112717
6416,0.003189,0.799414,0.799414,0.007816,0.019572,0.806860,0.007994,0.112717
6417,-0.010735,0.812500,0.812500,0.007909,0.036938,0.806860,0.007994,0.112717
6418,0.001500,0.803320,0.803320,0.007824,0.017345,0.806860,0.007994,0.112717
6419,0.002982,0.808594,0.808594,0.007581,0.019939,0.806860,0.007994,0.112717
6420,0.000596,0.785547,0.785547,0.008102,0.027141,0.806860,0.007994,0.112717
6421,0.006258,0.799805,0.799805,0.007976,0.050539,0.806860,0.007994,0.112717
6422,0.004858,0.791602,0.791602,0.007829,0.040826,0.806860,0.007994,0.112717
6423,0.004112,0.788086,0.788086,0.007364,0.028280,0.806860,0.007994,0.112717
6424,-0.000251,0.776367,0.776367,0.008311,0.009203,0.806860,0.007994,0.112717
6425,-0.000027,0.772461,0.772461,0.007919,0.002961,0.806860,0.007994,0.112717
6426,0.001596,0.807617,0.807617,0.008378,0.020689,0.806860,0.007994,0.112717
6427,-0.000115,0.833984,0.833984,0.008140,0.037479,0.806860,0.007994,0.112717
6428,-0.016510,0.821289,0.821289,0.008043,0.027485,0.806860,0.007994,0.112717
6429,-0.001790,0.817383,0.817383,0.007802,0.030909,0.806860,0.007994,0.112717
6430,0.002732,0.818164,0.818164,0.007362,0.034107,0.806860,0.007994,0.112717
6431,0.003562,0.774414,0.774414,0.007747,0.020146,0.806860,0.007994,0.112717
6432,0.012807,0.748438,0.748438,0.008217,0.027963,0.806860,0.007994,0.112717
6433,0.012411,0.772070,0.772070,0.007933,0.056866,0.806860,0.007994,0.112717
6434,0.004699,0.815430,0.815430,0.008326,0.026646,0.806860,0.007994,0.112717
6435,0.007970,0.778711,0.778711,0.007976,0.038758,0.806860,0.007994,0.112717
6436,-0.011140,0.812891,0.812891,0.007916,0.006466,0.806860,0.007994,0.112717
6437,0.005217,0.839844,0.839844,0.007654,0.026506,0.806860,0.007994,0.112717
6438,0.001771,0.803711,0.803711,0.007908,0.024171,0.806860,0.007994,0.112717
6439,0.001407,0.818359,0.818359,0.007964,0.014495,0.806860,0.007994,0.112717
6440,0.001826,0.815234,0.815234,0.007740,0.041412,0.806860,0.007994,0.112717
6441,0.010632,0.800781,0.800781,0.007990,0.075914,0.806860,0.007994,0.112717
6442,-0.003265,0.814844,0.814844,0.007833,0.036397,0.806860,0.007994,0.112717
6443,-0.000632,0.782227,0.782227,0.008033,0.016419,0.806860,0.007994,0.112717
6444,0.005127,0.843164,0.843164,0.007780,0.043958,0.806860,0.007994,0.112717
6445,0.001538,0.826172,0.826172,0.008253,0.024706,0.806860,0.007994,0.112717
6446,-0.006410,0.804883,0.804883,0.007682,0.022299,0.806860,0.007994,0.112717
6447,0.001213,0.830078,0.830078,0.008045,0.017668,0.806860,0.007994,0.112717
6448,0.003025,0.830078,0.830078,0.007982,0.026236,0.806860,0.007994,0.112717
6449,0.004009,0.816406,0.816406,0.008174,0.033431,0.806860,0.007994,0.112717
6450,-0.001180,0.805664,0.805664,0.007977,0.010576,0.806860,0.007994,0.112717
6451,-0.003923,0.751953,0.751953,0.007623,0.038248,0.806860,0.007994,0.112717
6452,0.007035,0.834961,0.834961,0.007821,0.051007,0.806860,0.007994,0.112717
6453,0.005115,0.817383,0.817383,0.007994,0.050046,0.806860,0.007994,0.112717
6454,0.001092,0.820312,0.820312,0.007671,0.034324,0.806860,0.007994,0.112717
6455,0.002685,0.796289,0.796289,0.007441,0.034833,0.806860,0.007994,0.112717
6456,0.007273,0.825195,0.825195,0.007872,0.054872,0.806860,0.007994,0.112717
6457,-0.000273,0.781250,0.781250,0.008100,0.013274,0.806860,0.007994,0.112717
6458,-0.001725,0.811523,0.811523,0.007966,0.036069,0.806860,0.007994,0.112717
6459,0.000720,0.810547,0.810547,0.007792,0.019958,0.806860,0.007994,0.112717
6460,0.012905,0.804297,0.804297,0.007989,0.028798,0.806860,0.007994,0.112717
6461,-0.004065,0.820312,0.820312,0.008282,0.017106,0.806860,0.007994,0.112717
6462,0.004900,0.774414,0.774414,0.008092,0.042320,0.806860,0.007994,0.112717
6463,0.003147,0.823242,0.823242,0.008028,0.024736,0.806860,0.007994,0.112717
6464,0.004073,0.799805,0.799805,0.007648,0.043958,0.806860,0.007994,0.112717
6465,-0.000036,0.807617,0.807617,0.008198,0.001521,0.806860,0.007994,0.112717
6466,-0.000097,0.818359,0.818359,0.007778,0.062670,0.806860,0.007994,0.112717
6467,0.003077,0.831055,0.831055,0.007851,0.029538,0.806860,0.007994,0.112717
6468,0.000988,0.797852,0.797852,0.007804,0.018940,0.806860,0.007994,0.112717
6469,0.002088,0.801758,0.801758,0.007825,0.032196,0.806860,0.007994,0.112717
6470,0.002571,0.821289,0.821289,0.008031,0.032429,0.806860,0.007994,0.112717
6471,-0.000530,0.834961,0.834961,0.007800,0.007629,0.806860,0.007994,0.112717
6472,0.002126,0.783203,0.783203,0.007951,0.010412,0.806860,0.007994,0.112717
6473,0.002244,0.804688,0.804688,0.008356,0.024776,0.806860,0.007994,0.112717
6474,0.005087,0.801758,0.801758,0.007932,0.040624,0.806860,0.007994,0.112717
6475,0.000032,0.826172,0.826172,0.007749,0.063190,0.806860,0.007994,0.112717
6476,0.005555,0.803711,0.803711,0.007923,0.049917,0.806860,0.007994,0.112717
6477,-0.007813,0.798828,0.798828,0.007813,0.032755,0.806860,0.007994,0.112717
6478,-0.000558,0.817383,0.817383,0.008000,0.016707,0.806860,0.007994,0.112717
6479,0.003198,0.771484,0.771484,0.008079,0.025621,0.806860,0.007994,0.112717
6480,0.003400,0.800781,0.800781,0.008159,0.020092,0.806860,0.007994,0.112717
6481,-0.007119,0.764648,0.764648,0.007951,0.029780,0.806860,0.007994,0.112717
6482,-0.002227,0.820312,0.820312,0.007314,0.026083,0.806860,0.007994,0.112717
6483,0.001524,0.813477,0.813477,0.008088,0.029497,0.806860,0.007994,0.112717
6484,-0.001026,0.791992,0.791992,0.008486,0.020874,0.806860,0.007994,0.112717
6485,-0.003210,0.793945,0.793945,0.008041,0.008167,0.806860,0.007994,0.112717
6486,0.004704,0.807617,0.807617,0.007894,0.033485,0.806860,0.007994,0.112717
6487,0.007056,0.795898,0.795898,0.007757,0.057959,0.806860,0.007994,0.112717
6488,0.004945,0.811523,0.811523,0.007607,0.027988,0.806860,0.007994,0.112717
6489,0.001272,0.835938,0.835938,0.007983,0.011018,0.806860,0.007994,0.112717
6490,0.004005,0.741211,0.741211,0.007738,0.024591,0.806860,0.007994,0.112717
6491,0.001270,0.816406,0.816406,0.007808,0.015852,0.806860,0.007994,0.112717
6492,0.000981,0.808594,0.808594,0.007643,0.016092,0.806860,0.007994,0.112717
6493,0.006613,0.830078,0.830078,0.007556,0.057910,0.806860,0.007994,0.112717
6494,0.010020,0.797852,0.797852,0.007904,0.064800,0.806860,0.007994,0.112717
6495,0.001817,0.813477,0.813477,0.008302,0.011355,0.806860,0.007994,0.112717
6496,-0.002089,0.804688,0.804688,0.007482,0.037821,0.806860,0.007994,0.112717
6497,-0.008484,0.803711,0.803711,0.007547,0.022802,0.806860,0.007994,0.112717
6498,-0.005076,0.808594,0.808594,0.008140,0.020068,0.806860,0.007994,0.112717
6499,0.000002,0.809961,0.809961,0.008181,0.001609,0.806860,0.007994,0.112717
6500,0.003160,0.806055,0.806055,0.007784,0.027074,0.807042,0.007993,0.115420
6501,0.009499,0.785156,0.785156,0.007646,0.038332,0.807042,0.007993,0.115420
6502,0.001809,0.790039,0.790039,0.008258,0.014193,0.807042,0.007993,0.115420
6503,-0.001221,0.831055,0.831055,0.007854,0.013755,0.807042,0.007993,0.115420
6504,0.001275,0.809961,0.809961,0.007862,0.022050,0.807042,0.007993,0.115420
6505,0.003055,0.816406,0.816406,0.007797,0.026854,0.807042,0.007993,0.115420
6506,0.000922,0.831055,0.831055,0.007796,0.022403,0.807042,0.007993,0.115420
6507,0.005036,0.803711,0.803711,0.008347,0.030024,0.807042,0.007993,0.115420
6508,0.006118,0.788281,0.788281,0.008072,0.045060,0.807042,0.007993,0.115420
6509,0.005528,0.773047,0.773047,0.008165,0.036229,0.807042,0.007993,0.115420
6510,-0.001872,0.828125,0.828125,0.007797,0.032833,0.807042,0.007993,0.115420
6511,0.005809,0.784180,0.784180,0.007459,0.029771,0.807042,0.007993,0.115420
6512,-0.009656,0.819336,0.819336,0.007969,0.040524,0.807042,0.007993,0.115420
6513,-0.019239,0.793359,0.793359,0.008322,0.008118,0.807042,0.007993,0.115420
6514,0.006208,0.796875,0.796875,0.007839,0.052551,0.807042,0.007993,0.115420
6515,0.004610,0.821289,0.821289,0.008329,0.031029,0.807042,0.007993,0.115420
6516,-0.004210,0.800781,0.800781,0.007731,0.010859,0.807042,0.007993,0.115420
6517,0.001333,0.788086,0.788086,0.007694,0.019719,0.807042,0.007993,0.115420
6518,0.002632,0.839844,0.839844,0.008445,0.019274,0.807042,0.007993,0.115420
6519,0.000709,0.798828,0.798828,0.007716,0.021385,0.807042,0.007993,0.115420
6520,-0.000302,0.828711,0.828711,0.008293,0.015562,0.807042,0.007993,0.115420
6521,-0.000140,0.791016,0.791016,0.008597,0.006699,0.807042,0.007993,0.115420
6522,0.005095,0.769727,0.769727,0.007864,0.034146,0.807042,0.007993,0.115420
6523,0.006149,0.835938,0.835938,0.007636,0.038404,0.807042,0.007993,0.115420
6524,-0.003786,0.806641,0.806641,0.008395,0.016147,0.807042,0.007993,0.115420
6525,0.003987,0.844727,0.844727,0.007480,0.033477,0.807042,0.007993,0.115420
6526,0.006384,0.808594,0.808594,0.007675,0.043710,0.807042,0.007993,0.115420
6527,0.003270,0.821289,0.821289,0.007365,0.044944,0.807042,0.007993,0.115420
6528,0.003409,0.839844,0.839844,0.008088,0.036821,0.807042,0.007993,0.115420
6529,-0.000105,0.776563,0.776563,0.008305,0.002725,0.807042,0.007993,0.115420
6530,-0.000083,0.785156,0.785156,0.007976,0.002657,0.807042,0.007993,0.115420
6531,0.000673,0.813477,0.813477,0.007945,0.028008,0.807042,0.007993,0.115420
6532,-0.002059,0.807617,0.807617,0.008401,0.015189,0.807042,0.007993,0.115420
6533,-0.001356,0.846289,0.846289,0.007934,0.040814,0.807042,0.007993,0.115420
6534,-0.003798,0.790039,0.790039,0.007653,0.059321,0.807042,0.007993,0.115420
6535,0.005684,0.848242,0.848242,0.008001,0.068857,0.807042,0.007993,0.115420
6536,0.001732,0.787500,0.787500,0.008178,0.011270,0.807042,0.007993,0.115420
6537,0.005979,0.835938,0.835938,0.007475,0.049641,0.807042,0.007993,0.115420
6538,0.001371,0.779297,0.779297,0.007572,0.024799,0.807042,0.007993,0.115420
6539,0.000953,0.842773,0.842773,0.008389,0.012156,0.807042,0.007993,0.115420
6540,0.003502,0.792969,0.792969,0.007730,0.022923,0.807042,0.007993,0.115420
6541,-0.000373,0.790039,0.790039,0.007843,0.014051,0.807042,0.007993,0.115420
6542,0.004162,0.784180,0.784180,0.007718,0.034355,0.807042,0.007993,0.115420
6543,-0.004303,0.833984,0.833984,0.007933,0.058225,0.807042,0.007993,0.115420
6544,0.001972,0.824219,0.824219,0.007668,0.023424,0.807042,0.007993,0.115420
6545,-0.000963,0.808203,0.808203,0.008074,0.021174,0.807042,0.007993,0.115420
6546,0.005566,0.762695,0.762695,0.007734,0.025426,0.807042,0.007993,0.115420
6547,0.005766,0.826172,0.826172,0.007575,0.039265,0.807042,0.007993,0.115420
6548,0.001894,0.835938,0.835938,0.008228,0.042125,0.807042,0.007993,0.115420
6549,0.004621,0.785742,0.785742,0.007886,0.040285,0.807042,0.007993,0.115420
6550,0.000832,0.795313,0.795313,0.007766,0.032098,0.807042,0.007993,0.115420
6551,-0.000816,0.810547,0.810547,0.007945,0.013368,0.807042,0.007993,0.115420
6552,-0.000084,0.846680,0.846680,0.008272,0.019439,0.807042,0.007993,0.115420
6553,0.001860,0.781641,0.781641,0.007673,0.015815,0.807042,0.007993,0.115420
6554,-0.000383,0.791602,0.791602,0.007665,0.048720,0.807042,0.007993,0.115420
6555,-0.001479,0.797852,0.797852,0.008170,0.013555,0.807042,0.007993,0.115420
6556,-0.000567,0.775391,0.775391,0.007962,0.009452,0.807042,0.007993,0.115420
6557,0.006111,0.752930,0.752930,0.008002,0.036925,0.807042,0.007993,0.115420
6558,0.003213,0.817383,0.817383,0.008099,0.047240,0.807042,0.007993,0.115420
6559,0.003859,0.782227,0.782227,0.008119,0.025060,0.807042,0.007993,0.115420
6560,0.001432,0.822266,0.822266,0.007797,0.015370,0.807042,0.007993,0.115420
6561,-0.002985,0.815430,0.815430,0.007467,0.007260,0.807042,0.007993,0.115420
6562,0.003375,0.817383,0.817383,0.007734,0.055416,0.807042,0.007993,0.115420
6563,0.003186,0.792578,0.792578,0.008442,0.021093,0.807042,0.007993,0.115420
6564,-0.013972,0.791016,0.791016,0.008263,0.004608,0.807042,0.007993,0.115420
6565,-0.007802,0.836914,0.836914,0.007754,0.055432,0.807042,0.007993,0.115420
6566,-0.007310,0.798828,0.798828,0.007433,0.027436,0.807042,0.007993,0.115420
6567,-0.000746,0.763672,0.763672,0.008009,0.029390,0.807042,0.007993,0.115420
6568,-0.000298,0.825195,0.825195,0.008175,0.008262,0.807042,0.007993,0.115420
6569,0.009140,0.793945,0.793945,0.007884,0.054567,0.807042,0.007993,0.115420
6570,0.004355,0.776367,0.776367,0.008427,0.029187,0.807042,0.007993,0.115420
6571,0.004977,0.842578,0.842578,0.007745,0.016019,0.807042,0.007993,0.115420
6572,0.003180,0.790039,0.790039,0.007866,0.036273,0.807042,0.007993,0.115420
6573,0.003754,0.787109,0.787109,0.008109,0.034211,0.807042,0.007993,0.115420
6574,0.007131,0.794922,0.794922,0.008200,0.038044,0.807042,0.007993,0.115420
6575,0.003908,0.817383,0.817383,0.008058,0.029449,0.807042,0.007993,0.115420
6576,0.005165,0.821289,0.821289,0.008072,0.051847,0.807042,0.007993,0.115420
6577,0.005262,0.833984,0.833984,0.008017,0.036142,0.807042,0.007993,0.115420
6578,-0.000489,0.820898,0.820898,0.008069,0.007884,0.807042,0.007993,0.115420
6579,-0.014796,0.810156,0.810156,0.008310,0.015652,0.807042,0.007993,0.115420
6580,0.003334,0.811523,0.811523,0.007444,0.026232,0.807042,0.007993,0.115420
6581,-0.000286,0.814844,0.814844,0.007914,0.007333,0.807042,0.007993,0.115420
6582,0.000973,0.818359,0.818359,0.008040,0.024568,0.807042,0.007993,0.115420
6583,0.002682,0.817383,0.817383,0.008263,0.019557,0.807042,0.007993,0.115420
6584,0.005285,0.765625,0.765625,0.007760,0.029423,0.807042,0.007993,0.115420
6585,-0.000496,0.791992,0.791992,0.007501,0.018423,0.807042,0.007993,0.115420
6586,0.003693,0.825195,0.825195,0.008072,0.039669,0.807042,0.007993,0.115420
6587,-0.000182,0.810547,0.810547,0.007809,0.004895,0.807042,0.007993,0.115420
6588,0.001342,0.797852,0.797852,0.008204,0.017063,0.807042,0.007993,0.115420
6589,-0.018187,0.801758,0.801758,0.007743,0.016683,0.807042,0.007993,0.115420
6590,0.004102,0.819336,0.819336,0.008049,0.018860,0.807042,0.007993,0.115420
6591,0.004697,0.804688,0.804688,0.008359,0.027925,0.807042,0.007993,0.115420
6592,0.000751,0.790039,0.790039,0.008570,0.019020,0.807042,0.007993,0.115420
6593,0.005051,0.789648,0.789648,0.007746,0.038639,0.807042,0.007993,0.115420
6594,0.001740,0.797656,0.797656,0.007916,0.038462,0.807042,0.007993,0.115420
6595,0.002630,0.825195,0.825195,0.007820,0.033431,0.807042,0.007993,0.115420
6596,0.004672,0.817383,0.817383,0.007631,0.033185,0.807042,0.007993,0.115420
6597,0.001891,0.801758,0.801758,0.007668,0.011194,0.807042,0.007993,0.115420
6598,-0.000141,0.807617,0.807617,0.008241,0.004612,0.807042,0.007993,0.115420
6599,0.001109,0.849609,0.849609,0.007785,0.016275,0.807042,0.007993,0.115420
6600,0.003084,0.775391,0.775391,0.007898,0.037393,0.807042,0.007993,0.115420
6601,0.000501,0.790820,0.790820,0.008153,0.038222,0.807042,0.007993,0.115420
6602,0.007274,0.791016,0.791016,0.008062,0.041854,0.807042,0.007993,0.115420
6603,-0.011514,0.816797,0.816797,0.008031,0.024660,0.807042,0.007993,0.115420
6604,0.008131,0.791992,0.791992,0.008017,0.047476,0.807042,0.007993,0.115420
6605,-0.005778,0.795898,0.795898,0.007952,0.047423,0.807042,0.007993,0.115420
6606,0.002267,0.825195,0.825195,0.008018,0.022980,0.807042,0.007993,0.115420
6607,0.003710,0.824805,0.824805,0.007950,0.032998,0.807042,0.007993,0.115420
6608,-0.031413,0.806641,0.806641,0.007433,0.051083,0.807042,0.007993,0.115420
6609,0.000932,0.785156,0.785156,0.008297,0.011507,0.807042,0.007993,0.115420
6610,0.003530,0.819336,0.819336,0.007527,0.019649,0.807042,0.007993,0.115420
6611,0.002866,0.778320,0.778320,0.007766,0.025239,0.807042,0.007993,0.115420
6612,0.002631,0.821289,0.821289,0.007843,0.056102,0.807042,0.007993,0.115420
6613,0.004765,0.791992,0.791992,0.008052,0.048470,0.807042,0.007993,0.115420
6614,0.002640,0.827148,0.827148,0.008083,0.024147,0.807042,0.007993,0.115420
6615,0.004366,0.817383,0.817383,0.007986,0.038733,0.807042,0.007993,0.115420
6616,-0.007190,0.814453,0.814453,0.008178,0.027802,0.807042,0.007993,0.115420
6617,0.003760,0.825195,0.825195,0.007952,0.030385,0.807042,0.007993,0.115420
6618,0.001433,0.791992,0.791992,0.007895,0.027353,0.807042,0.007993,0.115420
6619,0.004454,0.804688,0.804688,0.007803,0.040427,0.807042,0.007993,0.115420
6620,-0.001594,0.804688,0.804688,0.008319,0.020618,0.807042,0.007993,0.115420
6621,0.003111,0.816406,0.816406,0.008278,0.022683,0.807042,0.007993,0.115420
6622,0.005261,0.813477,0.813477,0.007696,0.032566,0.807042,0.007993,0.115420
6623,0.002843,0.861328,0.861328,0.008009,0.032434,0.807042,0.007993,0.115420
6624,0.002107,0.819336,0.819336,0.008183,0.019737,0.807042,0.007993,0.115420
6625,-0.000181,0.795898,0.795898,0.007558,0.010461,0.807042,0.007993,0.115420
6626,0.002678,0.838867,0.838867,0.007758,0.028448,0.807042,0.007993,0.115420
6627,-0.001380,0.824609,0.824609,0.007653,0.005063,0.807042,0.007993,0.115420
6628,0.004259,0.826172,0.826172,0.007959,0.027520,0.807042,0.007993,0.115420
6629,0.001013,0.799805,0.799805,0.007938,0.015083,0.807042,0.007993,0.115420
6630,0.002835,0.782227,0.782227,0.007816,0.023775,0.807042,0.007993,0.115420
6631,0.006622,0.816406,0.816406,0.007535,0.038460,0.807042,0.007993,0.115420
6632,0.001703,0.859375,0.859375,0.008025,0.036470,0.807042,0.007993,0.115420
6633,-0.002635,0.795898,0.795898,0.007747,0.017177,0.807042,0.007993,0.115420
6634,0.001261,0.814453,0.814453,0.007709,0.030173,0.807042,0.007993,0.115420
6635,0.004795,0.801758,0.801758,0.007773,0.070869,0.807042,0.007993,0.115420
6636,-0.004970,0.776563,0.776563,0.007972,0.021251,0.807042,0.007993,0.115420
6637,-0.005568,0.793945,0.793945,0.007833,0.037037,0.807042,0.007993,0.115420
6638,0.005453,0.811523,0.811523,0.007682,0.033227,0.807042,0.007993,0.115420
6639,-0.001264,0.818359,0.818359,0.007982,0.044005,0.807042,0.007993,0.115420
6640,0.006621,0.813477,0.813477,0.007343,0.042056,0.807042,0.007993,0.115420
6641,-0.000321,0.807813,0.807813,0.008030,0.015513,0.807042,0.007993,0.115420
6642,-0.000819,0.816406,0.816406,0.008066,0.035293,0.807042,0.007993,0.115420
6643,-0.000357,0.808594,0.808594,0.007959,0.018075,0.807042,0.007993,0.115420
6644,0.006069,0.823242,0.823242,0.008140,0.059036,0.807042,0.007993,0.115420
6645,0.001059,0.857422,0.857422,0.007899,0.016149,0.807042,0.007993,0.115420
6646,0.007158,0.794922,0.794922,0.007872,0.038919,0.807042,0.007993,0.115420
6647,-0.009138,0.769531,0.769531,0.008481,0.023958,0.807042,0.007993,0.115420
6648,0.001506,0.822266,0.822266,0.007698,0.011646,0.807042,0.007993,0.115420
6649,0.005110,0.824219,0.824219,0.007877,0.032781,0.807042,0.007993,0.115420
6650,0.005554,0.814453,0.814453,0.007917,0.061648,0.807042,0.007993,0.115420
6651,-0.000551,0.816016,0.816016,0.007832,0.020911,0.807042,0.007993,0.115420
6652,0.003193,0.800781,0.800781,0.008000,0.024418,0.807042,0.007993,0.115420
6653,0.002066,0.766602,0.766602,0.007770,0.017316,0.807042,0.007993,0.115420
6654,0.007712,0.782227,0.782227,0.007851,0.044889,0.807042,0.007993,0.115420
6655,-0.006698,0.830078,0.830078,0.007989,0.030208,0.807042,0.007993,0.115420
6656,0.008720,0.806250,0.806250,0.008160,0.056792,0.807042,0.007993,0.115420
6657,0.005304,0.826172,0.826172,0.007779,0.022490,0.807042,0.007993,0.115420
6658,-0.000946,0.800781,0.800781,0.008287,0.006461,0.807042,0.007993,0.115420
6659,-0.014935,0.796875,0.796875,0.007872,0.039035,0.807042,0.007993,0.115420
6660,0.009392,0.791992,0.791992,0.007516,0.029972,0.807042,0.007993,0.115420
6661,0.002995,0.825195,0.825195,0.008212,0.032267,0.807042,0.007993,0.115420
6662,0.006462,0.815430,0.815430,0.007859,0.030648,0.807042,0.007993,0.115420
6663,0.009067,0.790039,0.790039,0.007608,0.048100,0.807042,0.007993,0.115420
6664,0.004867,0.838867,0.838867,0.007673,0.049405,0.807042,0.007993,0.115420
6665,0.005132,0.782227,0.782227,0.008417,0.015180,0.807042,0.007993,0.115420
6666,-0.001520,0.823242,0.823242,0.008152,0.036667,0.807042,0.007993,0.115420
6667,0.009273,0.827148,0.827148,0.007692,0.053842,0.807042,0.007993,0.115420
6668,0.006558,0.829687,0.829687,0.007837,0.029916,0.807042,0.007993,0.115420
6669,-0.002449,0.815430,0.815430,0.007281,0.031140,0.807042,0.007993,0.115420
6670,0.003733,0.821289,0.821289,0.007485,0.031806,0.807042,0.007993,0.115420
6671,0.004994,0.790625,0.790625,0.008066,0.034889,0.807042,0.007993,0.115420
6672,0.003839,0.809570,0.809570,0.007811,0.030801,0.807042,0.007993,0.115420
6673,0.004458,0.812500,0.812500,0.007769,0.060794,0.807042,0.007993,0.115420
6674,0.000277,0.810547,0.810547,0.007556,0.028425,0.807042,0.007993,0.115420
6675,0.004155,0.791016,0.791016,0.007921,0.037862,0.807042,0.007993,0.115420
6676,0.005899,0.799805,0.799805,0.007964,0.047120,0.807042,0.007993,0.115420
6677,0.003164,0.830078,0.830078,0.008085,0.042748,0.807042,0.007993,0.115420
6678,-0.000008,0.796875,0.796875,0.007910,0.002348,0.807042,0.007993,0.115420
6679,0.008595,0.795898,0.795898,0.007753,0.047403,0.807042,0.007993,0.115420
6680,0.001003,0.805078,0.805078,0.008096,0.022185,0.807042,0.007993,0.115420
6681,0.000764,0.803125,0.803125,0.008308,0.019979,0.807042,0.007993,0.115420
6682,0.003785,0.824219,0.824219,0.007846,0.035316,0.807042,0.007993,0.115420
6683,-0.001082,0.816406,0.816406,0.007770,0.033573,0.807042,0.007993,0.115420
6684,0.003484,0.764648,0.764648,0.007764,0.029532,0.807042,0.007993,0.115420
6685,0.001557,0.807422,0.807422,0.008583,0.027330,0.807042,0.007993,0.115420
6686,0.006065,0.844727,0.844727,0.007886,0.057026,0.807042,0.007993,0.115420
6687,-0.016460,0.826563,0.826563,0.008258,0.029952,0.807042,0.007993,0.115420
6688,-0.000669,0.801758,0.801758,0.007886,0.010838,0.807042,0.007993,0.115420
6689,0.005220,0.816406,0.816406,0.007626,0.045777,0.807042,0.007993,0.115420
6690,0.005324,0.762695,0.762695,0.007887,0.041145,0.807042,0.007993,0.115420
6691,0.002087,0.812695,0.812695,0.007687,0.039095,0.807042,0.007993,0.115420
6692,-0.009855,0.825977,0.825977,0.007694,0.004850,0.807042,0.007993,0.115420
6693,0.006778,0.833984,0.833984,0.007606,0.050213,0.807042,0.007993,0.115420
6694,-0.020524,0.793945,0.793945,0.007807,0.023317,0.807042,0.007993,0.115420
6695,0.004723,0.823242,0.823242,0.008315,0.030986,0.807042,0.007993,0.115420
6696,0.007547,0.807617,0.807617,0.008131,0.026078,0.807042,0.007993,0.115420
6697,-0.000127,0.761719,0.761719,0.008126,0.014479,0.807042,0.007993,0.115420
6698,0.004904,0.832031,0.832031,0.008149,0.059860,0.807042,0.007993,0.115420
6699,0.002210,0.819336,0.819336,0.008500,0.022142,0.807042,0.007993,0.115420
6700,0.004055,0.810938,0.810938,0.007868,0.039778,0.807042,0.007993,0.115420
6701,-0.000492,0.827148,0.827148,0.007528,0.067600,0.807042,0.007993,0.115420
6702,-0.007010,0.807227,0.807227,0.007656,0.021428,0.807042,0.007993,0.115420
6703,0.003902,0.790039,0.790039,0.007170,0.032678,0.807042,0.007993,0.115420
6704,-0.001926,0.785937,0.785937,0.008202,0.037943,0.807042,0.007993,0.115420
6705,0.000301,0.811523,0.811523,0.007994,0.054044,0.807042,0.007993,0.115420
6706,0.008570,0.788086,0.788086,0.008129,0.054659,0.807042,0.007993,0.115420
6707,0.005748,0.828125,0.828125,0.008192,0.045161,0.807042,0.007993,0.115420
6708,0.006451,0.803711,0.803711,0.007506,0.040064,0.807042,0.007993,0.115420
6709,0.001953,0.833984,0.833984,0.008293,0.036081,0.807042,0.007993,0.115420
6710,-0.008915,0.814453,0.814453,0.007976,0.048725,0.807042,0.007993,0.115420
6711,0.005362,0.811523,0.811523,0.007571,0.029166,0.807042,0.007993,0.115420
6712,0.000882,0.812305,0.812305,0.008035,0.014881,0.807042,0.007993,0.115420
6713,0.001457,0.821289,0.821289,0.007950,0.030040,0.807042,0.007993,0.115420
6714,0.003720,0.797656,0.797656,0.008114,0.030731,0.807042,0.007993,0.115420
6715,0.003340,0.782227,0.782227,0.007700,0.034459,0.807042,0.007993,0.115420
6716,0.004829,0.791602,0.791602,0.008139,0.041764,0.807042,0.007993,0.115420
6717,-0.005703,0.814453,0.814453,0.007824,0.042071,0.807042,0.007993,0.115420
6718,0.005798,0.846680,0.846680,0.008200,0.038778,0.807042,0.007993,0.115420
6719,0.008994,0.807617,0.807617,0.007648,0.058128,0.807042,0.007993,0.115420
6720,0.001791,0.796875,0.796875,0.008067,0.027996,0.807042,0.007993,0.115420
6721,0.001377,0.791016,0.791016,0.007805,0.021556,0.807042,0.007993,0.115420
6722,0.003880,0.783203,0.783203,0.007377,0.040059,0.807042,0.007993,0.115420
6723,0.003023,0.804688,0.804688,0.008210,0.024031,0.807042,0.007993,0.115420
6724,0.003102,0.812500,0.812500,0.007716,0.020684,0.807042,0.007993,0.115420
6725,0.000152,0.829102,0.829102,0.007525,0.032788,0.807042,0.007993,0.115420
6726,0.001656,0.806641,0.806641,0.007795,0.016131,0.807042,0.007993,0.115420
6727,-0.004990,0.825195,0.825195,0.007640,0.036819,0.807042,0.007993,0.115420
6728,-0.000723,0.795898,0.795898,0.007606,0.031230,0.807042,0.007993,0.115420
6729,0.001551,0.810547,0.810547,0.007764,0.025653,0.807042,0.007993,0.115420
6730,0.006432,0.807617,0.807617,0.008209,0.037203,0.807042,0.007993,0.115420
6731,0.005575,0.814648,0.814648,0.007613,0.045798,0.807042,0.007993,0.115420
6732,0.004837,0.825195,0.825195,0.008350,0.057545,0.807042,0.007993,0.115420
6733,0.001106,0.828125,0.828125,0.008007,0.031988,0.807042,0.007993,0.115420
6734,0.001314,0.810547,0.810547,0.007964,0.013455,0.807042,0.007993,0.115420
6735,0.004790,0.818359,0.818359,0.007460,0.040165,0.807042,0.007993,0.115420
6736,0.001205,0.789062,0.789062,0.007745,0.031557,0.807042,0.007993,0.115420
6737,0.003724,0.797266,0.797266,0.008326,0.025267,0.807042,0.007993,0.115420
6738,0.002931,0.791016,0.791016,0.007912,0.050238,0.807042,0.007993,0.115420
6739,0.005022,0.831055,0.831055,0.008064,0.035122,0.807042,0.007993,0.115420
6740,0.006293,0.788086,0.788086,0.007556,0.033887,0.807042,0.007993,0.115420
6741,-0.001067,0.791016,0.791016,0.008100,0.013507,0.807042,0.007993,0.115420
6742,-0.009572,0.816406,0.816406,0.007722,0.064651,0.807042,0.007993,0.115420
6743,-0.000314,0.799805,0.799805,0.007363,0.019358,0.807042,0.007993,0.115420
6744,0.002582,0.853516,0.853516,0.007571,0.038490,0.807042,0.007993,0.115420
6745,0.005821,0.807617,0.807617,0.007656,0.045744,0.807042,0.007993,0.115420
6746,0.004423,0.805859,0.805859,0.008056,0.036778,0.807042,0.007993,0.115420
6747,0.001392,0.820312,0.820312,0.007801,0.012020,0.807042,0.007993,0.115420
6748,0.008400,0.803711,0.803711,0.007701,0.047337,0.807042,0.007993,0.115420
6749,0.003424,0.817383,0.817383,0.007988,0.045416,0.807042,0.007993,0.115420
6750,0.007958,0.826758,0.826758,0.008256,0.041140,0.807042,0.007993,0.115420
6751,0.000499,0.805664,0.805664,0.007760,0.033102,0.807042,0.007993,0.115420
6752,-0.000451,0.808594,0.808594,0.007764,0.011413,0.807042,0.007993,0.115420
6753,0.003538,0.810547,0.810547,0.007741,0.022468,0.807042,0.007993,0.115420
6754,0.004498,0.833008,0.833008,0.007987,0.030810,0.807042,0.007993,0.115420
6755,-0.000402,0.792969,0.792969,0.007850,0.009779,0.807042,0.007993,0.115420
6756,0.001579,0.783203,0.783203,0.007841,0.017013,0.807042,0.007993,0.115420
6757,0.002449,0.789062,0.789062,0.007936,0.029185,0.807042,0.007993,0.115420
6758,0.003514,0.776367,0.776367,0.008169,0.026711,0.807042,0.007993,0.115420
6759,0.007459,0.805664,0.805664,0.008203,0.049607,0.807042,0.007993,0.115420
6760,0.000497,0.833984,0.833984,0.007957,0.031595,0.807042,0.007993,0.115420
6761,0.004827,0.843750,0.843750,0.007681,0.045502,0.807042,0.007993,0.115420
6762,0.003904,0.781250,0.781250,0.007865,0.029446,0.807042,0.007993,0.115420
6763,0.000901,0.796875,0.796875,0.007860,0.054660,0.807042,0.007993,0.115420
6764,0.004654,0.832031,0.832031,0.008140,0.039414,0.807042,0.007993,0.115420
6765,-0.000618,0.810547,0.810547,0.008307,0.012165,0.807042,0.007993,0.115420
6766,0.003812,0.810547,0.810547,0.007897,0.030967,0.807042,0.007993,0.115420
6767,0.007105,0.799805,0.799805,0.007980,0.023103,0.807042,0.007993,0.115420
6768,0.005247,0.821289,0.821289,0.008139,0.055895,0.807042,0.007993,0.115420
6769,0.006782,0.794922,0.794922,0.008102,0.046539,0.807042,0.007993,0.115420
6770,0.004919,0.787109,0.787109,0.007756,0.035494,0.807042,0.007993,0.115420
6771,0.003631,0.790039,0.790039,0.007905,0.045326,0.807042,0.007993,0.115420
6772,-0.001363,0.803711,0.803711,0.007993,0.031246,0.807042,0.007993,0.115420
6773,0.009829,0.773438,0.773438,0.007683,0.027158,0.807042,0.007993,0.115420
6774,0.002072,0.780273,0.780273,0.008254,0.016549,0.807042,0.007993,0.115420
6775,0.010555,0.806641,0.806641,0.007560,0.070293,0.807042,0.007993,0.115420
6776,0.011454,0.810547,0.810547,0.007600,0.042878,0.807042,0.007993,0.115420
6777,0.001136,0.840820,0.840820,0.008294,0.022499,0.807042,0.007993,0.115420
6778,0.001217,0.838867,0.838867,0.008210,0.054196,0.807042,0.007993,0.115420
6779,0.002842,0.791016,0.791016,0.008007,0.008095,0.807042,0.007993,0.115420
6780,0.009261,0.773438,0.773438,0.007899,0.055619,0.807042,0.007993,0.115420
6781,0.006960,0.800781,0.800781,0.008038,0.024588,0.807042,0.007993,0.115420
6782,0.001959,0.769531,0.769531,0.007629,0.024173,0.807042,0.007993,0.115420
6783,0.005783,0.789453,0.789453,0.007704,0.042348,0.807042,0.007993,0.115420
6784,0.001582,0.768555,0.768555,0.007753,0.041219,0.807042,0.007993,0.115420
6785,0.001971,0.792969,0.792969,0.008031,0.035777,0.807042,0.007993,0.115420
6786,0.001666,0.754883,0.754883,0.007713,0.019545,0.807042,0.007993,0.115420
6787,0.005791,0.802734,0.802734,0.007940,0.036770,0.807042,0.007993,0.115420
6788,0.003552,0.859375,0.859375,0.007964,0.037761,0.807042,0.007993,0.115420
6789,0.000088,0.817383,0.817383,0.007910,0.015243,0.807042,0.007993,0.115420
6790,0.003731,0.799023,0.799023,0.008180,0.016654,0.807042,0.007993,0.115420
6791,-0.021383,0.826172,0.826172,0.007839,0.036699,0.807042,0.007993,0.115420
6792,0.003792,0.784180,0.784180,0.007815,0.030521,0.807042,0.007993,0.115420
6793,0.002146,0.737305,0.737305,0.007680,0.025800,0.807042,0.007993,0.115420
6794,-0.009622,0.859375,0.859375,0.007740,0.032914,0.807042,0.007993,0.115420
6795,0.002955,0.851562,0.851562,0.007658,0.025532,0.807042,0.007993,0.115420
6796,0.005324,0.817383,0.817383,0.007957,0.035065,0.807042,0.007993,0.115420
6797,0.001250,0.804688,0.804688,0.007921,0.023001,0.807042,0.007993,0.115420
6798,-0.001976,0.815430,0.815430,0.008208,0.044837,0.807042,0.007993,0.115420
6799,0.006262,0.835938,0.835938,0.007673,0.046172,0.807042,0.007993,0.115420
6800,0.006691,0.808594,0.808594,0.007529,0.061663,0.807042,0.007993,0.115420
6801,-0.000934,0.785156,0.785156,0.007559,0.012335,0.807042,0.007993,0.115420
6802,0.002711,0.791016,0.791016,0.008026,0.044252,0.807042,0.007993,0.115420
6803,0.002539,0.807617,0.807617,0.007628,0.035135,0.807042,0.007993,0.115420
6804,0.006288,0.750977,0.750977,0.007954,0.036486,0.807042,0.007993,0.115420
6805,0.007422,0.778320,0.778320,0.008029,0.044476,0.807042,0.007993,0.115420
6806,0.001532,0.831055,0.831055,0.007871,0.049300,0.807042,0.007993,0.115420
6807,0.008813,0.810547,0.810547,0.007995,0.049640,0.807042,0.007993,0.115420
6808,-0.000050,0.764648,0.764648,0.008392,0.006121,0.807042,0.007993,0.115420
6809,-0.005766,0.791016,0.791016,0.007804,0.031999,0.807042,0.007993,0.115420
6810,0.003982,0.805664,0.805664,0.007835,0.027851,0.807042,0.007993,0.115420
6811,-0.000607,0.836914,0.836914,0.007650,0.029918,0.807042,0.007993,0.115420
6812,0.003863,0.780273,0.780273,0.007945,0.030736,0.807042,0.007993,0.115420
6813,0.004015,0.818359,0.818359,0.007494,0.040714,0.807042,0.007993,0.115420
6814,0.004701,0.808594,0.808594,0.007779,0.009844,0.807042,0.007993,0.115420
6815,-0.000198,0.848633,0.848633,0.007610,0.038469,0.807042,0.007993,0.115420
6816,0.006560,0.792969,0.792969,0.007472,0.071229,0.807042,0.007993,0.115420
6817,-0.011911,0.769531,0.769531,0.008042,0.045768,0.807042,0.007993,0.115420
6818,-0.004373,0.803711,0.803711,0.008063,0.010024,0.807042,0.007993,0.115420
6819,-0.002814,0.816406,0.816406,0.007684,0.057806,0.807042,0.007993,0.115420
6820,-0.002936,0.821289,0.821289,0.007826,0.043394,0.807042,0.007993,0.115420
6821,0.001193,0.812500,0.812500,0.008067,0.025148,0.807042,0.007993,0.115420
6822,0.003049,0.815430,0.815430,0.007533,0.085352,0.807042,0.007993,0.115420
6823,0.000789,0.846680,0.846680,0.007925,0.016774,0.807042,0.007993,0.115420
6824,0.002683,0.770508,0.770508,0.008004,0.029591,0.807042,0.007993,0.115420
6825,-0.012705,0.794922,0.794922,0.007706,0.051690,0.807042,0.007993,0.115420
6826,-0.014845,0.804688,0.804688,0.008281,0.055205,0.807042,0.007993,0.115420
6827,0.002828,0.783203,0.783203,0.008032,0.039251,0.807042,0.007993,0.115420
6828,0.001217,0.795898,0.795898,0.008413,0.016651,0.807042,0.007993,0.115420
6829,0.001497,0.773438,0.773438,0.007213,0.019647,0.807042,0.007993,0.115420
6830,0.004079,0.791016,0.791016,0.007984,0.058914,0.807042,0.007993,0.115420
6831,-0.000028,0.839844,0.839844,0.007747,0.028115,0.807042,0.007993,0.115420
6832,-0.000881,0.833984,0.833984,0.008203,0.016842,0.807042,0.007993,0.115420
6833,-0.003193,0.808594,0.808594,0.007648,0.030036,0.807042,0.007993,0.115420
6834,0.000929,0.818359,0.818359,0.007832,0.036516,0.807042,0.007993,0.115420
6835,-0.025936,0.787109,0.787109,0.007662,0.070293,0.807042,0.007993,0.115420
6836,-0.000099,0.789062,0.789062,0.007645,0.004663,0.807042,0.007993,0.115420
6837,-0.000560,0.840820,0.840820,0.008024,0.021084,0.807042,0.007993,0.115420
6838,-0.006622,0.830273,0.830273,0.008041,0.035614,0.807042,0.007993,0.115420
6839,0.001745,0.798828,0.798828,0.007725,0.015051,0.807042,0.007993,0.115420
6840,-0.000415,0.815820,0.815820,0.008167,0.045696,0.807042,0.007993,0.115420
6841,0.002397,0.811523,0.811523,0.007772,0.033163,0.807042,0.007993,0.115420
6842,-0.001224,0.794336,0.794336,0.007671,0.049317,0.807042,0.007993,0.115420
6843,0.001789,0.816406,0.816406,0.007826,0.043589,0.807042,0.007993,0.115420
6844,-0.008134,0.815430,0.815430,0.007733,0.044086,0.807042,0.007993,0.115420
6845,-0.006617,0.765625,0.765625,0.008116,0.016178,0.807042,0.007993,0.115420
6846,-0.000764,0.810547,0.810547,0.007725,0.069424,0.807042,0.007993,0.115420
6847,0.003653,0.780273,0.780273,0.007925,0.025717,0.807042,0.007993,0.115420
6848,0.001288,0.783203,0.783203,0.007681,0.022817,0.807042,0.007993,0.115420
6849,0.003256,0.801758,0.801758,0.007667,0.041935,0.807042,0.007993,0.115420
6850,0.002335,0.804688,0.804688,0.007579,0.023045,0.807042,0.007993,0.115420
6851,0.002968,0.818359,0.818359,0.007920,0.018675,0.807042,0.007993,0.115420
6852,0.005583,0.808594,0.808594,0.007517,0.063345,0.807042,0.007993,0.115420
6853,0.002024,0.811523,0.811523,0.007939,0.011730,0.807042,0.007993,0.115420
6854,-0.000310,0.786133,0.786133,0.007603,0.017849,0.807042,0.007993,0.115420
6855,0.001460,0.798047,0.798047,0.007881,0.052931,0.807042,0.007993,0.115420
6856,0.005728,0.831445,0.831445,0.007557,0.058946,0.807042,0.007993,0.115420
6857,-0.031748,0.812500,0.812500,0.007514,0.048277,0.807042,0.007993,0.115420
6858,0.001256,0.775977,0.775977,0.008521,0.018698,0.807042,0.007993,0.115420
6859,0.003540,0.843750,0.843750,0.007739,0.032430,0.807042,0.007993,0.115420
6860,-0.003712,0.753320,0.753320,0.007934,0.037695,0.807042,0.007993,0.115420
6861,0.002469,0.806641,0.806641,0.007865,0.025091,0.807042,0.007993,0.115420
6862,0.001378,0.826172,0.826172,0.007664,0.017674,0.807042,0.007993,0.115420
6863,0.002947,0.832031,0.832031,0.007468,0.048549,0.807042,0.007993,0.115420
6864,0.004952,0.827148,0.827148,0.007708,0.065490,0.807042,0.007993,0.115420
6865,-0.001894,0.797852,0.797852,0.007913,0.041358,0.807042,0.007993,0.115420
6866,-0.000162,0.791016,0.791016,0.008122,0.034355,0.807042,0.007993,0.115420
6867,-0.000739,0.830078,0.830078,0.007702,0.019679,0.807042,0.007993,0.115420
6868,0.006238,0.809570,0.809570,0.008153,0.037632,0.807042,0.007993,0.115420
6869,0.001030,0.835938,0.835938,0.007889,0.013965,0.807042,0.007993,0.115420
6870,-0.000105,0.789062,0.789062,0.008352,0.003310,0.807042,0.007993,0.115420
6871,-0.000638,0.798828,0.798828,0.007749,0.022553,0.807042,0.007993,0.115420
6872,0.000371,0.849609,0.849609,0.007956,0.030552,0.807042,0.007993,0.115420
6873,0.003786,0.827148,0.827148,0.008010,0.047468,0.807042,0.007993,0.115420
6874,0.002124,0.767969,0.767969,0.008117,0.016163,0.807042,0.007993,0.115420
6875,0.004632,0.837891,0.837891,0.007640,0.042567,0.807042,0.007993,0.115420
6876,0.003154,0.777344,0.777344,0.007614,0.032907,0.807042,0.007993,0.115420
6877,0.006461,0.813477,0.813477,0.008151,0.046945,0.807042,0.007993,0.115420
6878,-0.000313,0.815430,0.815430,0.007974,0.010797,0.807042,0.007993,0.115420
6879,-0.011861,0.785156,0.785156,0.007925,0.020224,0.807042,0.007993,0.115420
6880,-0.000439,0.855469,0.855469,0.007647,0.020750,0.807042,0.007993,0.115420
6881,-0.000239,0.783203,0.783203,0.007575,0.007108,0.807042,0.007993,0.115420
6882,0.000010,0.752930,0.752930,0.007943,0.017258,0.807042,0.007993,0.115420
6883,-0.002599,0.827148,0.827148,0.008009,0.034089,0.807042,0.007993,0.115420
6884,0.001543,0.831055,0.831055,0.008295,0.010888,0.807042,0.007993,0.115420
6885,-0.002575,0.850586,0.850586,0.007863,0.037861,0.807042,0.007993,0.115420
6886,0.005573,0.786133,0.786133,0.007228,0.050302,0.807042,0.007993,0.115420
6887,0.001942,0.830078,0.830078,0.007424,0.025113,0.807042,0.007993,0.115420
6888,0.004519,0.788086,0.788086,0.007913,0.040850,0.807042,0.007993,0.115420
6889,0.003391,0.793945,0.793945,0.007403,0.030027,0.807042,0.007993,0.115420
6890,0.004548,0.825195,0.825195,0.007908,0.027712,0.807042,0.007993,0.115420
6891,0.000450,0.839844,0.839844,0.007692,0.044803,0.807042,0.007993,0.115420
6892,0.006629,0.823242,0.823242,0.007764,0.037649,0.807042,0.007993,0.115420
6893,0.002828,0.820312,0.820312,0.007760,0.033781,0.807042,0.007993,0.115420
6894,0.000361,0.808594,0.808594,0.008231,0.022846,0.807042,0.007993,0.115420
6895,0.003278,0.862305,0.862305,0.007867,0.028370,0.807042,0.007993,0.115420
6896,-0.009167,0.822266,0.822266,0.008035,0.053008,0.807042,0.007993,0.115420
6897,0.001834,0.779297,0.779297,0.007980,0.011608,0.807042,0.007993,0.115420
6898,0.004324,0.783203,0.783203,0.007758,0.031726,0.807042,0.007993,0.115420
6899,-0.007982,0.813477,0.813477,0.007938,0.012026,0.807042,0.007993,0.115420
6900,0.004670,0.798828,0.798828,0.007890,0.037360,0.807042,0.007993,0.115420
6901,0.002836,0.829102,0.829102,0.007969,0.026360,0.807042,0.007993,0.115420
6902,0.001017,0.815430,0.815430,0.008265,0.010584,0.807042,0.007993,0.115420
6903,0.004055,0.817383,0.817383,0.007944,0.041593,0.807042,0.007993,0.115420
6904,-0.000003,0.843750,0.843750,0.008324,0.001117,0.807042,0.007993,0.115420
6905,0.007159,0.785156,0.785156,0.007987,0.048398,0.807042,0.007993,0.115420
6906,0.007392,0.826172,0.826172,0.007779,0.040855,0.807042,0.007993,0.115420
6907,0.002127,0.801758,0.801758,0.008161,0.019731,0.807042,0.007993,0.115420
6908,0.002657,0.808594,0.808594,0.007821,0.033267,0.807042,0.007993,0.115420
6909,0.001564,0.821289,0.821289,0.008001,0.010567,0.807042,0.007993,0.115420
6910,0.002150,0.815430,0.815430,0.007735,0.019749,0.807042,0.007993,0.115420
6911,0.001265,0.823438,0.823438,0.007744,0.017836,0.807042,0.007993,0.115420
6912,-0.001129,0.832031,0.832031,0.007643,0.011142,0.807042,0.007993,0.115420
6913,-0.003536,0.808594,0.808594,0.007955,0.046290,0.807042,0.007993,0.115420
6914,0.003359,0.789648,0.789648,0.007875,0.039819,0.807042,0.007993,0.115420
6915,0.001572,0.816406,0.816406,0.007298,0.036562,0.807042,0.007993,0.115420
6916,0.004361,0.820312,0.820312,0.008048,0.044595,0.807042,0.007993,0.115420
6917,-0.000259,0.858398,0.858398,0.007684,0.040166,0.807042,0.007993,0.115420
6918,-0.000004,0.807617,0.807617,0.007828,0.010178,0.807042,0.007993,0.115420
6919,0.002090,0.837891,0.837891,0.007891,0.074207,0.807042,0.007993,0.115420
6920,-0.002537,0.819336,0.819336,0.007502,0.035802,0.807042,0.007993,0.115420
6921,0.001214,0.783203,0.783203,0.008175,0.010490,0.807042,0.007993,0.115420
6922,0.000750,0.823242,0.823242,0.007846,0.024379,0.807042,0.007993,0.115420
6923,-0.011828,0.821289,0.821289,0.007497,0.040539,0.807042,0.007993,0.115420
6924,0.001946,0.833008,0.833008,0.007853,0.029224,0.807042,0.007993,0.115420
6925,0.003313,0.828125,0.828125,0.007798,0.031196,0.807042,0.007993,0.115420
6926,0.001177,0.783789,0.783789,0.008253,0.014940,0.807042,0.007993,0.115420
6927,-0.008329,0.813477,0.813477,0.008012,0.021298,0.807042,0.007993,0.115420
6928,-0.000831,0.824609,0.824609,0.007978,0.014878,0.807042,0.007993,0.115420
6929,0.000583,0.808594,0.808594,0.008348,0.030602,0.807042,0.007993,0.115420
6930,0.003439,0.801758,0.801758,0.007585,0.031107,0.807042,0.007993,0.115420
6931,0.001264,0.799805,0.799805,0.007937,0.015836,0.807042,0.007993,0.115420
6932,0.005320,0.771484,0.771484,0.007599,0.033369,0.807042,0.007993,0.115420
6933,0.002473,0.793945,0.793945,0.008258,0.033332,0.807042,0.007993,0.115420
6934,-0.001038,0.802148,0.802148,0.008008,0.014754,0.807042,0.007993,0.115420
6935,0.000979,0.788086,0.788086,0.007835,0.027991,0.807042,0.007993,0.115420
6936,-0.000476,0.798828,0.798828,0.007979,0.012157,0.807042,0.007993,0.115420
6937,0.002485,0.803711,0.803711,0.008428,0.023824,0.807042,0.007993,0.115420
6938,-0.000757,0.804688,0.804688,0.007908,0.005960,0.807042,0.007993,0.115420
6939,0.004434,0.816406,0.816406,0.007598,0.058230,0.807042,0.007993,0.115420
6940,0.001418,0.789062,0.789062,0.007982,0.018297,0.807042,0.007993,0.115420
6941,0.006425,0.806641,0.806641,0.007861,0.037365,0.807042,0.007993,0.115420
6942,0.002843,0.821289,0.821289,0.007470,0.052971,0.807042,0.007993,0.115420
6943,-0.000694,0.824219,0.824219,0.008032,0.023437,0.807042,0.007993,0.115420
6944,-0.001068,0.829102,0.829102,0.007970,0.014352,0.807042,0.007993,0.115420
6945,0.002874,0.824219,0.824219,0.007795,0.019650,0.807042,0.007993,0.115420
6946,-0.003091,0.811523,0.811523,0.007927,0.007787,0.807042,0.007993,0.115420
6947,-0.000553,0.778320,0.778320,0.007559,0.052969,0.807042,0.007993,0.115420
6948,0.003773,0.827148,0.827148,0.008083,0.019373,0.807042,0.007993,0.115420
6949,0.002373,0.811914,0.811914,0.007867,0.027246,0.807042,0.007993,0.115420
6950,0.003503,0.776367,0.776367,0.007594,0.028099,0.807042,0.007993,0.115420
6951,0.001018,0.839844,0.839844,0.007997,0.017674,0.807042,0.007993,0.115420
6952,0.002460,0.784180,0.784180,0.008025,0.028616,0.807042,0.007993,0.115420
6953,0.002637,0.822266,0.822266,0.007821,0.049094,0.807042,0.007993,0.115420
6954,0.003094,0.826953,0.826953,0.008299,0.026043,0.807042,0.007993,0.115420
6955,0.003033,0.841797,0.841797,0.008149,0.038060,0.807042,0.007993,0.115420
6956,0.006326,0.801367,0.801367,0.007677,0.034949,0.807042,0.007993,0.115420
6957,-0.000949,0.807617,0.807617,0.008089,0.021497,0.807042,0.007993,0.115420
6958,-0.000114,0.786133,0.786133,0.008199,0.026407,0.807042,0.007993,0.115420
6959,-0.010227,0.811523,0.811523,0.008067,0.038167,0.807042,0.007993,0.115420
6960,0.002680,0.821289,0.821289,0.007921,0.033762,0.807042,0.007993,0.115420
6961,0.000624,0.819336,0.819336,0.008330,0.028818,0.807042,0.007993,0.115420
6962,0.007929,0.817383,0.817383,0.007716,0.036335,0.807042,0.007993,0.115420
6963,0.004407,0.845703,0.845703,0.007557,0.030644,0.807042,0.007993,0.115420
6964,0.001737,0.779297,0.779297,0.007992,0.017747,0.807042,0.007993,0.115420
6965,-0.008523,0.830469,0.830469,0.007839,0.040470,0.807042,0.007993,0.115420
6966,0.002113,0.791992,0.791992,0.008239,0.014828,0.807042,0.007993,0.115420
6967,0.000986,0.807617,0.807617,0.007947,0.011480,0.807042,0.007993,0.115420
6968,0.006802,0.823438,0.823438,0.008227,0.040384,0.807042,0.007993,0.115420
6969,0.003790,0.829102,0.829102,0.007954,0.044111,0.807042,0.007993,0.115420
6970,0.002374,0.859766,0.859766,0.008250,0.040057,0.807042,0.007993,0.115420
6971,0.002001,0.804688,0.804688,0.007924,0.017251,0.807042,0.007993,0.115420
6972,0.005896,0.794922,0.794922,0.007610,0.033768,0.807042,0.007993,0.115420
6973,0.000706,0.809570,0.809570,0.007860,0.024084,0.807042,0.007993,0.115420
6974,0.002376,0.839844,0.839844,0.007586,0.027450,0.807042,0.007993,0.115420
6975,0.001945,0.788086,0.788086,0.008004,0.011702,0.807042,0.007993,0.115420
6976,0.000035,0.817383,0.817383,0.007824,0.021712,0.807042,0.007993,0.115420
6977,0.003377,0.831641,0.831641,0.008006,0.025918,0.807042,0.007993,0.115420
6978,0.002868,0.813477,0.813477,0.007805,0.043787,0.807042,0.007993,0.115420
6979,0.004251,0.790039,0.790039,0.007972,0.036845,0.807042,0.007993,0.115420
6980,0.000514,0.786133,0.786133,0.007738,0.037244,0.807042,0.007993,0.115420
6981,0.002767,0.826172,0.826172,0.008071,0.035967,0.807042,0.007993,0.115420
6982,-0.000019,0.855469,0.855469,0.008131,0.015443,0.807042,0.007993,0.115420
6983,0.002770,0.792969,0.792969,0.007984,0.024038,0.807042,0.007993,0.115420
6984,0.002364,0.828125,0.828125,0.007905,0.024367,0.807042,0.007993,0.115420
6985,0.000039,0.812500,0.812500,0.007986,0.044296,0.807042,0.007993,0.115420
6986,0.003142,0.781250,0.781250,0.008107,0.025376,0.807042,0.007993,0.115420
6987,-0.005626,0.839844,0.839844,0.008134,0.032867,0.807042,0.007993,0.115420
6988,-0.019982,0.827148,0.827148,0.008094,0.012353,0.807042,0.007993,0.115420
6989,0.004849,0.798242,0.798242,0.007773,0.030724,0.807042,0.007993,0.115420
6990,0.005487,0.810742,0.810742,0.007846,0.030887,0.807042,0.007993,0.115420
6991,-0.000173,0.801758,0.801758,0.008170,0.006521,0.807042,0.007993,0.115420
6992,0.003631,0.771484,0.771484,0.007975,0.028293,0.807042,0.007993,0.115420
6993,0.000929,0.823242,0.823242,0.008123,0.012297,0.807042,0.007993,0.115420
6994,0.006317,0.809570,0.809570,0.008128,0.041305,0.807042,0.007993,0.115420
6995,0.007817,0.816406,0.816406,0.007508,0.040409,0.807042,0.007993,0.115420
6996,-0.003361,0.775586,0.775586,0.007662,0.030890,0.807042,0.007993,0.115420
6997,0.002343,0.762695,0.762695,0.007848,0.016586,0.807042,0.007993,0.115420
6998,0.004316,0.801953,0.801953,0.007664,0.038547,0.807042,0.007993,0.115420
6999,-0.000108,0.780273,0.780273,0.008094,0.019185,0.807042,0.007993,0.115420
7000,0.001965,0.760352,0.760352,0.008317,0.029664,0.807042,0.007997,0.114850
7001,0.001832,0.796875,0.796875,0.008073,0.011868,0.807042,0.007997,0.114850
7002,-0.000095,0.753906,0.753906,0.007644,0.003027,0.807042,0.007997,0.114850
7003,0.003406,0.798828,0.798828,0.007951,0.029468,0.807042,0.007997,0.114850
7004,0.002862,0.825195,0.825195,0.008045,0.038033,0.807042,0.007997,0.114850
7005,0.004257,0.787109,0.787109,0.007879,0.054172,0.807042,0.007997,0.114850
7006,0.001664,0.815430,0.815430,0.007724,0.026632,0.807042,0.007997,0.114850
7007,-0.009824,0.799805,0.799805,0.007708,0.027167,0.807042,0.007997,0.114850
7008,0.010930,0.806641,0.806641,0.008186,0.072187,0.807042,0.007997,0.114850
7009,0.001582,0.795898,0.795898,0.008155,0.016855,0.807042,0.007997,0.114850
7010,0.002918,0.837695,0.837695,0.008111,0.025378,0.807042,0.007997,0.114850
7011,0.000676,0.820312,0.820312,0.008174,0.021494,0.807042,0.007997,0.114850
7012,0.002073,0.778125,0.778125,0.007843,0.062929,0.807042,0.007997,0.114850
7013,0.004256,0.809570,0.809570,0.007924,0.035046,0.807042,0.007997,0.114850
7014,-0.007226,0.822266,0.822266,0.007973,0.053920,0.807042,0.007997,0.114850
7015,0.005636,0.806641,0.806641,0.008076,0.033713,0.807042,0.007997,0.114850
7016,0.001397,0.788086,0.788086,0.007572,0.026139,0.807042,0.007997,0.114850
7017,0.003696,0.836914,0.836914,0.007671,0.036323,0.807042,0.007997,0.114850
7018,0.009163,0.822266,0.822266,0.007721,0.035031,0.807042,0.007997,0.114850
7019,0.000855,0.819336,0.819336,0.007652,0.016816,0.807042,0.007997,0.114850
7020,0.002865,0.795898,0.795898,0.007770,0.019749,0.807042,0.007997,0.114850
7021,-0.001653,0.831055,0.831055,0.007766,0.013023,0.807042,0.007997,0.114850
7022,0.001856,0.802734,0.802734,0.008034,0.011651,0.807042,0.007997,0.114850
7023,0.008728,0.811523,0.811523,0.007688,0.038455,0.807042,0.007997,0.114850
7024,-0.000224,0.821289,0.821289,0.008084,0.009183,0.807042,0.007997,0.114850
7025,0.005886,0.790039,0.790039,0.007419,0.061520,0.807042,0.007997,0.114850
7026,-0.005796,0.763672,0.763672,0.007784,0.047825,0.807042,0.007997,0.114850
7027,0.003162,0.818359,0.818359,0.007776,0.015249,0.807042,0.007997,0.114850
7028,0.002332,0.805664,0.805664,0.008186,0.030128,0.807042,0.007997,0.114850
7029,-0.006921,0.805664,0.805664,0.008231,0.019973,0.807042,0.007997,0.114850
7030,-0.001833,0.752930,0.752930,0.007999,0.065914,0.807042,0.007997,0.114850
7031,0.002848,0.836914,0.836914,0.008027,0.049500,0.807042,0.007997,0.114850
7032,0.003035,0.829102,0.829102,0.008115,0.035549,0.807042,0.007997,0.114850
7033,0.001261,0.838867,0.838867,0.007692,0.015536,0.807042,0.007997,0.114850
7034,0.003590,0.810352,0.810352,0.007948,0.026560,0.807042,0.007997,0.114850
7035,0.002251,0.783203,0.783203,0.007891,0.010642,0.807042,0.007997,0.114850
7036,0.001581,0.789062,0.789062,0.007947,0.044958,0.807042,0.007997,0.114850
7037,0.008688,0.776367,0.776367,0.007668,0.027657,0.807042,0.007997,0.114850
7038,0.003560,0.815430,0.815430,0.007981,0.035695,0.807042,0.007997,0.114850
7039,0.001421,0.817383,0.817383,0.007634,0.061152,0.807042,0.007997,0.114850
7040,0.002922,0.822266,0.822266,0.007852,0.023294,0.807042,0.007997,0.114850
7041,-0.012051,0.801758,0.801758,0.007878,0.049114,0.807042,0.007997,0.114850
7042,0.002227,0.786133,0.786133,0.008300,0.034217,0.807042,0.007997,0.114850
7043,0.002748,0.828125,0.828125,0.007886,0.032003,0.807042,0.007997,0.114850
7044,0.011790,0.799805,0.799805,0.007870,0.046618,0.807042,0.007997,0.114850
7045,0.004101,0.851562,0.851562,0.008095,0.022890,0.807042,0.007997,0.114850
7046,-0.000244,0.801172,0.801172,0.008146,0.005026,0.807042,0.007997,0.114850
7047,-0.000486,0.791406,0.791406,0.008362,0.011947,0.807042,0.007997,0.114850
7048,-0.020489,0.814453,0.814453,0.007493,0.021134,0.807042,0.007997,0.114850
7049,0.002340,0.818359,0.818359,0.007818,0.034744,0.807042,0.007997,0.114850
7050,0.000964,0.816406,0.816406,0.007718,0.028443,0.807042,0.007997,0.114850
7051,-0.017456,0.804102,0.804102,0.007800,0.027919,0.807042,0.007997,0.114850
7052,-0.012296,0.795313,0.795313,0.007586,0.013940,0.807042,0.007997,0.114850
7053,0.010047,0.805664,0.805664,0.007418,0.042014,0.807042,0.007997,0.114850
7054,0.009517,0.769531,0.769531,0.007668,0.029631,0.807042,0.007997,0.114850
7055,0.010206,0.798242,0.798242,0.007938,0.035291,0.807042,0.007997,0.114850
7056,0.005486,0.807617,0.807617,0.007579,0.020463,0.807042,0.007997,0.114850
7057,-0.001148,0.830078,0.830078,0.008311,0.006439,0.807042,0.007997,0.114850
7058,-0.003754,0.747070,0.747070,0.008259,0.025443,0.807042,0.007997,0.114850
7059,0.002674,0.817578,0.817578,0.008057,0.021423,0.807042,0.007997,0.114850
7060,0.003622,0.796875,0.796875,0.007947,0.051653,0.807042,0.007997,0.114850
7061,0.004297,0.819336,0.819336,0.007288,0.033526,0.807042,0.007997,0.114850
7062,0.001169,0.844727,0.844727,0.007884,0.017152,0.807042,0.007997,0.114850
7063,0.003459,0.791016,0.791016,0.008065,0.031886,0.807042,0.007997,0.114850
7064,0.003520,0.793945,0.793945,0.007603,0.027509,0.807042,0.007997,0.114850
7065,-0.001690,0.818359,0.818359,0.007648,0.015860,0.807042,0.007997,0.114850
7066,0.005539,0.786133,0.786133,0.007660,0.033836,0.807042,0.007997,0.114850
7067,0.013452,0.758789,0.758789,0.007741,0.038680,0.807042,0.007997,0.114850
7068,0.003137,0.803711,0.803711,0.008293,0.022335,0.807042,0.007997,0.114850
7069,0.019543,0.788086,0.788086,0.007641,0.056600,0.807042,0.007997,0.114850
7070,0.008208,0.791992,0.791992,0.007623,0.038137,0.807042,0.007997,0.114850
7071,-0.000666,0.828125,0.828125,0.008456,0.024714,0.807042,0.007997,0.114850
7072,-0.002023,0.804688,0.804688,0.008010,0.024594,0.807042,0.007997,0.114850
7073,0.004427,0.807617,0.807617,0.008021,0.054549,0.807042,0.007997,0.114850
7074,-0.000293,0.817383,0.817383,0.007884,0.010457,0.807042,0.007997,0.114850
7075,0.000017,0.809570,0.809570,0.008013,0.014898,0.807042,0.007997,0.114850
7076,-0.004992,0.797852,0.797852,0.007956,0.029458,0.807042,0.007997,0.114850
7077,0.002884,0.788477,0.788477,0.007839,0.047153,0.807042,0.007997,0.114850
7078,0.001733,0.793945,0.793945,0.007614,0.036967,0.807042,0.007997,0.114850
7079,0.008461,0.799805,0.799805,0.007960,0.033627,0.807042,0.007997,0.114850
7080,0.006567,0.801172,0.801172,0.007905,0.047780,0.807042,0.007997,0.114850
7081,-0.002984,0.788086,0.788086,0.007486,0.040920,0.807042,0.007997,0.114850
7082,0.006873,0.806641,0.806641,0.007947,0.051365,0.807042,0.007997,0.114850
7083,0.003749,0.811133,0.811133,0.007950,0.032918,0.807042,0.007997,0.114850
7084,-0.001646,0.825195,0.825195,0.008052,0.041953,0.807042,0.007997,0.114850
7085,0.005105,0.813477,0.813477,0.008181,0.036736,0.807042,0.007997,0.114850
7086,-0.002737,0.838867,0.838867,0.007724,0.044133,0.807042,0.007997,0.114850
7087,0.005856,0.812500,0.812500,0.007989,0.052402,0.807042,0.007997,0.114850
7088,-0.000540,0.801758,0.801758,0.007878,0.023964,0.807042,0.007997,0.114850
7089,0.010269,0.792969,0.792969,0.008057,0.065836,0.807042,0.007997,0.114850
7090,-0.000547,0.802734,0.802734,0.007723,0.014445,0.807042,0.007997,0.114850
7091,0.004703,0.820312,0.820312,0.008081,0.036487,0.807042,0.007997,0.114850
7092,0.001328,0.771484,0.771484,0.008232,0.014943,0.807042,0.007997,0.114850
7093,0.003797,0.810547,0.810547,0.007590,0.024678,0.807042,0.007997,0.114850
7094,-0.006099,0.773438,0.773438,0.008045,0.042385,0.807042,0.007997,0.114850
7095,-0.001631,0.838867,0.838867,0.008029,0.021522,0.807042,0.007997,0.114850
7096,0.004908,0.807617,0.807617,0.007442,0.035584,0.807042,0.007997,0.114850
7097,0.001868,0.841797,0.841797,0.007711,0.030963,0.807042,0.007997,0.114850
7098,-0.005001,0.805664,0.805664,0.007703,0.058727,0.807042,0.007997,0.114850
7099,0.002322,0.857031,0.857031,0.007813,0.024912,0.807042,0.007997,0.114850
7100,0.001702,0.778320,0.778320,0.008609,0.018259,0.807042,0.007997,0.114850
7101,0.008629,0.823242,0.823242,0.007669,0.031770,0.807042,0.007997,0.114850
7102,0.002209,0.801758,0.801758,0.007939,0.028500,0.807042,0.007997,0.114850
7103,0.003783,0.777539,0.777539,0.007881,0.028438,0.807042,0.007997,0.114850
7104,0.005684,0.791992,0.791992,0.008166,0.030615,0.807042,0.007997,0.114850
7105,0.003987,0.810547,0.810547,0.007843,0.039892,0.807042,0.007997,0.114850
7106,0.007881,0.823633,0.823633,0.008019,0.063495,0.807042,0.007997,0.114850
7107,0.002094,0.773438,0.773438,0.008052,0.017073,0.807042,0.007997,0.114850
7108,0.001784,0.780664,0.780664,0.007677,0.013945,0.807042,0.007997,0.114850
7109,-0.016433,0.793945,0.793945,0.007478,0.032811,0.807042,0.007997,0.114850
7110,0.005600,0.812500,0.812500,0.007593,0.063452,0.807042,0.007997,0.114850
7111,-0.011873,0.768945,0.768945,0.008118,0.016782,0.807042,0.007997,0.114850
7112,0.001158,0.799805,0.799805,0.008390,0.028669,0.807042,0.007997,0.114850
7113,0.004141,0.817773,0.817773,0.007819,0.003971,0.807042,0.007997,0.114850
7114,0.005114,0.769531,0.769531,0.008381,0.047056,0.807042,0.007997,0.114850
7115,0.009005,0.797852,0.797852,0.008027,0.048484,0.807042,0.007997,0.114850
7116,0.003218,0.807617,0.807617,0.007778,0.040642,0.807042,0.007997,0.114850
7117,-0.010472,0.799805,0.799805,0.007428,0.025168,0.807042,0.007997,0.114850
7118,-0.004052,0.803320,0.803320,0.007790,0.049192,0.807042,0.007997,0.114850
7119,0.003045,0.810547,0.810547,0.008128,0.030862,0.807042,0.007997,0.114850
7120,0.002905,0.814453,0.814453,0.007728,0.035240,0.807042,0.007997,0.114850
7121,-0.031253,0.788281,0.788281,0.008059,0.011662,0.807042,0.007997,0.114850
7122,0.000870,0.799805,0.799805,0.007853,0.018178,0.807042,0.007997,0.114850
7123,-0.002712,0.833594,0.833594,0.008612,0.031500,0.807042,0.007997,0.114850
7124,-0.000524,0.801758,0.801758,0.007644,0.005878,0.807042,0.007997,0.114850
7125,0.001572,0.829102,0.829102,0.007951,0.025071,0.807042,0.007997,0.114850
7126,0.002955,0.773438,0.773438,0.007592,0.025321,0.807042,0.007997,0.114850
7127,0.004887,0.832031,0.832031,0.007416,0.029016,0.807042,0.007997,0.114850
7128,0.000740,0.800781,0.800781,0.008118,0.022104,0.807042,0.007997,0.114850
7129,0.001212,0.795898,0.795898,0.007805,0.026197,0.807042,0.007997,0.114850
7130,0.001839,0.777344,0.777344,0.007745,0.020449,0.807042,0.007997,0.114850
7131,-0.010018,0.812500,0.812500,0.007989,0.040365,0.807042,0.007997,0.114850
7132,0.004811,0.800781,0.800781,0.007965,0.053687,0.807042,0.007997,0.114850
7133,-0.000495,0.824219,0.824219,0.007728,0.008136,0.807042,0.007997,0.114850
7134,0.001465,0.814453,0.814453,0.007933,0.030012,0.807042,0.007997,0.114850
7135,-0.021878,0.803711,0.803711,0.007622,0.009743,0.807042,0.007997,0.114850
7136,-0.000026,0.853516,0.853516,0.007906,0.002074,0.807042,0.007997,0.114850
7137,-0.002136,0.826172,0.826172,0.007852,0.020054,0.807042,0.007997,0.114850
7138,-0.000330,0.803711,0.803711,0.008161,0.007586,0.807042,0.007997,0.114850
7139,-0.007547,0.798828,0.798828,0.007829,0.031540,0.807042,0.007997,0.114850
7140,0.008253,0.796680,0.796680,0.008197,0.052960,0.807042,0.007997,0.114850
7141,-0.001455,0.826172,0.826172,0.007719,0.022168,0.807042,0.007997,0.114850
7142,0.002957,0.845312,0.845312,0.008003,0.022716,0.807042,0.007997,0.114850
7143,0.004769,0.797852,0.797852,0.007897,0.040998,0.807042,0.007997,0.114850
7144,0.003005,0.833984,0.833984,0.008144,0.026134,0.807042,0.007997,0.114850
7145,0.002210,0.824219,0.824219,0.007517,0.024214,0.807042,0.007997,0.114850
7146,0.002222,0.775000,0.775000,0.007947,0.010175,0.807042,0.007997,0.114850
7147,0.004543,0.825195,0.825195,0.007557,0.037394,0.807042,0.007997,0.114850
7148,0.005625,0.807617,0.807617,0.007641,0.044729,0.807042,0.007997,0.114850
7149,0.001019,0.819336,0.819336,0.007937,0.032896,0.807042,0.007997,0.114850
7150,0.009485,0.777344,0.777344,0.007586,0.048961,0.807042,0.007997,0.114850
7151,0.006853,0.787109,0.787109,0.007475,0.041980,0.807042,0.007997,0.114850
7152,0.003730,0.795898,0.795898,0.008108,0.025202,0.807042,0.007997,0.114850
7153,-0.000043,0.799805,0.799805,0.007477,0.009454,0.807042,0.007997,0.114850
7154,0.004651,0.821289,0.821289,0.008551,0.028630,0.807042,0.007997,0.114850
7155,0.003593,0.778320,0.778320,0.007596,0.028853,0.807042,0.007997,0.114850
7156,0.000765,0.812109,0.812109,0.008018,0.018451,0.807042,0.007997,0.114850
7157,0.000520,0.825195,0.825195,0.007978,0.039660,0.807042,0.007997,0.114850
7158,0.004818,0.792383,0.792383,0.007812,0.038380,0.807042,0.007997,0.114850
7159,0.002384,0.833984,0.833984,0.007798,0.033679,0.807042,0.007997,0.114850
7160,0.004018,0.757812,0.757812,0.007878,0.035600,0.807042,0.007997,0.114850
7161,-0.000844,0.811523,0.811523,0.008008,0.019427,0.807042,0.007997,0.114850
7162,0.007967,0.802734,0.802734,0.007660,0.026749,0.807042,0.007997,0.114850
7163,0.001450,0.795898,0.795898,0.007697,0.022665,0.807042,0.007997,0.114850
7164,0.006073,0.799805,0.799805,0.007726,0.012013,0.807042,0.007997,0.114850
7165,-0.004725,0.798047,0.798047,0.007715,0.034759,0.807042,0.007997,0.114850
7166,0.001822,0.834961,0.834961,0.008156,0.022747,0.807042,0.007997,0.114850
7167,0.002025,0.750000,0.750000,0.007970,0.015200,0.807042,0.007997,0.114850
7168,0.002812,0.803711,0.803711,0.007741,0.020963,0.807042,0.007997,0.114850
7169,-0.003534,0.807617,0.807617,0.007881,0.036141,0.807042,0.007997,0.114850
7170,-0.001993,0.825000,0.825000,0.008068,0.027622,0.807042,0.007997,0.114850
7171,-0.006231,0.777344,0.777344,0.008081,0.038189,0.807042,0.007997,0.114850
7172,-0.015592,0.831055,0.831055,0.007759,0.019496,0.807042,0.007997,0.114850
7173,0.001023,0.828125,0.828125,0.007563,0.030113,0.807042,0.007997,0.114850
7174,0.003161,0.789062,0.789062,0.008019,0.028868,0.807042,0.007997,0.114850
7175,0.002238,0.792969,0.792969,0.007734,0.010287,0.807042,0.007997,0.114850
7176,0.009248,0.758789,0.758789,0.008010,0.037947,0.807042,0.007997,0.114850
7177,0.000260,0.848633,0.848633,0.007900,0.020890,0.807042,0.007997,0.114850
7178,0.004101,0.815430,0.815430,0.007791,0.029765,0.807042,0.007997,0.114850
7179,0.000598,0.837891,0.837891,0.008099,0.021950,0.807042,0.007997,0.114850
7180,0.003554,0.866211,0.866211,0.007644,0.030189,0.807042,0.007997,0.114850
7181,0.007102,0.789062,0.789062,0.008003,0.037952,0.807042,0.007997,0.114850
7182,-0.000375,0.843750,0.843750,0.007773,0.020243,0.807042,0.007997,0.114850
7183,-0.000155,0.802734,0.802734,0.007849,0.006193,0.807042,0.007997,0.114850
7184,-0.001661,0.801758,0.801758,0.008003,0.021389,0.807042,0.007997,0.114850
7185,0.001566,0.829102,0.829102,0.007982,0.010671,0.807042,0.007997,0.114850
7186,0.000851,0.796875,0.796875,0.007982,0.023173,0.807042,0.007997,0.114850
7187,0.001730,0.773438,0.773438,0.007887,0.040938,0.807042,0.007997,0.114850
7188,0.005777,0.781250,0.781250,0.007644,0.030086,0.807042,0.007997,0.114850
7189,0.010007,0.781250,0.781250,0.007423,0.047101,0.807042,0.007997,0.114850
7190,0.004049,0.843750,0.843750,0.007998,0.034027,0.807042,0.007997,0.114850
7191,0.001733,0.813477,0.813477,0.007810,0.019608,0.807042,0.007997,0.114850
7192,0.001222,0.805664,0.805664,0.007885,0.020008,0.807042,0.007997,0.114850
7193,-0.000320,0.781250,0.781250,0.007736,0.031328,0.807042,0.007997,0.114850
7194,0.000751,0.782227,0.782227,0.008227,0.025982,0.807042,0.007997,0.114850
7195,-0.000014,0.806641,0.806641,0.007779,0.001139,0.807042,0.007997,0.114850
7196,0.002171,0.793359,0.793359,0.008423,0.010196,0.807042,0.007997,0.114850
7197,-0.003144,0.813477,0.813477,0.008155,0.028129,0.807042,0.007997,0.114850
7198,0.003638,0.811523,0.811523,0.007849,0.047449,0.807042,0.007997,0.114850
7199,0.002394,0.831055,0.831055,0.007840,0.037908,0.807042,0.007997,0.114850
7200,0.004846,0.782227,0.782227,0.007857,0.026630,0.807042,0.007997,0.114850
7201,0.005358,0.798828,0.798828,0.007979,0.034359,0.807042,0.007997,0.114850
7202,0.002291,0.820312,0.820312,0.007807,0.028533,0.807042,0.007997,0.114850
7203,0.002996,0.814453,0.814453,0.007510,0.028925,0.807042,0.007997,0.114850
7204,0.001553,0.801758,0.801758,0.008073,0.016357,0.807042,0.007997,0.114850
7205,-0.001432,0.844727,0.844727,0.007636,0.028113,0.807042,0.007997,0.114850
7206,0.004095,0.784180,0.784180,0.008146,0.035552,0.807042,0.007997,0.114850
7207,0.008061,0.809570,0.809570,0.008119,0.059434,0.807042,0.007997,0.114850
7208,-0.008001,0.787109,0.787109,0.007667,0.012301,0.807042,0.007997,0.114850
7209,-0.000895,0.793945,0.793945,0.008459,0.008509,0.807042,0.007997,0.114850
7210,0.004729,0.807617,0.807617,0.008174,0.043439,0.807042,0.007997,0.114850
7211,0.001093,0.825195,0.825195,0.007970,0.021631,0.807042,0.007997,0.114850
7212,0.001922,0.804688,0.804688,0.007994,0.039242,0.807042,0.007997,0.114850
7213,0.002779,0.801758,0.801758,0.007641,0.030023,0.807042,0.007997,0.114850
7214,0.001846,0.823242,0.823242,0.008082,0.019965,0.807042,0.007997,0.114850
7215,0.004268,0.762695,0.762695,0.008298,0.030001,0.807042,0.007997,0.114850
7216,0.002576,0.811523,0.811523,0.008269,0.034274,0.807042,0.007997,0.114850
7217,-0.000177,0.782227,0.782227,0.007911,0.011810,0.807042,0.007997,0.114850
7218,0.000990,0.817383,0.817383,0.007950,0.022998,0.807042,0.007997,0.114850
7219,0.000651,0.828516,0.828516,0.007968,0.016890,0.807042,0.007997,0.114850
7220,0.004889,0.789062,0.789062,0.007931,0.039705,0.807042,0.007997,0.114850
7221,0.001553,0.816406,0.816406,0.007930,0.010252,0.807042,0.007997,0.114850
7222,-0.001638,0.817383,0.817383,0.007795,0.025753,0.807042,0.007997,0.114850
7223,0.002584,0.771875,0.771875,0.008202,0.018946,0.807042,0.007997,0.114850
7224,0.003705,0.808594,0.808594,0.008364,0.019474,0.807042,0.007997,0.114850
7225,0.007310,0.750977,0.750977,0.007929,0.034974,0.807042,0.007997,0.114850
7226,0.001954,0.849609,0.849609,0.007761,0.034335,0.807042,0.007997,0.114850
7227,0.004223,0.782227,0.782227,0.007638,0.024357,0.807042,0.007997,0.114850
7228,0.001123,0.795898,0.795898,0.007706,0.016369,0.807042,0.007997,0.114850
7229,0.001150,0.802344,0.802344,0.008095,0.028208,0.807042,0.007997,0.114850
7230,0.002470,0.828125,0.828125,0.007846,0.034887,0.807042,0.007997,0.114850
7231,-0.000058,0.853516,0.853516,0.007818,0.019354,0.807042,0.007997,0.114850
7232,0.004202,0.795117,0.795117,0.008273,0.047245,0.807042,0.007997,0.114850
7233,0.001260,0.799805,0.799805,0.007776,0.015336,0.807042,0.007997,0.114850
7234,0.001568,0.810547,0.810547,0.008007,0.010266,0.807042,0.007997,0.114850
7235,0.012136,0.809570,0.809570,0.007916,0.065273,0.807042,0.007997,0.114850
7236,0.006069,0.797852,0.797852,0.007787,0.046641,0.807042,0.007997,0.114850
7237,0.008344,0.805664,0.805664,0.008171,0.046400,0.807042,0.007997,0.114850
7238,0.002986,0.792969,0.792969,0.007725,0.038208,0.807042,0.007997,0.114850
7239,0.000266,0.798828,0.798828,0.007803,0.025370,0.807042,0.007997,0.114850
7240,0.003120,0.833984,0.833984,0.007938,0.034291,0.807042,0.007997,0.114850
7241,0.004838,0.776367,0.776367,0.008142,0.053890,0.807042,0.007997,0.114850
7242,0.004108,0.788086,0.788086,0.008274,0.021024,0.807042,0.007997,0.114850
7243,0.009756,0.812109,0.812109,0.007622,0.062096,0.807042,0.007997,0.114850
7244,0.004956,0.800781,0.800781,0.008183,0.024742,0.807042,0.007997,0.114850
7245,0.003778,0.796875,0.796875,0.007298,0.035194,0.807042,0.007997,0.114850
7246,-0.000498,0.791016,0.791016,0.008054,0.008002,0.807042,0.007997,0.114850
7247,0.000768,0.834961,0.834961,0.007290,0.027050,0.807042,0.007997,0.114850
7248,0.007710,0.814453,0.814453,0.007716,0.043887,0.807042,0.007997,0.114850
7249,0.003109,0.776367,0.776367,0.007975,0.024460,0.807042,0.007997,0.114850
7250,0.002027,0.826172,0.826172,0.007604,0.032377,0.807042,0.007997,0.114850
7251,-0.011526,0.817383,0.817383,0.008430,0.028929,0.807042,0.007997,0.114850
7252,0.003928,0.802734,0.802734,0.007685,0.053962,0.807042,0.007997,0.114850
7253,0.001438,0.802734,0.802734,0.007514,0.015436,0.807042,0.007997,0.114850
7254,0.000242,0.825195,0.825195,0.007722,0.015036,0.807042,0.007997,0.114850
7255,-0.000571,0.786133,0.786133,0.008351,0.013364,0.807042,0.007997,0.114850
7256,0.002879,0.799805,0.799805,0.007717,0.027853,0.807042,0.007997,0.114850
7257,0.001578,0.834961,0.834961,0.007860,0.011830,0.807042,0.007997,0.114850
7258,0.002947,0.806641,0.806641,0.008137,0.027491,0.807042,0.007997,0.114850
7259,0.007764,0.802734,0.802734,0.007786,0.033513,0.807042,0.007997,0.114850
7260,-0.002536,0.830078,0.830078,0.007606,0.047590,0.807042,0.007997,0.114850
7261,0.007646,0.798047,0.798047,0.008284,0.037861,0.807042,0.007997,0.114850
7262,0.008024,0.751953,0.751953,0.007848,0.049607,0.807042,0.007997,0.114850
7263,-0.002285,0.835352,0.835352,0.007826,0.022466,0.807042,0.007997,0.114850
7264,0.001329,0.821289,0.821289,0.007695,0.017477,0.807042,0.007997,0.114850
7265,0.001897,0.820312,0.820312,0.007763,0.013655,0.807042,0.007997,0.114850
7266,-0.000567,0.798828,0.798828,0.008198,0.039154,0.807042,0.007997,0.114850
7267,-0.000814,0.814453,0.814453,0.007448,0.008098,0.807042,0.007997,0.114850
7268,0.000501,0.784180,0.784180,0.008089,0.026731,0.807042,0.007997,0.114850
7269,-0.002175,0.784180,0.784180,0.007814,0.022171,0.807042,0.007997,0.114850
7270,0.001075,0.806641,0.806641,0.008037,0.036635,0.807042,0.007997,0.114850
7271,0.002902,0.798828,0.798828,0.007458,0.044996,0.807042,0.007997,0.114850
7272,0.003410,0.789062,0.789062,0.007759,0.019471,0.807042,0.007997,0.114850
7273,0.001097,0.836914,0.836914,0.007632,0.032964,0.807042,0.007997,0.114850
7274,-0.000068,0.838867,0.838867,0.007770,0.002306,0.807042,0.007997,0.114850
7275,0.004256,0.773438,0.773438,0.007693,0.020130,0.807042,0.007997,0.114850
7276,0.004440,0.818359,0.818359,0.008227,0.028807,0.807042,0.007997,0.114850
7277,-0.003574,0.834961,0.834961,0.007762,0.049872,0.807042,0.007997,0.114850
7278,-0.017671,0.812109,0.812109,0.007922,0.025832,0.807042,0.007997,0.114850
7279,0.004771,0.780273,0.780273,0.007419,0.031608,0.807042,0.007997,0.114850
7280,-0.000555,0.791016,0.791016,0.007973,0.030342,0.807042,0.007997,0.114850
7281,0.003501,0.788086,0.788086,0.007695,0.043029,0.807042,0.007997,0.114850
7282,0.002450,0.828125,0.828125,0.007855,0.030998,0.807042,0.007997,0.114850
7283,-0.000322,0.821484,0.821484,0.008035,0.008549,0.807042,0.007997,0.114850
7284,0.001164,0.815430,0.815430,0.007635,0.033315,0.807042,0.007997,0.114850
7285,0.002515,0.830078,0.830078,0.007706,0.041287,0.807042,0.007997,0.114850
7286,0.003079,0.808594,0.808594,0.008234,0.033948,0.807042,0.007997,0.114850
7287,0.006655,0.825195,0.825195,0.007883,0.038134,0.807042,0.007997,0.114850
7288,0.004032,0.770508,0.770508,0.008439,0.037534,0.807042,0.007997,0.114850
7289,0.003087,0.837891,0.837891,0.007825,0.034587,0.807042,0.007997,0.114850
7290,0.001822,0.799805,0.799805,0.007760,0.029882,0.807042,0.007997,0.114850
7291,-0.013132,0.812500,0.812500,0.008301,0.027277,0.807042,0.007997,0.114850
7292,0.002841,0.808594,0.808594,0.008064,0.023485,0.807042,0.007997,0.114850
7293,-0.000544,0.805664,0.805664,0.008032,0.012620,0.807042,0.007997,0.114850
7294,0.007862,0.776563,0.776563,0.007766,0.043057,0.807042,0.007997,0.114850
7295,0.000900,0.820312,0.820312,0.007786,0.011657,0.807042,0.007997,0.114850
7296,0.003471,0.786328,0.786328,0.007986,0.021219,0.807042,0.007997,0.114850
7297,0.004488,0.795898,0.795898,0.007682,0.033765,0.807042,0.007997,0.114850
7298,0.001849,0.826172,0.826172,0.007848,0.015818,0.807042,0.007997,0.114850
7299,0.000694,0.820312,0.820312,0.007635,0.033418,0.807042,0.007997,0.114850
7300,0.004607,0.813086,0.813086,0.007611,0.061727,0.807042,0.007997,0.114850
7301,0.003808,0.793945,0.793945,0.007870,0.019824,0.807042,0.007997,0.114850
7302,-0.001565,0.824219,0.824219,0.007939,0.019877,0.807042,0.007997,0.114850
7303,-0.021815,0.834961,0.834961,0.008261,0.040126,0.807042,0.007997,0.114850
7304,0.003092,0.806641,0.806641,0.007759,0.025507,0.807042,0.007997,0.114850
7305,-0.000083,0.819336,0.819336,0.007867,0.028272,0.807042,0.007997,0.114850
7306,0.008251,0.811523,0.811523,0.007612,0.032125,0.807042,0.007997,0.114850
7307,-0.001055,0.796875,0.796875,0.008313,0.011444,0.807042,0.007997,0.114850
7308,0.001674,0.821289,0.821289,0.007983,0.015163,0.807042,0.007997,0.114850
7309,-0.007198,0.801758,0.801758,0.007696,0.023180,0.807042,0.007997,0.114850
7310,0.004559,0.807617,0.807617,0.007843,0.040372,0.807042,0.007997,0.114850
7311,-0.020884,0.759570,0.759570,0.008306,0.020140,0.807042,0.007997,0.114850
7312,-0.000237,0.800781,0.800781,0.007928,0.006944,0.807042,0.007997,0.114850
7313,-0.001206,0.769141,0.769141,0.007929,0.028261,0.807042,0.007997,0.114850
7314,-0.003185,0.749023,0.749023,0.007855,0.029466,0.807042,0.007997,0.114850
7315,-0.031143,0.801758,0.801758,0.007541,0.046445,0.807042,0.007997,0.114850
7316,-0.012200,0.827344,0.827344,0.007640,0.026787,0.807042,0.007997,0.114850
7317,-0.008890,0.834961,0.834961,0.007510,0.076853,0.807042,0.007997,0.114850
7318,0.002304,0.793555,0.793555,0.008070,0.019593,0.807042,0.007997,0.114850
7319,0.002357,0.828125,0.828125,0.008211,0.024266,0.807042,0.007997,0.114850
7320,-0.005947,0.803711,0.803711,0.008002,0.047725,0.807042,0.007997,0.114850
7321,0.001854,0.779297,0.779297,0.008220,0.021795,0.807042,0.007997,0.114850
7322,0.005931,0.836914,0.836914,0.007983,0.059053,0.807042,0.007997,0.114850
7323,0.002678,0.791016,0.791016,0.007975,0.036263,0.807042,0.007997,0.114850
7324,-0.002686,0.833008,0.833008,0.008090,0.035320,0.807042,0.007997,0.114850
7325,-0.007844,0.807227,0.807227,0.008376,0.025029,0.807042,0.007997,0.114850
7326,0.000263,0.819922,0.819922,0.007887,0.015776,0.807042,0.007997,0.114850
7327,0.002862,0.829102,0.829102,0.007627,0.041306,0.807042,0.007997,0.114850
7328,0.000895,0.777344,0.777344,0.007583,0.056706,0.807042,0.007997,0.114850
7329,0.001732,0.790039,0.790039,0.007676,0.010268,0.807042,0.007997,0.114850
7330,-0.000550,0.778711,0.778711,0.008062,0.024270,0.807042,0.007997,0.114850
7331,0.000000,0.815430,0.815430,0.008239,0.000915,0.807042,0.007997,0.114850
7332,0.006271,0.812500,0.812500,0.008126,0.063934,0.807042,0.007997,0.114850
7333,-0.001752,0.816406,0.816406,0.007922,0.026505,0.807042,0.007997,0.114850
7334,0.001865,0.777344,0.777344,0.008002,0.016847,0.807042,0.007997,0.114850
7335,0.001950,0.782812,0.782812,0.007737,0.017035,0.807042,0.007997,0.114850
7336,-0.000016,0.816406,0.816406,0.007820,0.000864,0.807042,0.007997,0.114850
7337,0.002185,0.827148,0.827148,0.007833,0.034097,0.807042,0.007997,0.114850
7338,0.004090,0.784180,0.784180,0.008127,0.019332,0.807042,0.007997,0.114850
7339,-0.001475,0.786133,0.786133,0.007930,0.022836,0.807042,0.007997,0.114850
7340,0.005506,0.787109,0.787109,0.007881,0.030277,0.807042,0.007997,0.114850
7341,0.002081,0.806836,0.806836,0.008018,0.009904,0.807042,0.007997,0.114850
7342,0.001842,0.807617,0.807617,0.008166,0.010581,0.807042,0.007997,0.114850
7343,0.004969,0.800781,0.800781,0.008046,0.052700,0.807042,0.007997,0.114850
7344,0.000665,0.830078,0.830078,0.007672,0.015350,0.807042,0.007997,0.114850
7345,-0.008989,0.777344,0.777344,0.008058,0.032328,0.807042,0.007997,0.114850
7346,0.006784,0.804688,0.804688,0.007859,0.041028,0.807042,0.007997,0.114850
7347,0.001615,0.790039,0.790039,0.007708,0.038751,0.807042,0.007997,0.114850
7348,-0.017505,0.811523,0.811523,0.008081,0.041813,0.807042,0.007997,0.114850
7349,0.004987,0.814648,0.814648,0.007549,0.028079,0.807042,0.007997,0.114850
7350,0.005102,0.811133,0.811133,0.008157,0.034140,0.807042,0.007997,0.114850
7351,0.005598,0.829102,0.829102,0.007687,0.036520,0.807042,0.007997,0.114850
7352,-0.000007,0.815430,0.815430,0.008092,0.000688,0.807042,0.007997,0.114850
7353,0.002271,0.811523,0.811523,0.007853,0.031667,0.807042,0.007997,0.114850
7354,0.001432,0.811523,0.811523,0.007865,0.034705,0.807042,0.007997,0.114850
7355,-0.000001,0.791992,0.791992,0.007687,0.000436,0.807042,0.007997,0.114850
7356,0.003896,0.788281,0.788281,0.008009,0.024373,0.807042,0.007997,0.114850
7357,0.003214,0.812500,0.812500,0.007762,0.051266,0.807042,0.007997,0.114850
7358,-0.000118,0.795898,0.795898,0.007925,0.004899,0.807042,0.007997,0.114850
7359,-0.002670,0.801758,0.801758,0.007825,0.040328,0.807042,0.007997,0.114850
7360,-0.000678,0.858398,0.858398,0.007619,0.008762,0.807042,0.007997,0.114850
7361,0.000375,0.824219,0.824219,0.007799,0.028306,0.807042,0.007997,0.114850
7362,0.001436,0.800781,0.800781,0.008019,0.016342,0.807042,0.007997,0.114850
7363,0.003765,0.793945,0.793945,0.008037,0.019261,0.807042,0.007997,0.114850
7364,-0.000093,0.753906,0.753906,0.007925,0.008061,0.807042,0.007997,0.114850
7365,0.004405,0.824219,0.824219,0.007745,0.032734,0.807042,0.007997,0.114850
7366,0.001274,0.830078,0.830078,0.008122,0.016321,0.807042,0.007997,0.114850
7367,0.001520,0.824219,0.824219,0.007957,0.034829,0.807042,0.007997,0.114850
7368,0.001863,0.792188,0.792188,0.008004,0.017622,0.807042,0.007997,0.114850
7369,-0.027409,0.783203,0.783203,0.007904,0.014827,0.807042,0.007997,0.114850
7370,-0.002190,0.805664,0.805664,0.007997,0.040866,0.807042,0.007997,0.114850
7371,0.003615,0.764063,0.764063,0.008042,0.037592,0.807042,0.007997,0.114850
7372,0.002235,0.837109,0.837109,0.008138,0.018878,0.807042,0.007997,0.114850
7373,0.005442,0.753906,0.753906,0.007953,0.026828,0.807042,0.007997,0.114850
7374,0.003176,0.843750,0.843750,0.008470,0.020079,0.807042,0.007997,0.114850
7375,0.003782,0.807617,0.807617,0.007892,0.027667,0.807042,0.007997,0.114850
7376,0.004318,0.817383,0.817383,0.007790,0.041051,0.807042,0.007997,0.114850
7377,0.005128,0.818359,0.818359,0.008178,0.049582,0.807042,0.007997,0.114850
7378,-0.005280,0.815430,0.815430,0.007543,0.028053,0.807042,0.007997,0.114850
7379,0.002004,0.817383,0.817383,0.007652,0.042555,0.807042,0.007997,0.114850
7380,0.007835,0.763672,0.763672,0.007598,0.054007,0.807042,0.007997,0.114850
7381,-0.002805,0.834961,0.834961,0.008239,0.005431,0.807042,0.007997,0.114850
7382,0.002624,0.806641,0.806641,0.008068,0.026002,0.807042,0.007997,0.114850
7383,-0.002048,0.777344,0.777344,0.007899,0.022757,0.807042,0.007997,0.114850
7384,0.006029,0.823242,0.823242,0.007474,0.049156,0.807042,0.007997,0.114850
7385,-0.001824,0.774414,0.774414,0.007882,0.036684,0.807042,0.007997,0.114850
7386,0.002797,0.789453,0.789453,0.008014,0.025961,0.807042,0.007997,0.114850
7387,0.002152,0.825195,0.825195,0.007826,0.006874,0.807042,0.007997,0.114850
7388,0.002348,0.832031,0.832031,0.008194,0.032307,0.807042,0.007997,0.114850
7389,-0.000495,0.805664,0.805664,0.007889,0.008060,0.807042,0.007997,0.114850
7390,0.002616,0.813477,0.813477,0.008072,0.019015,0.807042,0.007997,0.114850
7391,0.002192,0.793945,0.793945,0.007437,0.040992,0.807042,0.007997,0.114850
7392,0.002275,0.777344,0.777344,0.007676,0.011204,0.807042,0.007997,0.114850
7393,-0.002033,0.802734,0.802734,0.007757,0.016706,0.807042,0.007997,0.114850
7394,-0.000168,0.802734,0.802734,0.007903,0.024970,0.807042,0.007997,0.114850
7395,0.003383,0.774414,0.774414,0.007989,0.048498,0.807042,0.007997,0.114850
7396,-0.000547,0.796875,0.796875,0.008543,0.007252,0.807042,0.007997,0.114850
7397,-0.000545,0.800781,0.800781,0.007680,0.005746,0.807042,0.007997,0.114850
7398,0.010856,0.815430,0.815430,0.007826,0.072683,0.807042,0.007997,0.114850
7399,0.005220,0.796875,0.796875,0.007766,0.032919,0.807042,0.007997,0.114850
7400,0.001755,0.823242,0.823242,0.007868,0.029917,0.807042,0.007997,0.114850
7401,-0.002727,0.771875,0.771875,0.008164,0.014315,0.807042,0.007997,0.114850
7402,-0.000508,0.814453,0.814453,0.007995,0.010511,0.807042,0.007997,0.114850
7403,0.001167,0.819336,0.819336,0.008135,0.019719,0.807042,0.007997,0.114850
7404,-0.001223,0.783203,0.783203,0.007738,0.035167,0.807042,0.007997,0.114850
7405,0.003776,0.800781,0.800781,0.007847,0.039212,0.807042,0.007997,0.114850
7406,-0.007615,0.826172,0.826172,0.007708,0.013916,0.807042,0.007997,0.114850
7407,-0.002463,0.778906,0.778906,0.008057,0.017293,0.807042,0.007997,0.114850
7408,-0.002218,0.834961,0.834961,0.008332,0.017219,0.807042,0.007997,0.114850
7409,0.003882,0.792969,0.792969,0.008145,0.042416,0.807042,0.007997,0.114850
7410,0.000500,0.784180,0.784180,0.007993,0.018663,0.807042,0.007997,0.114850
7411,0.004491,0.820312,0.820312,0.007850,0.031888,0.807042,0.007997,0.114850
7412,0.006028,0.781445,0.781445,0.007713,0.042163,0.807042,0.007997,0.114850
7413,0.005624,0.856445,0.856445,0.007431,0.053874,0.807042,0.007997,0.114850
7414,0.006735,0.785156,0.785156,0.008143,0.043506,0.807042,0.007997,0.114850
7415,-0.000297,0.802734,0.802734,0.008058,0.008269,0.807042,0.007997,0.114850
7416,0.000734,0.796875,0.796875,0.008076,0.022133,0.807042,0.007997,0.114850
7417,-0.000015,0.806641,0.806641,0.008356,0.001135,0.807042,0.007997,0.114850
7418,0.000583,0.837891,0.837891,0.008111,0.014463,0.807042,0.007997,0.114850
7419,0.003903,0.792969,0.792969,0.007967,0.019537,0.807042,0.007997,0.114850
7420,0.002647,0.850781,0.850781,0.007825,0.025134,0.807042,0.007997,0.114850
7421,0.000731,0.790430,0.790430,0.008082,0.025473,0.807042,0.007997,0.114850
7422,0.003877,0.745117,0.745117,0.007918,0.033171,0.807042,0.007997,0.114850
7423,0.004517,0.830078,0.830078,0.008082,0.042335,0.807042,0.007997,0.114850
7424,0.001606,0.841797,0.841797,0.007869,0.013232,0.807042,0.007997,0.114850
7425,0.005809,0.808594,0.808594,0.007595,0.050581,0.807042,0.007997,0.114850
7426,0.000028,0.821289,0.821289,0.008315,0.002641,0.807042,0.007997,0.114850
7427,0.007812,0.812500,0.812500,0.008228,0.051740,0.807042,0.007997,0.114850
7428,0.008160,0.773438,0.773438,0.008065,0.044148,0.807042,0.007997,0.114850
7429,-0.008727,0.804688,0.804688,0.007729,0.006864,0.807042,0.007997,0.114850
7430,0.003116,0.811523,0.811523,0.008138,0.025266,0.807042,0.007997,0.114850
7431,-0.000016,0.831055,0.831055,0.008407,0.001309,0.807042,0.007997,0.114850
7432,0.002036,0.771484,0.771484,0.007854,0.013865,0.807042,0.007997,0.114850
7433,0.011439,0.807617,0.807617,0.007653,0.041333,0.807042,0.007997,0.114850
7434,0.013138,0.791992,0.791992,0.007320,0.041074,0.807042,0.007997,0.114850
7435,0.004423,0.792969,0.792969,0.007637,0.039757,0.807042,0.007997,0.114850
7436,-0.008547,0.815430,0.815430,0.007794,0.013171,0.807042,0.007997,0.114850
7437,-0.010358,0.823242,0.823242,0.007948,0.017259,0.807042,0.007997,0.114850
7438,0.001838,0.813477,0.813477,0.008137,0.011322,0.807042,0.007997,0.114850
7439,0.000000,0.786523,0.786523,0.007717,0.001196,0.807042,0.007997,0.114850
7440,0.005369,0.815430,0.815430,0.008075,0.049119,0.807042,0.007997,0.114850
7441,0.004417,0.775391,0.775391,0.007801,0.020738,0.807042,0.007997,0.114850
7442,0.005508,0.808594,0.808594,0.007685,0.033341,0.807042,0.007997,0.114850
7443,0.005785,0.778320,0.778320,0.007452,0.037622,0.807042,0.007997,0.114850
7444,-0.000437,0.818359,0.818359,0.007614,0.022364,0.807042,0.007997,0.114850
7445,0.004613,0.821289,0.821289,0.007950,0.028195,0.807042,0.007997,0.114850
7446,-0.016806,0.805664,0.805664,0.007708,0.026689,0.807042,0.007997,0.114850
7447,0.002105,0.838867,0.838867,0.007930,0.032779,0.807042,0.007997,0.114850
7448,0.001697,0.812500,0.812500,0.007856,0.010197,0.807042,0.007997,0.114850
7449,0.002967,0.842773,0.842773,0.008019,0.022858,0.807042,0.007997,0.114850
7450,0.001523,0.829297,0.829297,0.007678,0.019455,0.807042,0.007997,0.114850
7451,0.001100,0.801367,0.801367,0.008098,0.026241,0.807042,0.007997,0.114850
7452,0.002777,0.806641,0.806641,0.007997,0.028543,0.807042,0.007997,0.114850
7453,0.003323,0.801758,0.801758,0.007852,0.032979,0.807042,0.007997,0.114850
7454,0.002366,0.854492,0.854492,0.007547,0.035268,0.807042,0.007997,0.114850
7455,-0.006106,0.722656,0.722656,0.008035,0.020116,0.807042,0.007997,0.114850
7456,0.001294,0.792969,0.792969,0.007560,0.014260,0.807042,0.007997,0.114850
7457,0.004700,0.770508,0.770508,0.008310,0.020675,0.807042,0.007997,0.114850
7458,0.000800,0.790039,0.790039,0.007990,0.017456,0.807042,0.007997,0.114850
7459,0.007870,0.804688,0.804688,0.007946,0.036134,0.807042,0.007997,0.114850
7460,0.000993,0.826172,0.826172,0.008490,0.016566,0.807042,0.007997,0.114850
7461,-0.001380,0.807617,0.807617,0.007926,0.028780,0.807042,0.007997,0.114850
7462,0.007202,0.807617,0.807617,0.007991,0.052855,0.807042,0.007997,0.114850
7463,0.009693,0.798828,0.798828,0.007584,0.064094,0.807042,0.007997,0.114850
7464,0.001281,0.796289,0.796289,0.007865,0.019025,0.807042,0.007997,0.114850
7465,0.001385,0.811523,0.811523,0.007432,0.026904,0.807042,0.007997,0.114850
7466,0.004597,0.816016,0.816016,0.008134,0.046263,0.807042,0.007997,0.114850
7467,0.000804,0.770508,0.770508,0.008347,0.016359,0.807042,0.007997,0.114850
7468,0.000743,0.804688,0.804688,0.007892,0.016762,0.807042,0.007997,0.114850
7469,0.005329,0.789062,0.789062,0.007706,0.042204,0.807042,0.007997,0.114850
7470,0.003759,0.797852,0.797852,0.007628,0.027818,0.807042,0.007997,0.114850
7471,0.004815,0.807617,0.807617,0.007483,0.028532,0.807042,0.007997,0.114850
7472,0.000580,0.834961,0.834961,0.007756,0.014455,0.807042,0.007997,0.114850
7473,0.001848,0.807617,0.807617,0.008035,0.034030,0.807042,0.007997,0.114850
7474,0.007920,0.819922,0.819922,0.007831,0.020042,0.807042,0.007997,0.114850
7475,0.000688,0.836914,0.836914,0.007848,0.010728,0.807042,0.007997,0.114850
7476,0.006815,0.760938,0.760938,0.008049,0.033075,0.807042,0.007997,0.114850
7477,0.002399,0.832031,0.832031,0.007588,0.024513,0.807042,0.007997,0.114850
7478,0.002968,0.856445,0.856445,0.007733,0.027713,0.807042,0.007997,0.114850
7479,0.001875,0.846680,0.846680,0.007870,0.018664,0.807042,0.007997,0.114850
7480,-0.012884,0.805664,0.805664,0.007826,0.019865,0.807042,0.007997,0.114850
7481,0.001074,0.786133,0.786133,0.008134,0.018977,0.807042,0.007997,0.114850
7482,-0.000952,0.812109,0.812109,0.007958,0.017092,0.807042,0.007997,0.114850
7483,0.001289,0.809570,0.809570,0.007578,0.050162,0.807042,0.007997,0.114850
7484,0.002521,0.829102,0.829102,0.007843,0.022071,0.807042,0.007997,0.114850
7485,0.009119,0.805664,0.805664,0.007542,0.037913,0.807042,0.007997,0.114850
7486,-0.001345,0.824219,0.824219,0.007904,0.017356,0.807042,0.007997,0.114850
7487,0.000491,0.816406,0.816406,0.007956,0.019987,0.807042,0.007997,0.114850
7488,0.000755,0.801758,0.801758,0.007719,0.022062,0.807042,0.007997,0.114850
7489,-0.000359,0.793945,0.793945,0.007995,0.013152,0.807042,0.007997,0.114850
7490,0.001988,0.749414,0.749414,0.008426,0.016978,0.807042,0.007997,0.114850
7491,0.008731,0.782227,0.782227,0.007910,0.058651,0.807042,0.007997,0.114850
7492,0.004549,0.836914,0.836914,0.008043,0.033052,0.807042,0.007997,0.114850
7493,-0.002031,0.795898,0.795898,0.008069,0.014809,0.807042,0.007997,0.114850
7494,-0.001063,0.791992,0.791992,0.007974,0.027332,0.807042,0.007997,0.114850
7495,0.001402,0.844727,0.844727,0.007782,0.031918,0.807042,0.007997,0.114850
7496,-0.001286,0.772070,0.772070,0.007698,0.044148,0.807042,0.007997,0.114850
7497,-0.003759,0.813477,0.813477,0.008137,0.028868,0.807042,0.007997,0.114850
7498,0.003322,0.827148,0.827148,0.008133,0.033300,0.807042,0.007997,0.114850
7499,-0.008235,0.813477,0.813477,0.007819,0.019800,0.807042,0.007997,0.114850
7500,0.002958,0.844727,0.844727,0.007642,0.021129,0.806951,0.008000,0.112924
7501,0.002485,0.791406,0.791406,0.007847,0.024109,0.806951,0.008000,0.112924
7502,-0.000027,0.805664,0.805664,0.007783,0.001554,0.806951,0.008000,0.112924
7503,0.000986,0.819336,0.819336,0.007845,0.017333,0.806951,0.008000,0.112924
7504,-0.000245,0.786133,0.786133,0.008035,0.010916,0.806951,0.008000,0.112924
7505,0.003272,0.785156,0.785156,0.008097,0.030214,0.806951,0.008000,0.112924
7506,-0.004036,0.810352,0.810352,0.007632,0.010830,0.806951,0.008000,0.112924
7507,0.001904,0.844727,0.844727,0.007741,0.042818,0.806951,0.008000,0.112924
7508,0.003716,0.827148,0.827148,0.007712,0.035917,0.806951,0.008000,0.112924
7509,0.003417,0.794922,0.794922,0.008114,0.024346,0.806951,0.008000,0.112924
7510,0.002039,0.845117,0.845117,0.007716,0.023010,0.806951,0.008000,0.112924
7511,0.005506,0.800781,0.800781,0.007547,0.021710,0.806951,0.008000,0.112924
7512,0.001981,0.797852,0.797852,0.007743,0.021326,0.806951,0.008000,0.112924
7513,0.000074,0.784570,0.784570,0.008286,0.003913,0.806951,0.008000,0.112924
7514,-0.004737,0.791992,0.791992,0.007829,0.027728,0.806951,0.008000,0.112924
7515,0.002397,0.813086,0.813086,0.007314,0.036661,0.806951,0.008000,0.112924
7516,0.007650,0.785156,0.785156,0.007795,0.055411,0.806951,0.008000,0.112924
7517,0.000956,0.798828,0.798828,0.007883,0.010140,0.806951,0.008000,0.112924
7518,0.003503,0.805664,0.805664,0.007985,0.016072,0.806951,0.008000,0.112924
7519,0.007877,0.799805,0.799805,0.007913,0.037163,0.806951,0.008000,0.112924
7520,0.005575,0.829102,0.829102,0.008593,0.023802,0.806951,0.008000,0.112924
7521,0.003307,0.823242,0.823242,0.007732,0.045313,0.806951,0.008000,0.112924
7522,-0.000007,0.773438,0.773438,0.007866,0.001435,0.806951,0.008000,0.112924
7523,0.000972,0.796875,0.796875,0.008118,0.013352,0.806951,0.008000,0.112924
7524,0.004570,0.833984,0.833984,0.008112,0.017125,0.806951,0.008000,0.112924
7525,0.005049,0.789453,0.789453,0.007479,0.029410,0.806951,0.008000,0.112924
7526,0.000556,0.797852,0.797852,0.007950,0.018346,0.806951,0.008000,0.112924
7527,0.002550,0.794922,0.794922,0.008220,0.030238,0.806951,0.008000,0.112924
7528,0.004319,0.793945,0.793945,0.007796,0.038453,0.806951,0.008000,0.112924
7529,0.000477,0.785156,0.785156,0.007799,0.029868,0.806951,0.008000,0.112924
7530,0.004927,0.807617,0.807617,0.008194,0.028010,0.806951,0.008000,0.112924
7531,-0.006435,0.802344,0.802344,0.007502,0.049226,0.806951,0.008000,0.112924
7532,-0.000781,0.796289,0.796289,0.007593,0.020100,0.806951,0.008000,0.112924
7533,-0.002449,0.802734,0.802734,0.007464,0.027654,0.806951,0.008000,0.112924
7534,-0.000073,0.757812,0.757812,0.008182,0.006087,0.806951,0.008000,0.112924
7535,-0.000435,0.816406,0.816406,0.008193,0.022651,0.806951,0.008000,0.112924
7536,0.006089,0.824219,0.824219,0.007584,0.064253,0.806951,0.008000,0.112924
7537,0.001571,0.795898,0.795898,0.007459,0.029297,0.806951,0.008000,0.112924
7538,0.000388,0.799805,0.799805,0.007947,0.032499,0.806951,0.008000,0.112924
7539,-0.000095,0.781055,0.781055,0.007815,0.017643,0.806951,0.008000,0.112924
7540,0.000718,0.834961,0.834961,0.008019,0.021093,0.806951,0.008000,0.112924
7541,0.001796,0.783594,0.783594,0.007937,0.016153,0.806951,0.008000,0.112924
7542,0.008309,0.824219,0.824219,0.007764,0.065237,0.806951,0.008000,0.112924
7543,-0.003915,0.784961,0.784961,0.008128,0.034056,0.806951,0.008000,0.112924
7544,0.001864,0.808594,0.808594,0.008214,0.012574,0.806951,0.008000,0.112924
7545,0.001250,0.768555,0.768555,0.008034,0.011142,0.806951,0.008000,0.112924
7546,0.001446,0.799023,0.799023,0.007943,0.013418,0.806951,0.008000,0.112924
7547,0.001127,0.794922,0.794922,0.007772,0.025086,0.806951,0.008000,0.112924
7548,-0.011093,0.819336,0.819336,0.007859,0.029895,0.806951,0.008000,0.112924
7549,0.004027,0.787109,0.787109,0.007600,0.033808,0.806951,0.008000,0.112924
7550,0.002098,0.831055,0.831055,0.007687,0.035745,0.806951,0.008000,0.112924
7551,0.005561,0.762109,0.762109,0.007901,0.034523,0.806951,0.008000,0.112924
7552,0.003750,0.797852,0.797852,0.007892,0.041375,0.806951,0.008000,0.112924
7553,0.000403,0.787109,0.787109,0.007929,0.013434,0.806951,0.008000,0.112924
7554,-0.002080,0.811914,0.811914,0.007840,0.020611,0.806951,0.008000,0.112924
7555,0.009947,0.767578,0.767578,0.007865,0.023680,0.806951,0.008000,0.112924
7556,0.002811,0.811523,0.811523,0.007691,0.030502,0.806951,0.008000,0.112924
7557,0.003115,0.824219,0.824219,0.007436,0.037502,0.806951,0.008000,0.112924
7558,0.004436,0.813477,0.813477,0.007695,0.034031,0.806951,0.008000,0.112924
7559,0.001327,0.839844,0.839844,0.007614,0.017141,0.806951,0.008000,0.112924
7560,-0.000493,0.820312,0.820312,0.007511,0.005667,0.806951,0.008000,0.112924
7561,0.003296,0.791992,0.791992,0.007897,0.024555,0.806951,0.008000,0.112924
7562,0.000732,0.835938,0.835938,0.008000,0.025842,0.806951,0.008000,0.112924
7563,0.005886,0.776953,0.776953,0.008207,0.036612,0.806951,0.008000,0.112924
7564,-0.000062,0.768555,0.768555,0.007550,0.002401,0.806951,0.008000,0.112924
7565,0.004489,0.777344,0.777344,0.008107,0.029254,0.806951,0.008000,0.112924
7566,0.006559,0.814453,0.814453,0.008117,0.042127,0.806951,0.008000,0.112924
7567,-0.000428,0.801758,0.801758,0.008083,0.021334,0.806951,0.008000,0.112924
7568,-0.007049,0.793945,0.793945,0.008571,0.018661,0.806951,0.008000,0.112924
7569,0.002993,0.847070,0.847070,0.007921,0.030209,0.806951,0.008000,0.112924
7570,-0.017135,0.793945,0.793945,0.008035,0.012810,0.806951,0.008000,0.112924
7571,0.005578,0.819336,0.819336,0.007880,0.038927,0.806951,0.008000,0.112924
7572,0.002001,0.768555,0.768555,0.008179,0.018493,0.806951,0.008000,0.112924
7573,0.001902,0.805078,0.805078,0.008054,0.012063,0.806951,0.008000,0.112924
7574,0.004919,0.773047,0.773047,0.007946,0.035508,0.806951,0.008000,0.112924
7575,0.000724,0.799805,0.799805,0.008144,0.026202,0.806951,0.008000,0.112924
7576,0.003143,0.820312,0.820312,0.007921,0.035682,0.806951,0.008000,0.112924
7577,0.001483,0.802734,0.802734,0.007588,0.021358,0.806951,0.008000,0.112924
7578,-0.010111,0.799805,0.799805,0.007609,0.020170,0.806951,0.008000,0.112924
7579,-0.018167,0.838867,0.838867,0.008056,0.009715,0.806951,0.008000,0.112924
7580,0.000243,0.785156,0.785156,0.008115,0.032320,0.806951,0.008000,0.112924
7581,0.002286,0.797852,0.797852,0.008055,0.030415,0.806951,0.008000,0.112924
7582,0.009824,0.800781,0.800781,0.007739,0.034835,0.806951,0.008000,0.112924
7583,0.005738,0.806641,0.806641,0.007541,0.065747,0.806951,0.008000,0.112924
7584,0.002628,0.763672,0.763672,0.008008,0.022140,0.806951,0.008000,0.112924
7585,0.008225,0.791016,0.791016,0.007905,0.044750,0.806951,0.008000,0.112924
7586,0.000564,0.808594,0.808594,0.008003,0.043418,0.806951,0.008000,0.112924
7587,-0.000572,0.802734,0.802734,0.007945,0.038958,0.806951,0.008000,0.112924
7588,0.010226,0.830664,0.830664,0.007817,0.042109,0.806951,0.008000,0.112924
7589,0.001936,0.780273,0.780273,0.007725,0.023282,0.806951,0.008000,0.112924
7590,0.002268,0.830078,0.830078,0.008202,0.035080,0.806951,0.008000,0.112924
7591,0.001911,0.801758,0.801758,0.008337,0.013028,0.806951,0.008000,0.112924
7592,0.002418,0.851562,0.851562,0.007831,0.024233,0.806951,0.008000,0.112924
7593,-0.000800,0.846680,0.846680,0.007855,0.048372,0.806951,0.008000,0.112924
7594,0.001709,0.838867,0.838867,0.007799,0.012017,0.806951,0.008000,0.112924
7595,0.001645,0.775781,0.775781,0.007890,0.017944,0.806951,0.008000,0.112924
7596,0.005032,0.764648,0.764648,0.007987,0.040513,0.806951,0.008000,0.112924
7597,0.002762,0.837891,0.837891,0.007956,0.030323,0.806951,0.008000,0.112924
7598,0.005262,0.807617,0.807617,0.007849,0.029986,0.806951,0.008000,0.112924
7599,0.000429,0.830078,0.830078,0.007846,0.048749,0.806951,0.008000,0.112924
7600,0.002421,0.808398,0.808398,0.008016,0.027037,0.806951,0.008000,0.112924
7601,0.004587,0.819336,0.819336,0.008176,0.044172,0.806951,0.008000,0.112924
7602,0.001872,0.799805,0.799805,0.008237,0.015800,0.806951,0.008000,0.112924
7603,0.002189,0.776367,0.776367,0.008056,0.015366,0.806951,0.008000,0.112924
7604,0.001307,0.776367,0.776367,0.008383,0.034437,0.806951,0.008000,0.112924
7605,0.001719,0.793945,0.793945,0.007953,0.043195,0.806951,0.008000,0.112924
7606,0.002622,0.819336,0.819336,0.007617,0.036734,0.806951,0.008000,0.112924
7607,0.000590,0.829102,0.829102,0.008134,0.023447,0.806951,0.008000,0.112924
7608,-0.012084,0.788086,0.788086,0.007897,0.057207,0.806951,0.008000,0.112924
7609,-0.000225,0.835938,0.835938,0.007889,0.009120,0.806951,0.008000,0.112924
7610,0.005333,0.833984,0.833984,0.008083,0.058683,0.806951,0.008000,0.112924
7611,0.001166,0.809570,0.809570,0.008081,0.026107,0.806951,0.008000,0.112924
7612,0.004673,0.794922,0.794922,0.008083,0.032309,0.806951,0.008000,0.112924
7613,0.002358,0.756836,0.756836,0.008139,0.019589,0.806951,0.008000,0.112924
7614,0.001942,0.816406,0.816406,0.007696,0.024328,0.806951,0.008000,0.112924
7615,0.003260,0.803711,0.803711,0.007529,0.028091,0.806951,0.008000,0.112924
7616,0.003318,0.808594,0.808594,0.007808,0.019886,0.806951,0.008000,0.112924
7617,0.004272,0.850586,0.850586,0.007736,0.044805,0.806951,0.008000,0.112924
7618,0.007391,0.787109,0.787109,0.007684,0.030044,0.806951,0.008000,0.112924
7619,0.006331,0.797852,0.797852,0.007943,0.053860,0.806951,0.008000,0.112924
7620,-0.000909,0.811523,0.811523,0.007788,0.017599,0.806951,0.008000,0.112924
7621,0.001939,0.802734,0.802734,0.008178,0.021500,0.806951,0.008000,0.112924
7622,0.007193,0.804688,0.804688,0.007636,0.032870,0.806951,0.008000,0.112924
7623,0.002852,0.780273,0.780273,0.007823,0.043922,0.806951,0.008000,0.112924
7624,0.001148,0.799805,0.799805,0.007438,0.027378,0.806951,0.008000,0.112924
7625,0.006500,0.814453,0.814453,0.007541,0.009057,0.806951,0.008000,0.112924
7626,0.004561,0.811523,0.811523,0.008120,0.030077,0.806951,0.008000,0.112924
7627,0.001371,0.811523,0.811523,0.007829,0.030359,0.806951,0.008000,0.112924
7628,-0.027795,0.810547,0.810547,0.007536,0.003742,0.806951,0.008000,0.112924
7629,0.000949,0.837891,0.837891,0.008029,0.024087,0.806951,0.008000,0.112924
7630,0.000437,0.798828,0.798828,0.008272,0.028175,0.806951,0.008000,0.112924
7631,-0.000683,0.821289,0.821289,0.007660,0.007915,0.806951,0.008000,0.112924
7632,-0.003219,0.793945,0.793945,0.007801,0.024618,0.806951,0.008000,0.112924
7633,-0.000977,0.820312,0.820312,0.007843,0.019830,0.806951,0.008000,0.112924
7634,0.002818,0.826172,0.826172,0.007754,0.022675,0.806951,0.008000,0.112924
7635,-0.003937,0.807617,0.807617,0.008236,0.033774,0.806951,0.008000,0.112924
7636,-0.005238,0.798828,0.798828,0.008031,0.026771,0.806951,0.008000,0.112924
7637,0.007380,0.778320,0.778320,0.007611,0.029693,0.806951,0.008000,0.112924
7638,0.006463,0.777344,0.777344,0.007848,0.034605,0.806951,0.008000,0.112924
7639,0.004847,0.755273,0.755273,0.007977,0.030139,0.806951,0.008000,0.112924
7640,-0.000037,0.806641,0.806641,0.007943,0.015745,0.806951,0.008000,0.112924
7641,0.004540,0.819336,0.819336,0.008230,0.022582,0.806951,0.008000,0.112924
7642,0.006482,0.766602,0.766602,0.007527,0.037820,0.806951,0.008000,0.112924
7643,0.001457,0.797070,0.797070,0.008092,0.022085,0.806951,0.008000,0.112924
7644,0.001256,0.820312,0.820312,0.007908,0.049704,0.806951,0.008000,0.112924
7645,0.005485,0.808594,0.808594,0.007772,0.043440,0.806951,0.008000,0.112924
7646,0.000483,0.833008,0.833008,0.007751,0.058203,0.806951,0.008000,0.112924
7647,0.000854,0.833203,0.833203,0.007857,0.031921,0.806951,0.008000,0.112924
7648,0.005437,0.810547,0.810547,0.007575,0.038868,0.806951,0.008000,0.112924
7649,0.003936,0.792969,0.792969,0.008013,0.027612,0.806951,0.008000,0.112924
7650,0.001155,0.829102,0.829102,0.008144,0.026951,0.806951,0.008000,0.112924
7651,0.000900,0.825195,0.825195,0.008042,0.020111,0.806951,0.008000,0.112924
7652,-0.002511,0.786523,0.786523,0.008032,0.022435,0.806951,0.008000,0.112924
7653,0.001860,0.800781,0.800781,0.007879,0.036261,0.806951,0.008000,0.112924
7654,0.007627,0.813477,0.813477,0.007893,0.044214,0.806951,0.008000,0.112924
7655,0.008026,0.821289,0.821289,0.007808,0.047700,0.806951,0.008000,0.112924
7656,0.004023,0.802734,0.802734,0.008017,0.030202,0.806951,0.008000,0.112924
7657,0.003553,0.796484,0.796484,0.007745,0.034948,0.806951,0.008000,0.112924
7658,0.003978,0.821289,0.821289,0.008293,0.032198,0.806951,0.008000,0.112924
7659,0.006469,0.812500,0.812500,0.007626,0.039072,0.806951,0.008000,0.112924
7660,0.000689,0.829102,0.829102,0.007647,0.021110,0.806951,0.008000,0.112924
7661,0.010770,0.813477,0.813477,0.007752,0.057612,0.806951,0.008000,0.112924
7662,0.001549,0.835938,0.835938,0.007478,0.036100,0.806951,0.008000,0.112924
7663,0.005715,0.791406,0.791406,0.008266,0.013223,0.806951,0.008000,0.112924
7664,-0.000346,0.824219,0.824219,0.007672,0.060556,0.806951,0.008000,0.112924
7665,0.002691,0.800781,0.800781,0.008005,0.040243,0.806951,0.008000,0.112924
7666,0.003200,0.816406,0.816406,0.008111,0.026429,0.806951,0.008000,0.112924
7667,0.003435,0.827148,0.827148,0.007948,0.013948,0.806951,0.008000,0.112924
7668,0.001630,0.820312,0.820312,0.007906,0.024059,0.806951,0.008000,0.112924
7669,0.005578,0.800781,0.800781,0.007949,0.035513,0.806951,0.008000,0.112924
7670,-0.013585,0.783203,0.783203,0.008232,0.023677,0.806951,0.008000,0.112924
7671,0.004101,0.819336,0.819336,0.007928,0.035420,0.806951,0.008000,0.112924
7672,-0.000620,0.836914,0.836914,0.007987,0.014576,0.806951,0.008000,0.112924
7673,-0.033093,0.796289,0.796289,0.007603,0.034211,0.806951,0.008000,0.112924
7674,0.001935,0.820312,0.820312,0.007903,0.033831,0.806951,0.008000,0.112924
7675,-0.002633,0.794922,0.794922,0.007962,0.012738,0.806951,0.008000,0.112924
7676,-0.000118,0.803711,0.803711,0.008053,0.008605,0.806951,0.008000,0.112924
7677,0.002158,0.779297,0.779297,0.007882,0.015587,0.806951,0.008000,0.112924
7678,0.003634,0.799805,0.799805,0.007868,0.030786,0.806951,0.008000,0.112924
7679,0.000330,0.836523,0.836523,0.007927,0.019371,0.806951,0.008000,0.112924
7680,0.007629,0.802734,0.802734,0.007747,0.040064,0.806951,0.008000,0.112924
7681,-0.000785,0.797852,0.797852,0.007810,0.032720,0.806951,0.008000,0.112924
7682,0.000862,0.818359,0.818359,0.007690,0.027164,0.806951,0.008000,0.112924
7683,0.001604,0.807031,0.807031,0.007703,0.021337,0.806951,0.008000,0.112924
7684,0.004627,0.806641,0.806641,0.008041,0.040905,0.806951,0.008000,0.112924
7685,0.004187,0.831445,0.831445,0.007684,0.042183,0.806951,0.008000,0.112924
7686,-0.005343,0.819336,0.819336,0.008077,0.035220,0.806951,0.008000,0.112924
7687,0.005868,0.782227,0.782227,0.007723,0.048135,0.806951,0.008000,0.112924
7688,0.005743,0.763672,0.763672,0.007648,0.035670,0.806951,0.008000,0.112924
7689,0.001137,0.840820,0.840820,0.007666,0.028484,0.806951,0.008000,0.112924
7690,-0.001142,0.798828,0.798828,0.007833,0.029269,0.806951,0.008000,0.112924
7691,-0.003473,0.806641,0.806641,0.007953,0.035055,0.806951,0.008000,0.112924
7692,0.005497,0.779688,0.779688,0.007728,0.050649,0.806951,0.008000,0.112924
7693,0.002674,0.761328,0.761328,0.007675,0.039601,0.806951,0.008000,0.112924
7694,-0.008689,0.776758,0.776758,0.007978,0.028743,0.806951,0.008000,0.112924
7695,0.004823,0.842383,0.842383,0.007863,0.070502,0.806951,0.008000,0.112924
7696,0.001990,0.806641,0.806641,0.007724,0.043588,0.806951,0.008000,0.112924
7697,0.004124,0.790039,0.790039,0.008190,0.029011,0.806951,0.008000,0.112924
7698,0.004473,0.805664,0.805664,0.007550,0.056725,0.806951,0.008000,0.112924
7699,0.010421,0.816406,0.816406,0.008133,0.025903,0.806951,0.008000,0.112924
7700,0.003330,0.810547,0.810547,0.007615,0.029143,0.806951,0.008000,0.112924
7701,0.002549,0.810547,0.810547,0.007876,0.041722,0.806951,0.008000,0.112924
7702,0.002125,0.794922,0.794922,0.008001,0.025849,0.806951,0.008000,0.112924
7703,0.000059,0.812500,0.812500,0.007694,0.005683,0.806951,0.008000,0.112924
7704,0.001536,0.808594,0.808594,0.007810,0.045329,0.806951,0.008000,0.112924
7705,0.000271,0.804688,0.804688,0.007871,0.040450,0.806951,0.008000,0.112924
7706,0.001303,0.823242,0.823242,0.007798,0.017501,0.806951,0.008000,0.112924
7707,0.007083,0.794336,0.794336,0.007956,0.025352,0.806951,0.008000,0.112924
7708,0.003593,0.793945,0.793945,0.007820,0.034382,0.806951,0.008000,0.112924
7709,-0.001343,0.791016,0.791016,0.007865,0.034522,0.806951,0.008000,0.112924
7710,-0.009007,0.829102,0.829102,0.007948,0.037363,0.806951,0.008000,0.112924
7711,-0.019054,0.817383,0.817383,0.007900,0.058200,0.806951,0.008000,0.112924
7712,0.008355,0.835938,0.835938,0.007597,0.057535,0.806951,0.008000,0.112924
7713,0.007096,0.800781,0.800781,0.007432,0.024328,0.806951,0.008000,0.112924
7714,0.005321,0.847656,0.847656,0.007932,0.048285,0.806951,0.008000,0.112924
7715,0.008140,0.783203,0.783203,0.007763,0.027302,0.806951,0.008000,0.112924
7716,0.004080,0.810547,0.810547,0.007591,0.037507,0.806951,0.008000,0.112924
7717,0.004438,0.801758,0.801758,0.007715,0.032227,0.806951,0.008000,0.112924
7718,-0.000017,0.812500,0.812500,0.007754,0.023522,0.806951,0.008000,0.112924
7719,0.007000,0.817383,0.817383,0.007876,0.018259,0.806951,0.008000,0.112924
7720,-0.005574,0.802734,0.802734,0.007934,0.032946,0.806951,0.008000,0.112924
7721,0.003599,0.805664,0.805664,0.007599,0.028349,0.806951,0.008000,0.112924
7722,0.005930,0.831641,0.831641,0.007998,0.058011,0.806951,0.008000,0.112924
7723,-0.003765,0.858398,0.858398,0.008129,0.043081,0.806951,0.008000,0.112924
7724,0.003256,0.801758,0.801758,0.007912,0.059486,0.806951,0.008000,0.112924
7725,0.001485,0.781250,0.781250,0.007880,0.021446,0.806951,0.008000,0.112924
7726,0.002157,0.783203,0.783203,0.008350,0.019604,0.806951,0.008000,0.112924
7727,0.001344,0.836914,0.836914,0.007715,0.018647,0.806951,0.008000,0.112924
7728,0.004803,0.813477,0.813477,0.008122,0.042091,0.806951,0.008000,0.112924
7729,0.009484,0.795898,0.795898,0.007684,0.057499,0.806951,0.008000,0.112924
7730,0.005244,0.815430,0.815430,0.007943,0.022569,0.806951,0.008000,0.112924
7731,-0.003881,0.812500,0.812500,0.007805,0.022012,0.806951,0.008000,0.112924
7732,0.004196,0.756445,0.756445,0.007935,0.030389,0.806951,0.008000,0.112924
7733,-0.006575,0.819336,0.819336,0.007921,0.022781,0.806951,0.008000,0.112924
7734,-0.001638,0.821289,0.821289,0.007947,0.017930,0.806951,0.008000,0.112924
7735,0.000838,0.795898,0.795898,0.008235,0.025404,0.806951,0.008000,0.112924
7736,0.006854,0.794922,0.794922,0.008085,0.038533,0.806951,0.008000,0.112924
7737,0.001146,0.813477,0.813477,0.007807,0.028497,0.806951,0.008000,0.112924
7738,0.003948,0.823242,0.823242,0.008186,0.053149,0.806951,0.008000,0.112924
7739,0.001726,0.791992,0.791992,0.008212,0.019831,0.806951,0.008000,0.112924
7740,0.001567,0.845703,0.845703,0.008129,0.033979,0.806951,0.008000,0.112924
7741,0.003832,0.820312,0.820312,0.007764,0.045779,0.806951,0.008000,0.112924
7742,0.003911,0.825195,0.825195,0.007517,0.027796,0.806951,0.008000,0.112924
7743,0.004749,0.809570,0.809570,0.007645,0.023070,0.806951,0.008000,0.112924
7744,0.001710,0.859375,0.859375,0.007923,0.027956,0.806951,0.008000,0.112924
7745,0.005122,0.744141,0.744141,0.007840,0.058615,0.806951,0.008000,0.112924
7746,0.001821,0.785156,0.785156,0.008050,0.022730,0.806951,0.008000,0.112924
7747,-0.003705,0.804688,0.804688,0.008062,0.050040,0.806951,0.008000,0.112924
7748,0.005218,0.813477,0.813477,0.007921,0.031962,0.806951,0.008000,0.112924
7749,0.001184,0.812891,0.812891,0.007810,0.028637,0.806951,0.008000,0.112924
7750,0.005401,0.813086,0.813086,0.008033,0.034988,0.806951,0.008000,0.112924
7751,-0.029485,0.807617,0.807617,0.008268,0.028284,0.806951,0.008000,0.112924
7752,0.004060,0.828125,0.828125,0.008134,0.041928,0.806951,0.008000,0.112924
7753,0.002186,0.856445,0.856445,0.007665,0.040836,0.806951,0.008000,0.112924
7754,-0.001375,0.813281,0.813281,0.008118,0.048442,0.806951,0.008000,0.112924
7755,0.005935,0.812500,0.812500,0.007400,0.038868,0.806951,0.008000,0.112924
7756,-0.000564,0.797852,0.797852,0.007704,0.034525,0.806951,0.008000,0.112924
7757,0.006217,0.821289,0.821289,0.008264,0.047687,0.806951,0.008000,0.112924
7758,0.016684,0.786133,0.786133,0.008073,0.040476,0.806951,0.008000,0.112924
7759,0.004217,0.794336,0.794336,0.008145,0.033942,0.806951,0.008000,0.112924
7760,0.001937,0.811523,0.811523,0.007668,0.020606,0.806951,0.008000,0.112924
7761,-0.015133,0.808594,0.808594,0.008441,0.055092,0.806951,0.008000,0.112924
7762,0.009480,0.822656,0.822656,0.008002,0.041464,0.806951,0.008000,0.112924
7763,0.005298,0.824219,0.824219,0.008213,0.057634,0.806951,0.008000,0.112924
7764,-0.017160,0.853516,0.853516,0.007987,0.018550,0.806951,0.008000,0.112924
7765,0.000833,0.803711,0.803711,0.008074,0.022207,0.806951,0.008000,0.112924
7766,-0.001284,0.799805,0.799805,0.007947,0.019495,0.806951,0.008000,0.112924
7767,0.011209,0.803711,0.803711,0.007704,0.028392,0.806951,0.008000,0.112924
7768,-0.003719,0.777344,0.777344,0.007902,0.027663,0.806951,0.008000,0.112924
7769,0.003338,0.806641,0.806641,0.008615,0.038414,0.806951,0.008000,0.112924
7770,0.003240,0.824219,0.824219,0.008238,0.029687,0.806951,0.008000,0.112924
7771,0.010188,0.842773,0.842773,0.007562,0.065244,0.806951,0.008000,0.112924
7772,0.009415,0.785156,0.785156,0.007625,0.033508,0.806951,0.008000,0.112924
7773,-0.003425,0.797852,0.797852,0.008398,0.047879,0.806951,0.008000,0.112924
7774,0.003336,0.800781,0.800781,0.008113,0.027547,0.806951,0.008000,0.112924
7775,0.001928,0.767969,0.767969,0.007924,0.037663,0.806951,0.008000,0.112924
7776,0.004522,0.848633,0.848633,0.007758,0.067361,0.806951,0.008000,0.112924
7777,0.002401,0.783203,0.783203,0.007661,0.025328,0.806951,0.008000,0.112924
7778,0.003883,0.826172,0.826172,0.008098,0.038258,0.806951,0.008000,0.112924
7779,0.003900,0.791602,0.791602,0.007970,0.026147,0.806951,0.008000,0.112924
7780,0.013030,0.767969,0.767969,0.007434,0.064256,0.806951,0.008000,0.112924
7781,0.001300,0.814453,0.814453,0.007782,0.023493,0.806951,0.008000,0.112924
7782,0.010733,0.839844,0.839844,0.007945,0.032658,0.806951,0.008000,0.112924
7783,-0.030235,0.790039,0.790039,0.008102,0.033386,0.806951,0.008000,0.112924
7784,0.005379,0.777344,0.777344,0.008198,0.041005,0.806951,0.008000,0.112924
7785,0.002282,0.773438,0.773438,0.007833,0.019581,0.806951,0.008000,0.112924
7786,0.008153,0.838867,0.838867,0.007453,0.020904,0.806951,0.008000,0.112924
7787,-0.000456,0.801758,0.801758,0.007811,0.012722,0.806951,0.008000,0.112924
7788,-0.001097,0.794922,0.794922,0.007687,0.027137,0.806951,0.008000,0.112924
7789,0.002792,0.812500,0.812500,0.008399,0.038798,0.806951,0.008000,0.112924
7790,-0.023125,0.756836,0.756836,0.007543,0.038001,0.806951,0.008000,0.112924
7791,-0.006243,0.762695,0.762695,0.007615,0.031095,0.806951,0.008000,0.112924
7792,0.000880,0.821289,0.821289,0.007889,0.015106,0.806951,0.008000,0.112924
7793,0.002189,0.806250,0.806250,0.008317,0.033654,0.806951,0.008000,0.112924
7794,-0.003053,0.804297,0.804297,0.007959,0.046126,0.806951,0.008000,0.112924
7795,0.000694,0.791992,0.791992,0.008109,0.045247,0.806951,0.008000,0.112924
7796,0.005146,0.767578,0.767578,0.007941,0.038092,0.806951,0.008000,0.112924
7797,0.001159,0.775391,0.775391,0.007471,0.023001,0.806951,0.008000,0.112924
7798,0.001626,0.778320,0.778320,0.007880,0.029073,0.806951,0.008000,0.112924
7799,0.003218,0.809570,0.809570,0.007730,0.029158,0.806951,0.008000,0.112924
7800,0.000676,0.809570,0.809570,0.007842,0.026775,0.806951,0.008000,0.112924
7801,0.000102,0.819336,0.819336,0.007637,0.026111,0.806951,0.008000,0.112924
7802,-0.014679,0.792969,0.792969,0.007693,0.018372,0.806951,0.008000,0.112924
7803,0.000863,0.842969,0.842969,0.007606,0.037533,0.806951,0.008000,0.112924
7804,0.004811,0.845703,0.845703,0.008231,0.010107,0.806951,0.008000,0.112924
7805,0.001124,0.796875,0.796875,0.007515,0.033194,0.806951,0.008000,0.112924
7806,-0.032576,0.791992,0.791992,0.008033,0.016092,0.806951,0.008000,0.112924
7807,0.003259,0.810547,0.810547,0.007937,0.024669,0.806951,0.008000,0.112924
7808,0.001826,0.782227,0.782227,0.007699,0.021008,0.806951,0.008000,0.112924
7809,0.000900,0.820312,0.820312,0.007874,0.020120,0.806951,0.008000,0.112924
7810,0.001533,0.811523,0.811523,0.007585,0.020471,0.806951,0.008000,0.112924
7811,0.001498,0.817383,0.817383,0.008411,0.018769,0.806951,0.008000,0.112924
7812,-0.012975,0.782227,0.782227,0.007894,0.023862,0.806951,0.008000,0.112924
7813,-0.000234,0.786133,0.786133,0.007850,0.009361,0.806951,0.008000,0.112924
7814,0.001926,0.817383,0.817383,0.008838,0.031660,0.806951,0.008000,0.112924
7815,0.003375,0.805664,0.805664,0.008110,0.024596,0.806951,0.008000,0.112924
7816,0.003905,0.810547,0.810547,0.007592,0.035467,0.806951,0.008000,0.112924
7817,-0.000885,0.813477,0.813477,0.007492,0.033519,0.806951,0.008000,0.112924
7818,-0.000181,0.803711,0.803711,0.007960,0.044568,0.806951,0.008000,0.112924
7819,-0.009012,0.811523,0.811523,0.007714,0.037495,0.806951,0.008000,0.112924
7820,0.000831,0.820312,0.820312,0.008104,0.012291,0.806951,0.008000,0.112924
7821,-0.003077,0.852539,0.852539,0.008044,0.029614,0.806951,0.008000,0.112924
7822,0.003290,0.810547,0.810547,0.007667,0.023675,0.806951,0.008000,0.112924
7823,-0.019497,0.807617,0.807617,0.008019,0.038893,0.806951,0.008000,0.112924
7824,-0.001895,0.796875,0.796875,0.007942,0.036035,0.806951,0.008000,0.112924
7825,-0.005647,0.804688,0.804688,0.008008,0.033614,0.806951,0.008000,0.112924
7826,0.001586,0.825195,0.825195,0.007521,0.014623,0.806951,0.008000,0.112924
7827,0.001687,0.805664,0.805664,0.008310,0.020404,0.806951,0.008000,0.112924
7828,0.001429,0.834961,0.834961,0.007974,0.033929,0.806951,0.008000,0.112924
7829,0.003724,0.811719,0.811719,0.008322,0.019270,0.806951,0.008000,0.112924
7830,0.001670,0.802734,0.802734,0.007985,0.025412,0.806951,0.008000,0.112924
7831,0.003142,0.816406,0.816406,0.008325,0.024626,0.806951,0.008000,0.112924
7832,0.002806,0.806641,0.806641,0.008107,0.043388,0.806951,0.008000,0.112924
7833,-0.001990,0.839844,0.839844,0.008173,0.008899,0.806951,0.008000,0.112924
7834,0.004378,0.829102,0.829102,0.008078,0.035198,0.806951,0.008000,0.112924
7835,0.001915,0.819336,0.819336,0.008118,0.016989,0.806951,0.008000,0.112924
7836,-0.001266,0.855469,0.855469,0.007639,0.033524,0.806951,0.008000,0.112924
7837,0.002169,0.793945,0.793945,0.007831,0.041111,0.806951,0.008000,0.112924
7838,0.004168,0.792969,0.792969,0.007523,0.023806,0.806951,0.008000,0.112924
7839,-0.006249,0.785156,0.785156,0.008021,0.023547,0.806951,0.008000,0.112924
7840,0.001587,0.813477,0.813477,0.007908,0.015421,0.806951,0.008000,0.112924
7841,0.000832,0.779297,0.779297,0.007677,0.012709,0.806951,0.008000,0.112924
7842,0.006921,0.795898,0.795898,0.008079,0.041782,0.806951,0.008000,0.112924
7843,-0.012185,0.837891,0.837891,0.008019,0.027311,0.806951,0.008000,0.112924
7844,-0.008927,0.834961,0.834961,0.007708,0.012794,0.806951,0.008000,0.112924
7845,0.003917,0.796875,0.796875,0.008095,0.034232,0.806951,0.008000,0.112924
7846,0.002815,0.797852,0.797852,0.007599,0.039649,0.806951,0.008000,0.112924
7847,0.003696,0.792969,0.792969,0.007817,0.026818,0.806951,0.008000,0.112924
7848,0.005153,0.797852,0.797852,0.008028,0.040958,0.806951,0.008000,0.112924
7849,-0.003296,0.787500,0.787500,0.007616,0.043806,0.806951,0.008000,0.112924
7850,0.001243,0.801562,0.801562,0.007635,0.024516,0.806951,0.008000,0.112924
7851,0.001405,0.811523,0.811523,0.007655,0.017277,0.806951,0.008000,0.112924
7852,0.001884,0.823242,0.823242,0.007834,0.054689,0.806951,0.008000,0.112924
7853,0.005860,0.819336,0.819336,0.008103,0.047751,0.806951,0.008000,0.112924
7854,0.003426,0.816406,0.816406,0.007964,0.033302,0.806951,0.008000,0.112924
7855,0.005639,0.802734,0.802734,0.007924,0.038980,0.806951,0.008000,0.112924
7856,0.001494,0.805664,0.805664,0.008270,0.020639,0.806951,0.008000,0.112924
7857,0.007775,0.763672,0.763672,0.007542,0.037704,0.806951,0.008000,0.112924
7858,0.002346,0.830078,0.830078,0.007728,0.024768,0.806951,0.008000,0.112924
7859,0.001831,0.827734,0.827734,0.007803,0.024914,0.806951,0.008000,0.112924
7860,0.005648,0.792969,0.792969,0.007898,0.049851,0.806951,0.008000,0.112924
7861,0.005401,0.818359,0.818359,0.007884,0.039248,0.806951,0.008000,0.112924
7862,0.000086,0.802734,0.802734,0.008060,0.034425,0.806951,0.008000,0.112924
7863,-0.000711,0.820312,0.820312,0.008453,0.017104,0.806951,0.008000,0.112924
7864,0.000406,0.780273,0.780273,0.007681,0.027356,0.806951,0.008000,0.112924
7865,0.001902,0.792969,0.792969,0.008031,0.024634,0.806951,0.008000,0.112924
7866,0.004377,0.819336,0.819336,0.007954,0.047574,0.806951,0.008000,0.112924
7867,0.003179,0.831055,0.831055,0.007607,0.020140,0.806951,0.008000,0.112924
7868,-0.002150,0.808398,0.808398,0.007824,0.061368,0.806951,0.008000,0.112924
7869,-0.000673,0.821289,0.821289,0.007796,0.028918,0.806951,0.008000,0.112924
7870,-0.016259,0.807617,0.807617,0.008270,0.035566,0.806951,0.008000,0.112924
7871,0.000785,0.834375,0.834375,0.007866,0.022187,0.806951,0.008000,0.112924
7872,0.006040,0.803711,0.803711,0.007647,0.055936,0.806951,0.008000,0.112924
7873,0.000836,0.826172,0.826172,0.008088,0.015090,0.806951,0.008000,0.112924
7874,0.004414,0.804688,0.804688,0.007910,0.024740,0.806951,0.008000,0.112924
7875,-0.000161,0.804688,0.804688,0.007597,0.035004,0.806951,0.008000,0.112924
7876,0.001815,0.799805,0.799805,0.008051,0.024378,0.806951,0.008000,0.112924
7877,-0.000225,0.778320,0.778320,0.008095,0.007125,0.806951,0.008000,0.112924
7878,0.001977,0.826172,0.826172,0.007825,0.023434,0.806951,0.008000,0.112924
7879,0.001552,0.805664,0.805664,0.007833,0.015125,0.806951,0.008000,0.112924
7880,0.002855,0.780273,0.780273,0.007712,0.028723,0.806951,0.008000,0.112924
7881,-0.003338,0.798828,0.798828,0.007993,0.028650,0.806951,0.008000,0.112924
7882,0.001746,0.814453,0.814453,0.007894,0.012089,0.806951,0.008000,0.112924
7883,-0.006845,0.786133,0.786133,0.007939,0.048327,0.806951,0.008000,0.112924
7884,0.003302,0.802344,0.802344,0.007924,0.036876,0.806951,0.008000,0.112924
7885,0.001321,0.818359,0.818359,0.007879,0.028514,0.806951,0.008000,0.112924
7886,0.003945,0.804688,0.804688,0.007758,0.024208,0.806951,0.008000,0.112924
7887,0.004129,0.819336,0.819336,0.007885,0.037262,0.806951,0.008000,0.112924
7888,0.002076,0.815430,0.815430,0.008017,0.028876,0.806951,0.008000,0.112924
7889,0.004879,0.754297,0.754297,0.007778,0.022022,0.806951,0.008000,0.112924
7890,0.005157,0.819336,0.819336,0.007854,0.037948,0.806951,0.008000,0.112924
7891,0.001908,0.787305,0.787305,0.008153,0.023897,0.806951,0.008000,0.112924
7892,0.002863,0.787109,0.787109,0.008452,0.040195,0.806951,0.008000,0.112924
7893,-0.022893,0.807031,0.807031,0.007923,0.013305,0.806951,0.008000,0.112924
7894,-0.000705,0.794922,0.794922,0.008231,0.019325,0.806951,0.008000,0.112924
7895,0.003073,0.818359,0.818359,0.008016,0.021339,0.806951,0.008000,0.112924
7896,0.004658,0.853516,0.853516,0.007946,0.026866,0.806951,0.008000,0.112924
7897,0.003783,0.817383,0.817383,0.007900,0.038575,0.806951,0.008000,0.112924
7898,0.004619,0.763672,0.763672,0.008035,0.034207,0.806951,0.008000,0.112924
7899,-0.003546,0.832031,0.832031,0.007900,0.031339,0.806951,0.008000,0.112924
7900,0.000932,0.803711,0.803711,0.007903,0.013772,0.806951,0.008000,0.112924
7901,-0.000626,0.828906,0.828906,0.008449,0.012031,0.806951,0.008000,0.112924
7902,0.003426,0.820312,0.820312,0.008121,0.019844,0.806951,0.008000,0.112924
7903,-0.007817,0.818359,0.818359,0.007815,0.031176,0.806951,0.008000,0.112924
7904,0.004805,0.804688,0.804688,0.007951,0.029463,0.806951,0.008000,0.112924
7905,0.001963,0.788086,0.788086,0.007769,0.015780,0.806951,0.008000,0.112924
7906,0.002611,0.797852,0.797852,0.007656,0.029564,0.806951,0.008000,0.112924
7907,-0.004344,0.803711,0.803711,0.008217,0.026994,0.806951,0.008000,0.112924
7908,-0.000704,0.824219,0.824219,0.008018,0.033592,0.806951,0.008000,0.112924
7909,0.002953,0.825195,0.825195,0.007879,0.032698,0.806951,0.008000,0.112924
7910,-0.022308,0.804688,0.804688,0.008052,0.032133,0.806951,0.008000,0.112924
7911,0.001656,0.842773,0.842773,0.007829,0.032184,0.806951,0.008000,0.112924
7912,0.002188,0.784180,0.784180,0.008113,0.025362,0.806951,0.008000,0.112924
7913,0.003744,0.854492,0.854492,0.007602,0.039577,0.806951,0.008000,0.112924
7914,-0.000159,0.800977,0.800977,0.008322,0.007898,0.806951,0.008000,0.112924
7915,-0.012448,0.821289,0.821289,0.008073,0.028923,0.806951,0.008000,0.112924
7916,-0.000014,0.782227,0.782227,0.008183,0.002365,0.806951,0.008000,0.112924
7917,0.002705,0.796875,0.796875,0.007848,0.036379,0.806951,0.008000,0.112924
7918,0.007371,0.804297,0.804297,0.008296,0.054419,0.806951,0.008000,0.112924
7919,0.003821,0.835352,0.835352,0.008109,0.033672,0.806951,0.008000,0.112924
7920,-0.000570,0.824219,0.824219,0.007996,0.010410,0.806951,0.008000,0.112924
7921,-0.001907,0.810547,0.810547,0.008048,0.015978,0.806951,0.008000,0.112924
7922,0.003319,0.829102,0.829102,0.007921,0.027544,0.806951,0.008000,0.112924
7923,0.002784,0.837891,0.837891,0.007326,0.024871,0.806951,0.008000,0.112924
7924,0.001463,0.829492,0.829492,0.008084,0.013817,0.806951,0.008000,0.112924
7925,-0.000045,0.801758,0.801758,0.007988,0.002739,0.806951,0.008000,0.112924
7926,0.003391,0.812500,0.812500,0.007744,0.036245,0.806951,0.008000,0.112924
7927,0.000342,0.810547,0.810547,0.007744,0.014504,0.806951,0.008000,0.112924
7928,-0.000763,0.816406,0.816406,0.007943,0.027145,0.806951,0.008000,0.112924
7929,-0.000502,0.820312,0.820312,0.007990,0.005659,0.806951,0.008000,0.112924
7930,0.009842,0.813477,0.813477,0.007728,0.051211,0.806951,0.008000,0.112924
7931,0.003365,0.795898,0.795898,0.008080,0.024141,0.806951,0.008000,0.112924
7932,0.003917,0.789062,0.789062,0.007702,0.038819,0.806951,0.008000,0.112924
7933,0.006563,0.816602,0.816602,0.007735,0.036429,0.806951,0.008000,0.112924
7934,0.006244,0.786133,0.786133,0.007768,0.052717,0.806951,0.008000,0.112924
7935,0.000621,0.821484,0.821484,0.007641,0.011515,0.806951,0.008000,0.112924
7936,0.001387,0.844727,0.844727,0.007465,0.058809,0.806951,0.008000,0.112924
7937,-0.002623,0.800781,0.800781,0.007769,0.014947,0.806951,0.008000,0.112924
7938,-0.005993,0.819336,0.819336,0.007824,0.015853,0.806951,0.008000,0.112924
7939,-0.000179,0.783203,0.783203,0.008236,0.006536,0.806951,0.008000,0.112924
7940,-0.007059,0.826172,0.826172,0.007883,0.015900,0.806951,0.008000,0.112924
7941,0.005867,0.825195,0.825195,0.007447,0.054759,0.806951,0.008000,0.112924
7942,-0.002126,0.855469,0.855469,0.007870,0.034575,0.806951,0.008000,0.112924
7943,0.005782,0.801758,0.801758,0.007823,0.028747,0.806951,0.008000,0.112924
7944,-0.000659,0.829102,0.829102,0.007948,0.055435,0.806951,0.008000,0.112924
7945,-0.000976,0.816406,0.816406,0.007663,0.003043,0.806951,0.008000,0.112924
7946,-0.000037,0.749023,0.749023,0.008075,0.019275,0.806951,0.008000,0.112924
7947,0.000397,0.799805,0.799805,0.008272,0.045115,0.806951,0.008000,0.112924
7948,0.004312,0.801367,0.801367,0.008193,0.040999,0.806951,0.008000,0.112924
7949,-0.023194,0.797852,0.797852,0.007976,0.027908,0.806951,0.008000,0.112924
7950,0.000233,0.816406,0.816406,0.007725,0.023721,0.806951,0.008000,0.112924
7951,0.000433,0.835938,0.835938,0.007911,0.016729,0.806951,0.008000,0.112924
7952,0.006566,0.768555,0.768555,0.007872,0.036661,0.806951,0.008000,0.112924
7953,0.001397,0.791992,0.791992,0.007640,0.022070,0.806951,0.008000,0.112924
7954,-0.001308,0.806641,0.806641,0.007858,0.012646,0.806951,0.008000,0.112924
7955,0.016062,0.769531,0.769531,0.007787,0.019441,0.806951,0.008000,0.112924
7956,-0.000430,0.845703,0.845703,0.007794,0.010904,0.806951,0.008000,0.112924
7957,-0.000583,0.799805,0.799805,0.007926,0.011038,0.806951,0.008000,0.112924
7958,0.001193,0.832031,0.832031,0.007547,0.014572,0.806951,0.008000,0.112924
7959,0.000885,0.787500,0.787500,0.007703,0.025381,0.806951,0.008000,0.112924
7960,-0.000021,0.818359,0.818359,0.007980,0.001978,0.806951,0.008000,0.112924
7961,0.000710,0.820312,0.820312,0.007886,0.010880,0.806951,0.008000,0.112924
7962,0.000812,0.837891,0.837891,0.007900,0.036118,0.806951,0.008000,0.112924
7963,0.002225,0.846094,0.846094,0.007748,0.017708,0.806951,0.008000,0.112924
7964,0.001740,0.772852,0.772852,0.007725,0.029308,0.806951,0.008000,0.112924
7965,-0.003406,0.810547,0.810547,0.008236,0.022164,0.806951,0.008000,0.112924
7966,0.003511,0.822266,0.822266,0.007564,0.030813,0.806951,0.008000,0.112924
7967,-0.000109,0.799805,0.799805,0.007786,0.006195,0.806951,0.008000,0.112924
7968,0.000539,0.825195,0.825195,0.007729,0.025475,0.806951,0.008000,0.112924
7969,0.002639,0.778516,0.778516,0.008163,0.056227,0.806951,0.008000,0.112924
7970,0.002900,0.801367,0.801367,0.007658,0.029861,0.806951,0.008000,0.112924
7971,0.004243,0.791992,0.791992,0.007991,0.021993,0.806951,0.008000,0.112924
7972,0.008406,0.751953,0.751953,0.007968,0.040786,0.806951,0.008000,0.112924
7973,0.007163,0.782617,0.782617,0.007676,0.069807,0.806951,0.008000,0.112924
7974,0.001674,0.856445,0.856445,0.007908,0.025506,0.806951,0.008000,0.112924
7975,0.003631,0.795898,0.795898,0.007849,0.030043,0.806951,0.008000,0.112924
7976,-0.001785,0.827148,0.827148,0.007473,0.021241,0.806951,0.008000,0.112924
7977,0.005497,0.796484,0.796484,0.007918,0.044026,0.806951,0.008000,0.112924
7978,0.001491,0.770508,0.770508,0.007846,0.030051,0.806951,0.008000,0.112924
7979,0.003422,0.822266,0.822266,0.007524,0.027602,0.806951,0.008000,0.112924
7980,0.000083,0.826172,0.826172,0.007630,0.010001,0.806951,0.008000,0.112924
7981,-0.000179,0.805664,0.805664,0.008725,0.007898,0.806951,0.008000,0.112924
7982,0.007189,0.806641,0.806641,0.007645,0.037045,0.806951,0.008000,0.112924
7983,0.004534,0.813477,0.813477,0.007878,0.033943,0.806951,0.008000,0.112924
7984,0.004304,0.821680,0.821680,0.007493,0.043019,0.806951,0.008000,0.112924
7985,0.001124,0.813477,0.813477,0.007681,0.024874,0.806951,0.008000,0.112924
7986,0.006689,0.806641,0.806641,0.007723,0.040197,0.806951,0.008000,0.112924
7987,0.004165,0.844727,0.844727,0.007844,0.033427,0.806951,0.008000,0.112924
7988,-0.015626,0.780273,0.780273,0.007832,0.020639,0.806951,0.008000,0.112924
7989,0.003840,0.825195,0.825195,0.007696,0.050413,0.806951,0.008000,0.112924
7990,-0.009679,0.797852,0.797852,0.007500,0.022019,0.806951,0.008000,0.112924
7991,-0.000640,0.808594,0.808594,0.007671,0.007507,0.806951,0.008000,0.112924
7992,0.001012,0.801758,0.801758,0.008277,0.025300,0.806951,0.008000,0.112924
7993,-0.000005,0.844727,0.844727,0.008107,0.003413,0.806951,0.008000,0.112924
7994,0.003255,0.803711,0.803711,0.008086,0.027276,0.806951,0.008000,0.112924
7995,-0.002843,0.756836,0.756836,0.007925,0.027635,0.806951,0.008000,0.112924
7996,-0.000150,0.834570,0.834570,0.008139,0.005848,0.806951,0.008000,0.112924
7997,0.003551,0.800781,0.800781,0.007636,0.029277,0.806951,0.008000,0.112924
7998,-0.000034,0.772461,0.772461,0.008146,0.002017,0.806951,0.008000,0.112924
7999,-0.033371,0.804688,0.804688,0.008374,0.029266,0.806951,0.008000,0.112924
8000,0.005682,0.792969,0.792969,0.008175,0.044038,0.806860,0.007996,0.115100
8001,0.002058,0.793945,0.793945,0.007703,0.014147,0.806860,0.007996,0.115100
8002,0.001455,0.791016,0.791016,0.007649,0.018401,0.806860,0.007996,0.115100
8003,0.003630,0.810547,0.810547,0.007625,0.025647,0.806860,0.007996,0.115100
8004,-0.001447,0.770898,0.770898,0.008001,0.043817,0.806860,0.007996,0.115100
8005,0.000597,0.801758,0.801758,0.008192,0.024077,0.806860,0.007996,0.115100
8006,0.006173,0.780859,0.780859,0.007993,0.035859,0.806860,0.007996,0.115100
8007,-0.000440,0.822266,0.822266,0.008115,0.009733,0.806860,0.007996,0.115100
8008,0.006184,0.803711,0.803711,0.007746,0.038357,0.806860,0.007996,0.115100
8009,0.002272,0.802734,0.802734,0.007789,0.019290,0.806860,0.007996,0.115100
8010,0.004451,0.785352,0.785352,0.008139,0.046333,0.806860,0.007996,0.115100
8011,0.001417,0.823242,0.823242,0.008386,0.014512,0.806860,0.007996,0.115100
8012,0.001680,0.796875,0.796875,0.007795,0.016988,0.806860,0.007996,0.115100
8013,0.003414,0.783203,0.783203,0.007731,0.058768,0.806860,0.007996,0.115100
8014,-0.000316,0.814648,0.814648,0.007773,0.017416,0.806860,0.007996,0.115100
8015,0.003783,0.769531,0.769531,0.007548,0.044793,0.806860,0.007996,0.115100
8016,-0.000025,0.794922,0.794922,0.007756,0.020564,0.806860,0.007996,0.115100
8017,0.003159,0.823242,0.823242,0.007774,0.035362,0.806860,0.007996,0.115100
8018,-0.002567,0.828125,0.828125,0.007859,0.035834,0.806860,0.007996,0.115100
8019,0.004883,0.817773,0.817773,0.007932,0.020694,0.806860,0.007996,0.115100
8020,0.003934,0.791602,0.791602,0.008312,0.028211,0.806860,0.007996,0.115100
8021,-0.000299,0.825195,0.825195,0.007576,0.013756,0.806860,0.007996,0.115100
8022,0.001429,0.833984,0.833984,0.007688,0.021902,0.806860,0.007996,0.115100
8023,0.003333,0.852148,0.852148,0.007818,0.040647,0.806860,0.007996,0.115100
8024,0.004199,0.847656,0.847656,0.007531,0.047964,0.806860,0.007996,0.115100
8025,0.010303,0.799805,0.799805,0.007811,0.062795,0.806860,0.007996,0.115100
8026,-0.000985,0.809570,0.809570,0.007816,0.019480,0.806860,0.007996,0.115100
8027,-0.012131,0.799805,0.799805,0.007711,0.009502,0.806860,0.007996,0.115100
8028,0.000031,0.795898,0.795898,0.007757,0.020361,0.806860,0.007996,0.115100
8029,0.000759,0.809961,0.809961,0.007971,0.021790,0.806860,0.007996,0.115100
8030,0.006116,0.814453,0.814453,0.007951,0.035367,0.806860,0.007996,0.115100
8031,0.001754,0.779297,0.779297,0.008041,0.014637,0.806860,0.007996,0.115100
8032,0.003648,0.811523,0.811523,0.007777,0.040403,0.806860,0.007996,0.115100
8033,-0.008238,0.838281,0.838281,0.007608,0.060688,0.806860,0.007996,0.115100
8034,0.003060,0.762695,0.762695,0.007539,0.020578,0.806860,0.007996,0.115100
8035,0.000855,0.812891,0.812891,0.008020,0.017612,0.806860,0.007996,0.115100
8036,0.004140,0.840820,0.840820,0.007667,0.034392,0.806860,0.007996,0.115100
8037,0.003634,0.848633,0.848633,0.008125,0.041022,0.806860,0.007996,0.115100
8038,0.005181,0.812500,0.812500,0.008216,0.031769,0.806860,0.007996,0.115100
8039,0.002163,0.833984,0.833984,0.008027,0.022904,0.806860,0.007996,0.115100
8040,-0.001605,0.806641,0.806641,0.007754,0.009290,0.806860,0.007996,0.115100
8041,0.002961,0.796875,0.796875,0.008084,0.020102,0.806860,0.007996,0.115100
8042,0.001507,0.827344,0.827344,0.008114,0.032015,0.806860,0.007996,0.115100
8043,-0.004150,0.791992,0.791992,0.007775,0.033063,0.806860,0.007996,0.115100
8044,-0.016786,0.824219,0.824219,0.008083,0.042032,0.806860,0.007996,0.115100
8045,-0.001343,0.823242,0.823242,0.007225,0.054329,0.806860,0.007996,0.115100
8046,0.001601,0.837500,0.837500,0.008246,0.015542,0.806860,0.007996,0.115100
8047,0.000804,0.807031,0.807031,0.007751,0.015616,0.806860,0.007996,0.115100
8048,0.001889,0.808594,0.808594,0.007938,0.014632,0.806860,0.007996,0.115100
8049,0.001200,0.788086,0.788086,0.007857,0.011067,0.806860,0.007996,0.115100
8050,0.006490,0.814453,0.814453,0.008035,0.036416,0.806860,0.007996,0.115100
8051,0.004486,0.819727,0.819727,0.008105,0.028619,0.806860,0.007996,0.115100
8052,0.003645,0.782227,0.782227,0.007833,0.026163,0.806860,0.007996,0.115100
8053,0.006541,0.802734,0.802734,0.007874,0.039657,0.806860,0.007996,0.115100
8054,-0.001221,0.813477,0.813477,0.007851,0.025589,0.806860,0.007996,0.115100
8055,-0.000205,0.787109,0.787109,0.008113,0.023015,0.806860,0.007996,0.115100
8056,0.007836,0.788086,0.788086,0.008289,0.021220,0.806860,0.007996,0.115100
8057,0.001472,0.806055,0.806055,0.007937,0.019082,0.806860,0.007996,0.115100
8058,0.003228,0.796875,0.796875,0.007977,0.031916,0.806860,0.007996,0.115100
8059,0.005931,0.795898,0.795898,0.008011,0.023411,0.806860,0.007996,0.115100
8060,0.000812,0.811523,0.811523,0.008556,0.014457,0.806860,0.007996,0.115100
8061,0.008308,0.790625,0.790625,0.007818,0.041083,0.806860,0.007996,0.115100
8062,-0.000316,0.798828,0.798828,0.007945,0.015028,0.806860,0.007996,0.115100
8063,0.003321,0.813477,0.813477,0.007782,0.025427,0.806860,0.007996,0.115100
8064,0.004316,0.817383,0.817383,0.007464,0.028789,0.806860,0.007996,0.115100
8065,0.004436,0.830078,0.830078,0.007748,0.034936,0.806860,0.007996,0.115100
8066,0.005187,0.781250,0.781250,0.007860,0.038111,0.806860,0.007996,0.115100
8067,0.000694,0.803711,0.803711,0.007733,0.033421,0.806860,0.007996,0.115100
8068,-0.000408,0.771484,0.771484,0.007810,0.015818,0.806860,0.007996,0.115100
8069,0.005399,0.833984,0.833984,0.007837,0.023862,0.806860,0.007996,0.115100
8070,-0.009014,0.795898,0.795898,0.007720,0.032565,0.806860,0.007996,0.115100
8071,-0.003245,0.816992,0.816992,0.007965,0.029517,0.806860,0.007996,0.115100
8072,0.001554,0.762695,0.762695,0.007745,0.022049,0.806860,0.007996,0.115100
8073,0.004605,0.789062,0.789062,0.008002,0.028709,0.806860,0.007996,0.115100
8074,0.005598,0.784180,0.784180,0.007814,0.035201,0.806860,0.007996,0.115100
8075,0.000945,0.796875,0.796875,0.007864,0.014227,0.806860,0.007996,0.115100
8076,0.004136,0.784180,0.784180,0.007897,0.020330,0.806860,0.007996,0.115100
8077,0.002687,0.809570,0.809570,0.008115,0.026429,0.806860,0.007996,0.115100
8078,-0.000085,0.828125,0.828125,0.007433,0.019827,0.806860,0.007996,0.115100
8079,0.000865,0.810547,0.810547,0.007781,0.015589,0.806860,0.007996,0.115100
8080,0.001015,0.809570,0.809570,0.007902,0.014686,0.806860,0.007996,0.115100
8081,0.001519,0.825195,0.825195,0.007785,0.024902,0.806860,0.007996,0.115100
8082,0.005555,0.801758,0.801758,0.007954,0.030749,0.806860,0.007996,0.115100
8083,-0.000023,0.809570,0.809570,0.008548,0.005440,0.806860,0.007996,0.115100
8084,0.001059,0.810547,0.810547,0.008197,0.012383,0.806860,0.007996,0.115100
8085,0.002101,0.758203,0.758203,0.007909,0.021656,0.806860,0.007996,0.115100
8086,-0.017353,0.802734,0.802734,0.007781,0.007739,0.806860,0.007996,0.115100
8087,0.001585,0.865234,0.865234,0.007880,0.031971,0.806860,0.007996,0.115100
8088,-0.004931,0.826953,0.826953,0.007888,0.023455,0.806860,0.007996,0.115100
8089,0.004102,0.798828,0.798828,0.007815,0.029540,0.806860,0.007996,0.115100
8090,0.006312,0.815430,0.815430,0.008183,0.038222,0.806860,0.007996,0.115100
8091,0.003267,0.820703,0.820703,0.007969,0.025832,0.806860,0.007996,0.115100
8092,0.002740,0.796875,0.796875,0.007789,0.033604,0.806860,0.007996,0.115100
8093,0.003496,0.809570,0.809570,0.007802,0.037361,0.806860,0.007996,0.115100
8094,0.004349,0.806445,0.806445,0.007708,0.015561,0.806860,0.007996,0.115100
8095,0.004205,0.787109,0.787109,0.007540,0.030815,0.806860,0.007996,0.115100
8096,0.009085,0.811523,0.811523,0.007989,0.025391,0.806860,0.007996,0.115100
8097,0.002849,0.814453,0.814453,0.008167,0.036970,0.806860,0.007996,0.115100
8098,0.001449,0.821289,0.821289,0.007735,0.031519,0.806860,0.007996,0.115100
8099,0.005116,0.788086,0.788086,0.007888,0.029916,0.806860,0.007996,0.115100
8100,0.003138,0.784180,0.784180,0.007628,0.028075,0.806860,0.007996,0.115100
8101,0.003236,0.804688,0.804688,0.007905,0.039323,0.806860,0.007996,0.115100
8102,0.003454,0.819336,0.819336,0.007572,0.040484,0.806860,0.007996,0.115100
8103,-0.011915,0.820703,0.820703,0.008462,0.023764,0.806860,0.007996,0.115100
8104,0.000033,0.827148,0.827148,0.008094,0.006589,0.806860,0.007996,0.115100
8105,0.001211,0.830078,0.830078,0.007686,0.020764,0.806860,0.007996,0.115100
8106,0.000791,0.807617,0.807617,0.008324,0.020812,0.806860,0.007996,0.115100
8107,0.002745,0.806641,0.806641,0.008431,0.024627,0.806860,0.007996,0.115100
8108,0.004074,0.824219,0.824219,0.007917,0.037301,0.806860,0.007996,0.115100
8109,0.001544,0.833008,0.833008,0.007834,0.012336,0.806860,0.007996,0.115100
8110,0.001723,0.777344,0.777344,0.007882,0.017671,0.806860,0.007996,0.115100
8111,0.007532,0.780273,0.780273,0.007618,0.027946,0.806860,0.007996,0.115100
8112,-0.001837,0.824219,0.824219,0.008101,0.026903,0.806860,0.007996,0.115100
8113,-0.000361,0.805664,0.805664,0.008326,0.010446,0.806860,0.007996,0.115100
8114,0.006084,0.781250,0.781250,0.008200,0.026937,0.806860,0.007996,0.115100
8115,-0.007509,0.783398,0.783398,0.007552,0.025608,0.806860,0.007996,0.115100
8116,0.000581,0.821289,0.821289,0.007984,0.022813,0.806860,0.007996,0.115100
8117,0.001817,0.796875,0.796875,0.007758,0.020944,0.806860,0.007996,0.115100
8118,0.003672,0.816406,0.816406,0.008115,0.032383,0.806860,0.007996,0.115100
8119,0.002212,0.800781,0.800781,0.008085,0.013690,0.806860,0.007996,0.115100
8120,0.006419,0.819336,0.819336,0.007940,0.037568,0.806860,0.007996,0.115100
8121,0.008248,0.723633,0.723633,0.007853,0.043677,0.806860,0.007996,0.115100
8122,0.002366,0.820312,0.820312,0.007675,0.022283,0.806860,0.007996,0.115100
8123,0.002936,0.814453,0.814453,0.008061,0.042089,0.806860,0.007996,0.115100
8124,0.000159,0.791992,0.791992,0.007796,0.014359,0.806860,0.007996,0.115100
8125,0.003060,0.815430,0.815430,0.008247,0.024829,0.806860,0.007996,0.115100
8126,0.002347,0.807617,0.807617,0.008112,0.024919,0.806860,0.007996,0.115100
8127,0.001229,0.792969,0.792969,0.007904,0.008479,0.806860,0.007996,0.115100
8128,-0.002737,0.833984,0.833984,0.008084,0.016276,0.806860,0.007996,0.115100
8129,0.001722,0.793945,0.793945,0.007686,0.020965,0.806860,0.007996,0.115100
8130,0.002441,0.791602,0.791602,0.007856,0.021555,0.806860,0.007996,0.115100
8131,0.003543,0.828125,0.828125,0.007610,0.036521,0.806860,0.007996,0.115100
8132,-0.000169,0.807617,0.807617,0.008161,0.018901,0.806860,0.007996,0.115100
8133,0.001523,0.809570,0.809570,0.008184,0.032833,0.806860,0.007996,0.115100
8134,-0.000264,0.829102,0.829102,0.007991,0.020182,0.806860,0.007996,0.115100
8135,0.007683,0.848633,0.848633,0.007842,0.050977,0.806860,0.007996,0.115100
8136,0.002957,0.830078,0.830078,0.008039,0.021930,0.806860,0.007996,0.115100
8137,0.001919,0.842773,0.842773,0.007745,0.054560,0.806860,0.007996,0.115100
8138,0.007335,0.798828,0.798828,0.008113,0.033197,0.806860,0.007996,0.115100
8139,-0.000618,0.804688,0.804688,0.007354,0.020550,0.806860,0.007996,0.115100
8140,0.000579,0.809570,0.809570,0.007691,0.025536,0.806860,0.007996,0.115100
8141,0.008874,0.818945,0.818945,0.008592,0.038615,0.806860,0.007996,0.115100
8142,0.005363,0.829102,0.829102,0.007968,0.011811,0.806860,0.007996,0.115100
8143,0.001457,0.795898,0.795898,0.007720,0.014532,0.806860,0.007996,0.115100
8144,-0.002736,0.811523,0.811523,0.007716,0.023138,0.806860,0.007996,0.115100
8145,0.003396,0.828125,0.828125,0.007546,0.034581,0.806860,0.007996,0.115100
8146,0.002592,0.822266,0.822266,0.007821,0.021777,0.806860,0.007996,0.115100
8147,0.000093,0.809570,0.809570,0.007679,0.006517,0.806860,0.007996,0.115100
8148,0.005249,0.798828,0.798828,0.008327,0.014976,0.806860,0.007996,0.115100
8149,0.001138,0.803711,0.803711,0.007970,0.040865,0.806860,0.007996,0.115100
8150,0.001516,0.809570,0.809570,0.008663,0.016485,0.806860,0.007996,0.115100
8151,0.001705,0.791797,0.791797,0.008279,0.022065,0.806860,0.007996,0.115100
8152,0.002491,0.798828,0.798828,0.007794,0.023031,0.806860,0.007996,0.115100
8153,0.000850,0.833008,0.833008,0.008587,0.022457,0.806860,0.007996,0.115100
8154,0.000416,0.799805,0.799805,0.007970,0.012009,0.806860,0.007996,0.115100
8155,0.001321,0.839844,0.839844,0.007627,0.035237,0.806860,0.007996,0.115100
8156,0.001828,0.811523,0.811523,0.007784,0.020869,0.806860,0.007996,0.115100
8157,-0.002281,0.835938,0.835938,0.007957,0.019577,0.806860,0.007996,0.115100
8158,0.002703,0.797852,0.797852,0.008453,0.025302,0.806860,0.007996,0.115100
8159,-0.000765,0.838867,0.838867,0.008049,0.054275,0.806860,0.007996,0.115100
8160,0.005297,0.803320,0.803320,0.007504,0.021862,0.806860,0.007996,0.115100
8161,0.002244,0.780273,0.780273,0.007875,0.011120,0.806860,0.007996,0.115100
8162,0.006979,0.837891,0.837891,0.008045,0.061047,0.806860,0.007996,0.115100
8163,-0.000109,0.818359,0.818359,0.008309,0.005687,0.806860,0.007996,0.115100
8164,-0.000384,0.795898,0.795898,0.007924,0.013284,0.806860,0.007996,0.115100
8165,-0.000105,0.783203,0.783203,0.007830,0.007641,0.806860,0.007996,0.115100
8166,-0.005046,0.816406,0.816406,0.007573,0.034355,0.806860,0.007996,0.115100
8167,0.000946,0.784180,0.784180,0.008067,0.034248,0.806860,0.007996,0.115100
8168,-0.001245,0.772461,0.772461,0.007727,0.051539,0.806860,0.007996,0.115100
8169,0.003010,0.838867,0.838867,0.007535,0.036027,0.806860,0.007996,0.115100
8170,0.005352,0.766992,0.766992,0.007892,0.018505,0.806860,0.007996,0.115100
8171,0.003861,0.818359,0.818359,0.007925,0.044247,0.806860,0.007996,0.115100
8172,-0.015597,0.800781,0.800781,0.008057,0.043690,0.806860,0.007996,0.115100
8173,0.000612,0.803711,0.803711,0.008085,0.027912,0.806860,0.007996,0.115100
8174,0.001964,0.804688,0.804688,0.007941,0.009420,0.806860,0.007996,0.115100
8175,0.002468,0.830078,0.830078,0.007899,0.028195,0.806860,0.007996,0.115100
8176,0.000598,0.811523,0.811523,0.008104,0.022833,0.806860,0.007996,0.115100
8177,0.002731,0.821680,0.821680,0.007936,0.019581,0.806860,0.007996,0.115100
8178,0.000974,0.800781,0.800781,0.007365,0.045949,0.806860,0.007996,0.115100
8179,-0.000578,0.791992,0.791992,0.007710,0.012316,0.806860,0.007996,0.115100
8180,-0.000494,0.814453,0.814453,0.008151,0.034012,0.806860,0.007996,0.115100
8181,0.011665,0.802734,0.802734,0.008000,0.071744,0.806860,0.007996,0.115100
8182,0.003447,0.809570,0.809570,0.008377,0.030956,0.806860,0.007996,0.115100
8183,0.003964,0.812500,0.812500,0.008214,0.044542,0.806860,0.007996,0.115100
8184,0.002397,0.814453,0.814453,0.007619,0.027189,0.806860,0.007996,0.115100
8185,0.004592,0.806641,0.806641,0.007987,0.033824,0.806860,0.007996,0.115100
8186,0.003724,0.817969,0.817969,0.007724,0.027576,0.806860,0.007996,0.115100
8187,0.003889,0.808789,0.808789,0.008089,0.033793,0.806860,0.007996,0.115100
8188,-0.001968,0.839844,0.839844,0.007719,0.033281,0.806860,0.007996,0.115100
8189,0.002830,0.811523,0.811523,0.007695,0.020680,0.806860,0.007996,0.115100
8190,0.008734,0.796875,0.796875,0.007881,0.045529,0.806860,0.007996,0.115100
8191,0.005175,0.782227,0.782227,0.008013,0.036811,0.806860,0.007996,0.115100
8192,0.002552,0.804688,0.804688,0.007530,0.023763,0.806860,0.007996,0.115100
8193,-0.000573,0.833984,0.833984,0.007778,0.032707,0.806860,0.007996,0.115100
8194,-0.001742,0.804883,0.804883,0.008323,0.030107,0.806860,0.007996,0.115100
8195,0.000455,0.818359,0.818359,0.008108,0.022879,0.806860,0.007996,0.115100
8196,-0.000408,0.787109,0.787109,0.008061,0.012539,0.806860,0.007996,0.115100
8197,0.001805,0.796875,0.796875,0.007693,0.028471,0.806860,0.007996,0.115100
8198,-0.012976,0.809570,0.809570,0.007988,0.020748,0.806860,0.007996,0.115100
8199,0.002669,0.804688,0.804688,0.007755,0.010713,0.806860,0.007996,0.115100
8200,-0.000260,0.771289,0.771289,0.007794,0.021608,0.806860,0.007996,0.115100
8201,0.002255,0.825000,0.825000,0.007862,0.033071,0.806860,0.007996,0.115100
8202,0.001058,0.801758,0.801758,0.008156,0.024984,0.806860,0.007996,0.115100
8203,0.003502,0.813477,0.813477,0.007875,0.025397,0.806860,0.007996,0.115100
8204,0.004978,0.801953,0.801953,0.008349,0.036117,0.806860,0.007996,0.115100
8205,0.001184,0.818555,0.818555,0.007990,0.020067,0.806860,0.007996,0.115100
8206,0.002210,0.802734,0.802734,0.007429,0.043435,0.806860,0.007996,0.115100
8207,-0.000497,0.808594,0.808594,0.007424,0.020643,0.806860,0.007996,0.115100
8208,0.009124,0.796875,0.796875,0.007837,0.065591,0.806860,0.007996,0.115100
8209,0.008053,0.798828,0.798828,0.007690,0.056757,0.806860,0.007996,0.115100
8210,0.000629,0.814453,0.814453,0.007586,0.027921,0.806860,0.007996,0.115100
8211,-0.000570,0.771484,0.771484,0.008459,0.008373,0.806860,0.007996,0.115100
8212,0.000346,0.787109,0.787109,0.008465,0.014147,0.806860,0.007996,0.115100
8213,0.002987,0.819336,0.819336,0.007920,0.029899,0.806860,0.007996,0.115100
8214,0.002028,0.745117,0.745117,0.007971,0.014881,0.806860,0.007996,0.115100
8215,0.000903,0.842773,0.842773,0.007879,0.024411,0.806860,0.007996,0.115100
8216,0.002847,0.815430,0.815430,0.007741,0.045927,0.806860,0.007996,0.115100
8217,0.006106,0.808203,0.808203,0.008015,0.045769,0.806860,0.007996,0.115100
8218,0.000081,0.776367,0.776367,0.008115,0.005848,0.806860,0.007996,0.115100
8219,-0.010994,0.828125,0.828125,0.007698,0.025788,0.806860,0.007996,0.115100
8220,0.010802,0.791016,0.791016,0.007678,0.043469,0.806860,0.007996,0.115100
8221,0.002609,0.819336,0.819336,0.008168,0.047402,0.806860,0.007996,0.115100
8222,0.007338,0.806055,0.806055,0.008408,0.040573,0.806860,0.007996,0.115100
8223,0.002834,0.798828,0.798828,0.008087,0.028806,0.806860,0.007996,0.115100
8224,0.005259,0.818359,0.818359,0.008143,0.036176,0.806860,0.007996,0.115100
8225,0.003190,0.797852,0.797852,0.007996,0.005283,0.806860,0.007996,0.115100
8226,0.002665,0.827148,0.827148,0.007891,0.020845,0.806860,0.007996,0.115100
8227,0.000827,0.808594,0.808594,0.007816,0.024501,0.806860,0.007996,0.115100
8228,0.010507,0.771484,0.771484,0.007740,0.047311,0.806860,0.007996,0.115100
8229,-0.000209,0.804688,0.804688,0.008287,0.008230,0.806860,0.007996,0.115100
8230,0.001356,0.821289,0.821289,0.007532,0.011886,0.806860,0.007996,0.115100
8231,0.002397,0.780859,0.780859,0.007554,0.033665,0.806860,0.007996,0.115100
8232,-0.008792,0.782227,0.782227,0.008099,0.027010,0.806860,0.007996,0.115100
8233,0.002239,0.839844,0.839844,0.008031,0.022834,0.806860,0.007996,0.115100
8234,0.004628,0.816406,0.816406,0.007799,0.029126,0.806860,0.007996,0.115100
8235,0.004674,0.834961,0.834961,0.008446,0.009571,0.806860,0.007996,0.115100
8236,0.003078,0.786133,0.786133,0.008149,0.031142,0.806860,0.007996,0.115100
8237,0.002054,0.791016,0.791016,0.008035,0.015240,0.806860,0.007996,0.115100
8238,0.000470,0.753906,0.753906,0.007831,0.023443,0.806860,0.007996,0.115100
8239,0.002566,0.826367,0.826367,0.008108,0.033302,0.806860,0.007996,0.115100
8240,0.000947,0.778320,0.778320,0.008354,0.015211,0.806860,0.007996,0.115100
8241,0.002068,0.760742,0.760742,0.008175,0.024559,0.806860,0.007996,0.115100
8242,-0.001123,0.820312,0.820312,0.007765,0.013245,0.806860,0.007996,0.115100
8243,0.001700,0.809570,0.809570,0.007813,0.022278,0.806860,0.007996,0.115100
8244,0.004401,0.810938,0.810938,0.008255,0.043765,0.806860,0.007996,0.115100
8245,0.001820,0.812109,0.812109,0.008430,0.013375,0.806860,0.007996,0.115100
8246,-0.010974,0.774219,0.774219,0.008429,0.043578,0.806860,0.007996,0.115100
8247,-0.001250,0.805664,0.805664,0.007804,0.012677,0.806860,0.007996,0.115100
8248,0.000457,0.810938,0.810938,0.008082,0.017314,0.806860,0.007996,0.115100
8249,0.001216,0.804688,0.804688,0.007952,0.014721,0.806860,0.007996,0.115100
8250,-0.008455,0.804688,0.804688,0.008182,0.025844,0.806860,0.007996,0.115100
8251,0.009588,0.811523,0.811523,0.007927,0.054801,0.806860,0.007996,0.115100
8252,0.004147,0.813477,0.813477,0.007790,0.047863,0.806860,0.007996,0.115100
8253,-0.001752,0.791016,0.791016,0.007466,0.023279,0.806860,0.007996,0.115100
8254,-0.003459,0.811523,0.811523,0.008336,0.019868,0.806860,0.007996,0.115100
8255,0.001248,0.790039,0.790039,0.007684,0.022170,0.806860,0.007996,0.115100
8256,-0.000463,0.822266,0.822266,0.007729,0.014768,0.806860,0.007996,0.115100
8257,-0.023283,0.793945,0.793945,0.008163,0.017220,0.806860,0.007996,0.115100
8258,0.003639,0.782227,0.782227,0.007798,0.021770,0.806860,0.007996,0.115100
8259,0.001786,0.819336,0.819336,0.007931,0.016959,0.806860,0.007996,0.115100
8260,-0.000768,0.806641,0.806641,0.008350,0.011194,0.806860,0.007996,0.115100
8261,0.004337,0.803711,0.803711,0.008339,0.032025,0.806860,0.007996,0.115100
8262,0.001960,0.804102,0.804102,0.008065,0.052309,0.806860,0.007996,0.115100
8263,0.003310,0.798828,0.798828,0.008021,0.017460,0.806860,0.007996,0.115100
8264,0.002663,0.833984,0.833984,0.008158,0.032745,0.806860,0.007996,0.115100
8265,0.002783,0.807617,0.807617,0.008016,0.024922,0.806860,0.007996,0.115100
8266,0.003484,0.821289,0.821289,0.007668,0.020748,0.806860,0.007996,0.115100
8267,0.005368,0.817383,0.817383,0.007570,0.037317,0.806860,0.007996,0.115100
8268,0.000503,0.825195,0.825195,0.008564,0.007361,0.806860,0.007996,0.115100
8269,0.002662,0.770898,0.770898,0.007742,0.050701,0.806860,0.007996,0.115100
8270,0.006366,0.830078,0.830078,0.007630,0.037836,0.806860,0.007996,0.115100
8271,0.006232,0.775391,0.775391,0.007584,0.035545,0.806860,0.007996,0.115100
8272,0.004371,0.782227,0.782227,0.007849,0.027883,0.806860,0.007996,0.115100
8273,0.003804,0.784180,0.784180,0.007918,0.026015,0.806860,0.007996,0.115100
8274,0.001497,0.798437,0.798437,0.007796,0.020181,0.806860,0.007996,0.115100
8275,0.001746,0.822266,0.822266,0.008092,0.010755,0.806860,0.007996,0.115100
8276,0.002788,0.806641,0.806641,0.007910,0.026511,0.806860,0.007996,0.115100
8277,0.009702,0.817383,0.817383,0.008035,0.037326,0.806860,0.007996,0.115100
8278,0.001579,0.835938,0.835938,0.007857,0.030422,0.806860,0.007996,0.115100
8279,-0.001443,0.830078,0.830078,0.007522,0.022470,0.806860,0.007996,0.115100
8280,0.003261,0.798828,0.798828,0.008098,0.035507,0.806860,0.007996,0.115100
8281,0.002464,0.830078,0.830078,0.007956,0.030303,0.806860,0.007996,0.115100
8282,0.001304,0.802734,0.802734,0.008283,0.010760,0.806860,0.007996,0.115100
8283,0.003760,0.824219,0.824219,0.007574,0.032735,0.806860,0.007996,0.115100
8284,0.004061,0.810352,0.810352,0.007696,0.049768,0.806860,0.007996,0.115100
8285,0.005561,0.766602,0.766602,0.007561,0.047920,0.806860,0.007996,0.115100
8286,0.003562,0.800781,0.800781,0.008117,0.036096,0.806860,0.007996,0.115100
8287,0.000148,0.824219,0.824219,0.008041,0.031918,0.806860,0.007996,0.115100
8288,0.001615,0.812695,0.812695,0.008431,0.032904,0.806860,0.007996,0.115100
8289,0.000646,0.791016,0.791016,0.007972,0.019823,0.806860,0.007996,0.115100
8290,-0.000033,0.788086,0.788086,0.008025,0.004782,0.806860,0.007996,0.115100
8291,0.000845,0.838867,0.838867,0.007886,0.044223,0.806860,0.007996,0.115100
8292,0.004752,0.793945,0.793945,0.007809,0.022403,0.806860,0.007996,0.115100
8293,0.002570,0.792773,0.792773,0.007934,0.033991,0.806860,0.007996,0.115100
8294,0.000655,0.766602,0.766602,0.007699,0.018753,0.806860,0.007996,0.115100
8295,0.000014,0.774414,0.774414,0.008411,0.002424,0.806860,0.007996,0.115100
8296,0.004402,0.801758,0.801758,0.007699,0.046918,0.806860,0.007996,0.115100
8297,-0.000716,0.816406,0.816406,0.008156,0.024885,0.806860,0.007996,0.115100
8298,0.004109,0.817383,0.817383,0.007839,0.035953,0.806860,0.007996,0.115100
8299,0.000425,0.809570,0.809570,0.008398,0.016861,0.806860,0.007996,0.115100
8300,0.001971,0.816406,0.816406,0.007762,0.023095,0.806860,0.007996,0.115100
8301,0.000803,0.806250,0.806250,0.007955,0.025539,0.806860,0.007996,0.115100
8302,0.001407,0.833984,0.833984,0.007955,0.026896,0.806860,0.007996,0.115100
8303,0.001662,0.796875,0.796875,0.007830,0.024171,0.806860,0.007996,0.115100
8304,0.000074,0.778320,0.778320,0.008183,0.003636,0.806860,0.007996,0.115100
8305,0.005097,0.817383,0.817383,0.008051,0.027336,0.806860,0.007996,0.115100
8306,0.001947,0.795898,0.795898,0.008012,0.014251,0.806860,0.007996,0.115100
8307,0.006290,0.810938,0.810938,0.007649,0.051138,0.806860,0.007996,0.115100
8308,0.002212,0.836914,0.836914,0.007817,0.020422,0.806860,0.007996,0.115100
8309,0.001978,0.805664,0.805664,0.008150,0.024981,0.806860,0.007996,0.115100
8310,-0.000347,0.792969,0.792969,0.008266,0.012510,0.806860,0.007996,0.115100
8311,0.007157,0.816406,0.816406,0.007916,0.032789,0.806860,0.007996,0.115100
8312,-0.000981,0.792188,0.792188,0.008127,0.005986,0.806860,0.007996,0.115100
8313,-0.000659,0.817383,0.817383,0.007766,0.013552,0.806860,0.007996,0.115100
8314,-0.007002,0.805664,0.805664,0.008102,0.030405,0.806860,0.007996,0.115100
8315,0.006765,0.827148,0.827148,0.007839,0.036023,0.806860,0.007996,0.115100
8316,0.004375,0.820312,0.820312,0.007457,0.057476,0.806860,0.007996,0.115100
8317,0.001083,0.796875,0.796875,0.007905,0.046528,0.806860,0.007996,0.115100
8318,0.002908,0.817383,0.817383,0.007914,0.025572,0.806860,0.007996,0.115100
8319,0.001322,0.837891,0.837891,0.007979,0.014535,0.806860,0.007996,0.115100
8320,0.006456,0.836914,0.836914,0.007591,0.050244,0.806860,0.007996,0.115100
8321,-0.000135,0.831055,0.831055,0.008166,0.024599,0.806860,0.007996,0.115100
8322,-0.009600,0.809570,0.809570,0.007787,0.031467,0.806860,0.007996,0.115100
8323,0.008730,0.800977,0.800977,0.007674,0.054683,0.806860,0.007996,0.115100
8324,0.001199,0.805664,0.805664,0.008318,0.014849,0.806860,0.007996,0.115100
8325,0.001217,0.804688,0.804688,0.007878,0.034461,0.806860,0.007996,0.115100
8326,0.005315,0.842773,0.842773,0.007950,0.037913,0.806860,0.007996,0.115100
8327,-0.000888,0.818359,0.818359,0.007573,0.037832,0.806860,0.007996,0.115100
8328,0.002597,0.820312,0.820312,0.007722,0.030886,0.806860,0.007996,0.115100
8329,0.002506,0.788086,0.788086,0.007997,0.022511,0.806860,0.007996,0.115100
8330,0.002144,0.797852,0.797852,0.007900,0.033610,0.806860,0.007996,0.115100
8331,0.001229,0.824219,0.824219,0.007798,0.020029,0.806860,0.007996,0.115100
8332,0.005312,0.799805,0.799805,0.007865,0.037984,0.806860,0.007996,0.115100
8333,0.002697,0.821289,0.821289,0.008085,0.023534,0.806860,0.007996,0.115100
8334,0.002211,0.796875,0.796875,0.007838,0.023374,0.806860,0.007996,0.115100
8335,-0.000591,0.760156,0.760156,0.008038,0.014054,0.806860,0.007996,0.115100
8336,0.001537,0.810547,0.810547,0.007796,0.011732,0.806860,0.007996,0.115100
8337,0.001939,0.788086,0.788086,0.007884,0.013641,0.806860,0.007996,0.115100
8338,0.001785,0.795898,0.795898,0.007998,0.042452,0.806860,0.007996,0.115100
8339,0.002884,0.822266,0.822266,0.008101,0.033718,0.806860,0.007996,0.115100
8340,-0.001952,0.798828,0.798828,0.007773,0.015763,0.806860,0.007996,0.115100
8341,0.005223,0.839844,0.839844,0.008116,0.036863,0.806860,0.007996,0.115100
8342,-0.031989,0.806641,0.806641,0.007680,0.020599,0.806860,0.007996,0.115100
8343,0.003414,0.820312,0.820312,0.007956,0.024428,0.806860,0.007996,0.115100
8344,0.000947,0.842773,0.842773,0.007610,0.016532,0.806860,0.007996,0.115100
8345,0.006985,0.791016,0.791016,0.008223,0.047049,0.806860,0.007996,0.115100
8346,0.003940,0.805664,0.805664,0.007539,0.031827,0.806860,0.007996,0.115100
8347,-0.000646,0.795898,0.795898,0.008286,0.014102,0.806860,0.007996,0.115100
8348,0.001762,0.786133,0.786133,0.007785,0.014488,0.806860,0.007996,0.115100
8349,0.001346,0.793945,0.793945,0.008004,0.027986,0.806860,0.007996,0.115100
8350,-0.008712,0.818359,0.818359,0.007752,0.036183,0.806860,0.007996,0.115100
8351,0.002779,0.801758,0.801758,0.008047,0.031276,0.806860,0.007996,0.115100
8352,0.003634,0.769531,0.769531,0.007704,0.023616,0.806860,0.007996,0.115100
8353,0.004761,0.795898,0.795898,0.007856,0.036369,0.806860,0.007996,0.115100
8354,0.000618,0.809570,0.809570,0.007406,0.057475,0.806860,0.007996,0.115100
8355,0.001971,0.792969,0.792969,0.008156,0.013302,0.806860,0.007996,0.115100
8356,-0.003213,0.811523,0.811523,0.007735,0.009895,0.806860,0.007996,0.115100
8357,0.004374,0.833984,0.833984,0.007539,0.046452,0.806860,0.007996,0.115100
8358,-0.005565,0.815820,0.815820,0.008172,0.032985,0.806860,0.007996,0.115100
8359,0.004230,0.795898,0.795898,0.007852,0.020321,0.806860,0.007996,0.115100
8360,-0.012198,0.809180,0.809180,0.008336,0.016217,0.806860,0.007996,0.115100
8361,-0.000096,0.801172,0.801172,0.007971,0.005778,0.806860,0.007996,0.115100
8362,-0.000736,0.832031,0.832031,0.007810,0.022280,0.806860,0.007996,0.115100
8363,-0.006122,0.759766,0.759766,0.007946,0.021218,0.806860,0.007996,0.115100
8364,0.004872,0.844727,0.844727,0.008107,0.046314,0.806860,0.007996,0.115100
8365,0.002408,0.808594,0.808594,0.007385,0.027192,0.806860,0.007996,0.115100
8366,0.005606,0.791016,0.791016,0.007577,0.032047,0.806860,0.007996,0.115100
8367,0.001834,0.823242,0.823242,0.008117,0.022766,0.806860,0.007996,0.115100
8368,0.006344,0.778320,0.778320,0.007809,0.032912,0.806860,0.007996,0.115100
8369,-0.001638,0.813477,0.813477,0.008126,0.018311,0.806860,0.007996,0.115100
8370,0.005620,0.812500,0.812500,0.007871,0.028924,0.806860,0.007996,0.115100
8371,0.006192,0.809961,0.809961,0.008055,0.043889,0.806860,0.007996,0.115100
8372,-0.005686,0.824219,0.824219,0.007745,0.014951,0.806860,0.007996,0.115100
8373,0.000311,0.816406,0.816406,0.007881,0.026108,0.806860,0.007996,0.115100
8374,0.005736,0.778320,0.778320,0.007833,0.040703,0.806860,0.007996,0.115100
8375,0.002658,0.833008,0.833008,0.007809,0.022740,0.806860,0.007996,0.115100
8376,0.001226,0.773438,0.773438,0.008274,0.020222,0.806860,0.007996,0.115100
8377,0.003570,0.835938,0.835938,0.007870,0.036907,0.806860,0.007996,0.115100
8378,0.002961,0.808594,0.808594,0.007996,0.034510,0.806860,0.007996,0.115100
8379,0.004047,0.828125,0.828125,0.007802,0.039380,0.806860,0.007996,0.115100
8380,-0.014521,0.828125,0.828125,0.008011,0.023376,0.806860,0.007996,0.115100
8381,0.003292,0.848047,0.848047,0.008032,0.042957,0.806860,0.007996,0.115100
8382,-0.002002,0.787109,0.787109,0.007824,0.009029,0.806860,0.007996,0.115100
8383,-0.002118,0.835938,0.835938,0.007517,0.028581,0.806860,0.007996,0.115100
8384,0.001216,0.808594,0.808594,0.007883,0.020170,0.806860,0.007996,0.115100
8385,0.005336,0.803320,0.803320,0.007592,0.037428,0.806860,0.007996,0.115100
8386,-0.008333,0.819336,0.819336,0.008227,0.023817,0.806860,0.007996,0.115100
8387,0.001234,0.775391,0.775391,0.008066,0.015269,0.806860,0.007996,0.115100
8388,0.001446,0.821289,0.821289,0.007802,0.033932,0.806860,0.007996,0.115100
8389,0.011001,0.785156,0.785156,0.007824,0.067481,0.806860,0.007996,0.115100
8390,0.005621,0.833984,0.833984,0.007918,0.044551,0.806860,0.007996,0.115100
8391,0.003897,0.794922,0.794922,0.008110,0.032435,0.806860,0.007996,0.115100
8392,0.006631,0.819336,0.819336,0.007423,0.021304,0.806860,0.007996,0.115100
8393,0.004887,0.801758,0.801758,0.007546,0.056827,0.806860,0.007996,0.115100
8394,0.005196,0.791992,0.791992,0.007915,0.031380,0.806860,0.007996,0.115100
8395,-0.003442,0.790820,0.790820,0.007883,0.052589,0.806860,0.007996,0.115100
8396,0.003846,0.762695,0.762695,0.007866,0.021066,0.806860,0.007996,0.115100
8397,0.004155,0.842773,0.842773,0.007640,0.038919,0.806860,0.007996,0.115100
8398,-0.002401,0.784180,0.784180,0.007709,0.020706,0.806860,0.007996,0.115100
8399,0.002485,0.829102,0.829102,0.007852,0.013017,0.806860,0.007996,0.115100
8400,0.004508,0.808594,0.808594,0.007911,0.033072,0.806860,0.007996,0.115100
8401,0.003868,0.804688,0.804688,0.007746,0.024733,0.806860,0.007996,0.115100
8402,0.000406,0.843750,0.843750,0.007862,0.038050,0.806860,0.007996,0.115100
8403,0.004941,0.782227,0.782227,0.007789,0.040479,0.806860,0.007996,0.115100
8404,0.003028,0.809570,0.809570,0.008211,0.028669,0.806860,0.007996,0.115100
8405,0.014418,0.780273,0.780273,0.007671,0.016368,0.806860,0.007996,0.115100
8406,0.006656,0.805664,0.805664,0.007618,0.037402,0.806860,0.007996,0.115100
8407,0.000752,0.830078,0.830078,0.007866,0.019400,0.806860,0.007996,0.115100
8408,0.004086,0.822266,0.822266,0.007912,0.033530,0.806860,0.007996,0.115100
8409,0.001368,0.772461,0.772461,0.008205,0.031115,0.806860,0.007996,0.115100
8410,0.000849,0.799805,0.799805,0.007611,0.013348,0.806860,0.007996,0.115100
8411,0.004874,0.796875,0.796875,0.007637,0.041732,0.806860,0.007996,0.115100
8412,0.006763,0.814453,0.814453,0.007648,0.036228,0.806860,0.007996,0.115100
8413,0.003444,0.804102,0.804102,0.008131,0.004761,0.806860,0.007996,0.115100
8414,0.001771,0.777344,0.777344,0.007666,0.024049,0.806860,0.007996,0.115100
8415,0.001819,0.832031,0.832031,0.007928,0.029238,0.806860,0.007996,0.115100
8416,0.004377,0.822266,0.822266,0.007545,0.047462,0.806860,0.007996,0.115100
8417,0.003318,0.811523,0.811523,0.008086,0.033063,0.806860,0.007996,0.115100
8418,0.003407,0.812500,0.812500,0.007717,0.037201,0.806860,0.007996,0.115100
8419,0.010608,0.766602,0.766602,0.007886,0.052403,0.806860,0.007996,0.115100
8420,0.001809,0.820312,0.820312,0.008203,0.016959,0.806860,0.007996,0.115100
8421,-0.002065,0.787500,0.787500,0.007746,0.032637,0.806860,0.007996,0.115100
8422,0.001492,0.817969,0.817969,0.008081,0.022580,0.806860,0.007996,0.115100
8423,0.004817,0.796875,0.796875,0.007822,0.045497,0.806860,0.007996,0.115100
8424,-0.001111,0.816211,0.816211,0.008164,0.043628,0.806860,0.007996,0.115100
8425,0.004677,0.803711,0.803711,0.008080,0.049809,0.806860,0.007996,0.115100
8426,0.007826,0.800781,0.800781,0.007659,0.043446,0.806860,0.007996,0.115100
8427,0.007202,0.823242,0.823242,0.007786,0.034871,0.806860,0.007996,0.115100
8428,0.003330,0.821289,0.821289,0.007600,0.028040,0.806860,0.007996,0.115100
8429,-0.004313,0.848633,0.848633,0.007562,0.068872,0.806860,0.007996,0.115100
8430,0.000262,0.775391,0.775391,0.007945,0.026781,0.806860,0.007996,0.115100
8431,-0.008077,0.803711,0.803711,0.008235,0.028597,0.806860,0.007996,0.115100
8432,0.003316,0.797852,0.797852,0.007808,0.062895,0.806860,0.007996,0.115100
8433,0.002371,0.793945,0.793945,0.007821,0.032269,0.806860,0.007996,0.115100
8434,0.004630,0.825195,0.825195,0.007927,0.037093,0.806860,0.007996,0.115100
8435,0.002617,0.828125,0.828125,0.007969,0.039737,0.806860,0.007996,0.115100
8436,0.004280,0.820312,0.820312,0.008168,0.035389,0.806860,0.007996,0.115100
8437,0.002225,0.815430,0.815430,0.007987,0.012269,0.806860,0.007996,0.115100
8438,0.001967,0.772461,0.772461,0.007750,0.020097,0.806860,0.007996,0.115100
8439,-0.021532,0.832031,0.832031,0.008063,0.024081,0.806860,0.007996,0.115100
8440,0.007416,0.811523,0.811523,0.008126,0.034179,0.806860,0.007996,0.115100
8441,-0.002487,0.808594,0.808594,0.008128,0.027050,0.806860,0.007996,0.115100
8442,0.002417,0.766602,0.766602,0.008224,0.024161,0.806860,0.007996,0.115100
8443,0.001238,0.819336,0.819336,0.008225,0.031213,0.806860,0.007996,0.115100
8444,0.007964,0.762695,0.762695,0.008247,0.030038,0.806860,0.007996,0.115100
8445,0.001410,0.767578,0.767578,0.008184,0.026684,0.806860,0.007996,0.115100
8446,0.001231,0.830078,0.830078,0.008503,0.023893,0.806860,0.007996,0.115100
8447,0.005926,0.775391,0.775391,0.008247,0.069129,0.806860,0.007996,0.115100
8448,0.001292,0.805664,0.805664,0.008273,0.020072,0.806860,0.007996,0.115100
8449,0.007477,0.827148,0.827148,0.007932,0.059370,0.806860,0.007996,0.115100
8450,0.006463,0.834961,0.834961,0.008052,0.042794,0.806860,0.007996,0.115100
8451,-0.001580,0.840820,0.840820,0.007952,0.017033,0.806860,0.007996,0.115100
8452,0.005606,0.807617,0.807617,0.007548,0.032164,0.806860,0.007996,0.115100
8453,0.005014,0.764648,0.764648,0.007997,0.021335,0.806860,0.007996,0.115100
8454,-0.000762,0.840234,0.840234,0.007665,0.042675,0.806860,0.007996,0.115100
8455,-0.001427,0.795898,0.795898,0.008225,0.031000,0.806860,0.007996,0.115100
8456,0.000973,0.811523,0.811523,0.007986,0.021115,0.806860,0.007996,0.115100
8457,-0.012175,0.816211,0.816211,0.007816,0.033102,0.806860,0.007996,0.115100
8458,-0.010165,0.781250,0.781250,0.007893,0.035307,0.806860,0.007996,0.115100
8459,-0.010358,0.805664,0.805664,0.007781,0.036060,0.806860,0.007996,0.115100
8460,0.004579,0.866797,0.866797,0.008103,0.038360,0.806860,0.007996,0.115100
8461,0.004343,0.793945,0.793945,0.008073,0.039621,0.806860,0.007996,0.115100
8462,0.005733,0.785156,0.785156,0.008059,0.035526,0.806860,0.007996,0.115100
8463,0.009078,0.804688,0.804688,0.007951,0.048900,0.806860,0.007996,0.115100
8464,-0.004209,0.800781,0.800781,0.007709,0.043083,0.806860,0.007996,0.115100
8465,-0.000370,0.775391,0.775391,0.007878,0.030446,0.806860,0.007996,0.115100
8466,0.004105,0.793945,0.793945,0.007785,0.024178,0.806860,0.007996,0.115100
8467,-0.008773,0.835938,0.835938,0.007683,0.025188,0.806860,0.007996,0.115100
8468,0.005158,0.744141,0.744141,0.007757,0.031466,0.806860,0.007996,0.115100
8469,0.003240,0.821289,0.821289,0.007926,0.043434,0.806860,0.007996,0.115100
8470,0.005488,0.774414,0.774414,0.007840,0.045596,0.806860,0.007996,0.115100
8471,0.006675,0.818359,0.818359,0.007541,0.021639,0.806860,0.007996,0.115100
8472,0.002627,0.762695,0.762695,0.008051,0.026788,0.806860,0.007996,0.115100
8473,0.000713,0.807227,0.807227,0.008031,0.023188,0.806860,0.007996,0.115100
8474,0.002021,0.791992,0.791992,0.007837,0.022733,0.806860,0.007996,0.115100
8475,-0.005254,0.818359,0.818359,0.007678,0.043412,0.806860,0.007996,0.115100
8476,0.003986,0.786133,0.786133,0.008224,0.040790,0.806860,0.007996,0.115100
8477,0.003896,0.754297,0.754297,0.008152,0.035043,0.806860,0.007996,0.115100
8478,0.001094,0.830273,0.830273,0.007895,0.028600,0.806860,0.007996,0.115100
8479,0.008949,0.819336,0.819336,0.007777,0.053784,0.806860,0.007996,0.115100
8480,0.004655,0.820312,0.820312,0.007690,0.036278,0.806860,0.007996,0.115100
8481,-0.001874,0.799805,0.799805,0.007671,0.057761,0.806860,0.007996,0.115100
8482,-0.000088,0.820312,0.820312,0.007835,0.022282,0.806860,0.007996,0.115100
8483,0.000014,0.795898,0.795898,0.008064,0.021383,0.806860,0.007996,0.115100
8484,0.003149,0.797852,0.797852,0.008220,0.021169,0.806860,0.007996,0.115100
8485,0.002733,0.783594,0.783594,0.007916,0.037574,0.806860,0.007996,0.115100
8486,0.001446,0.818359,0.818359,0.007661,0.056001,0.806860,0.007996,0.115100
8487,0.008186,0.818359,0.818359,0.007899,0.023995,0.806860,0.007996,0.115100
8488,0.010411,0.813477,0.813477,0.007518,0.049174,0.806860,0.007996,0.115100
8489,0.002580,0.838867,0.838867,0.007750,0.044675,0.806860,0.007996,0.115100
8490,0.003953,0.824219,0.824219,0.007909,0.045414,0.806860,0.007996,0.115100
8491,0.006898,0.745117,0.745117,0.008027,0.032612,0.806860,0.007996,0.115100
8492,-0.013259,0.806641,0.806641,0.007920,0.047857,0.806860,0.007996,0.115100
8493,0.001664,0.773438,0.773438,0.008047,0.019865,0.806860,0.007996,0.115100
8494,0.004173,0.826172,0.826172,0.007520,0.045170,0.806860,0.007996,0.115100
8495,-0.001804,0.817969,0.817969,0.007997,0.042757,0.806860,0.007996,0.115100
8496,-0.016154,0.823828,0.823828,0.007916,0.026591,0.806860,0.007996,0.115100
8497,-0.006754,0.786133,0.786133,0.007888,0.024928,0.806860,0.007996,0.115100
8498,0.003530,0.803711,0.803711,0.008035,0.070548,0.806860,0.007996,0.115100
8499,0.000926,0.798828,0.798828,0.007741,0.031589,0.806860,0.007996,0.115100
8500,0.001175,0.786133,0.786133,0.008023,0.016712,0.807453,0.007986,0.126805
8501,0.001936,0.805664,0.805664,0.007891,0.022604,0.807453,0.007986,0.126805
8502,0.003068,0.870117,0.870117,0.007437,0.045579,0.807453,0.007986,0.126805
8503,-0.001332,0.782227,0.782227,0.008086,0.042788,0.807453,0.007986,0.126805
8504,-0.001643,0.824219,0.824219,0.007762,0.022099,0.807453,0.007986,0.126805
8505,0.003862,0.789062,0.789062,0.008404,0.029702,0.807453,0.007986,0.126805
8506,0.006219,0.807617,0.807617,0.007458,0.050440,0.807453,0.007986,0.126805
8507,0.003307,0.795898,0.795898,0.007631,0.036219,0.807453,0.007986,0.126805
8508,0.000254,0.810547,0.810547,0.007885,0.021118,0.807453,0.007986,0.126805
8509,0.002672,0.753906,0.753906,0.008655,0.021554,0.807453,0.007986,0.126805
8510,0.000662,0.781250,0.781250,0.007889,0.062341,0.807453,0.007986,0.126805
8511,0.003526,0.820703,0.820703,0.008033,0.035893,0.807453,0.007986,0.126805
8512,0.000204,0.767578,0.767578,0.007859,0.017201,0.807453,0.007986,0.126805
8513,0.002971,0.850586,0.850586,0.008256,0.027651,0.807453,0.007986,0.126805
8514,0.005370,0.799805,0.799805,0.008014,0.057111,0.807453,0.007986,0.126805
8515,0.001825,0.783203,0.783203,0.008251,0.021785,0.807453,0.007986,0.126805
8516,-0.001094,0.782227,0.782227,0.008094,0.024848,0.807453,0.007986,0.126805
8517,0.002813,0.820312,0.820312,0.008186,0.024174,0.807453,0.007986,0.126805
8518,0.002405,0.805664,0.805664,0.007974,0.034419,0.807453,0.007986,0.126805
8519,-0.000399,0.789062,0.789062,0.007500,0.033782,0.807453,0.007986,0.126805
8520,0.005393,0.797852,0.797852,0.007551,0.029930,0.807453,0.007986,0.126805
8521,0.007952,0.791016,0.791016,0.007507,0.035518,0.807453,0.007986,0.126805
8522,0.000519,0.756836,0.756836,0.007594,0.032216,0.807453,0.007986,0.126805
8523,0.004816,0.810547,0.810547,0.007810,0.038330,0.807453,0.007986,0.126805
8524,0.001407,0.747070,0.747070,0.007731,0.037251,0.807453,0.007986,0.126805
8525,0.006926,0.801758,0.801758,0.008029,0.043038,0.807453,0.007986,0.126805
8526,0.004379,0.828125,0.828125,0.008220,0.025747,0.807453,0.007986,0.126805
8527,0.001241,0.823242,0.823242,0.008157,0.025469,0.807453,0.007986,0.126805
8528,-0.011000,0.828125,0.828125,0.007586,0.039966,0.807453,0.007986,0.126805
8529,0.001240,0.833984,0.833984,0.007909,0.018535,0.807453,0.007986,0.126805
8530,0.002029,0.757812,0.757812,0.008342,0.030064,0.807453,0.007986,0.126805
8531,0.000667,0.797852,0.797852,0.007862,0.058009,0.807453,0.007986,0.126805
8532,0.009681,0.753906,0.753906,0.007771,0.059377,0.807453,0.007986,0.126805
8533,0.006704,0.811523,0.811523,0.007457,0.034335,0.807453,0.007986,0.126805
8534,0.001484,0.797852,0.797852,0.008102,0.039269,0.807453,0.007986,0.126805
8535,0.000108,0.819336,0.819336,0.007620,0.032317,0.807453,0.007986,0.126805
8536,-0.000319,0.791016,0.791016,0.007762,0.058555,0.807453,0.007986,0.126805
8537,-0.007286,0.778320,0.778320,0.007916,0.026260,0.807453,0.007986,0.126805
8538,0.005095,0.783203,0.783203,0.007761,0.033292,0.807453,0.007986,0.126805
8539,0.010860,0.805078,0.805078,0.008053,0.071368,0.807453,0.007986,0.126805
8540,-0.005465,0.770508,0.770508,0.007444,0.044106,0.807453,0.007986,0.126805
8541,0.006816,0.819336,0.819336,0.007803,0.040091,0.807453,0.007986,0.126805
8542,0.006868,0.830078,0.830078,0.007822,0.046822,0.807453,0.007986,0.126805
8543,0.002361,0.803711,0.803711,0.007993,0.029886,0.807453,0.007986,0.126805
8544,0.000465,0.791016,0.791016,0.007431,0.077792,0.807453,0.007986,0.126805
8545,0.009393,0.803711,0.803711,0.008129,0.067001,0.807453,0.007986,0.126805
8546,0.006273,0.811523,0.811523,0.007736,0.069117,0.807453,0.007986,0.126805
8547,0.003361,0.791992,0.791992,0.008006,0.032029,0.807453,0.007986,0.126805
8548,0.005337,0.796875,0.796875,0.008042,0.058238,0.807453,0.007986,0.126805
8549,-0.011384,0.799805,0.799805,0.008224,0.053039,0.807453,0.007986,0.126805
8550,0.000811,0.828125,0.828125,0.008220,0.028558,0.807453,0.007986,0.126805
8551,0.001885,0.826172,0.826172,0.007655,0.044432,0.807453,0.007986,0.126805
8552,0.004520,0.839844,0.839844,0.007964,0.053371,0.807453,0.007986,0.126805
8553,-0.009853,0.793945,0.793945,0.007919,0.059160,0.807453,0.007986,0.126805
8554,-0.014157,0.778320,0.778320,0.007925,0.055355,0.807453,0.007986,0.126805
8555,0.009879,0.814648,0.814648,0.007625,0.047406,0.807453,0.007986,0.126805
8556,0.010054,0.798828,0.798828,0.007686,0.067490,0.807453,0.007986,0.126805
8557,0.004354,0.841797,0.841797,0.007867,0.034124,0.807453,0.007986,0.126805
8558,0.002815,0.829102,0.829102,0.007699,0.048935,0.807453,0.007986,0.126805
8559,0.005573,0.833398,0.833398,0.007975,0.061780,0.807453,0.007986,0.126805
8560,-0.010405,0.832812,0.832812,0.007363,0.084027,0.807453,0.007986,0.126805
8561,-0.004398,0.809570,0.809570,0.008029,0.045395,0.807453,0.007986,0.126805
8562,-0.000448,0.821094,0.821094,0.008163,0.047026,0.807453,0.007986,0.126805
8563,0.004570,0.813477,0.813477,0.007898,0.055668,0.807453,0.007986,0.126805
8564,-0.003047,0.783203,0.783203,0.007700,0.031207,0.807453,0.007986,0.126805
8565,0.001817,0.795898,0.795898,0.007637,0.054245,0.807453,0.007986,0.126805
8566,0.007463,0.800781,0.800781,0.007750,0.050958,0.807453,0.007986,0.126805
8567,0.005164,0.814453,0.814453,0.007869,0.055076,0.807453,0.007986,0.126805
8568,0.010701,0.754102,0.754102,0.008082,0.041255,0.807453,0.007986,0.126805
8569,0.005636,0.808594,0.808594,0.007807,0.045137,0.807453,0.007986,0.126805
8570,0.003219,0.801758,0.801758,0.007724,0.044330,0.807453,0.007986,0.126805
8571,0.014924,0.781250,0.781250,0.007530,0.072486,0.807453,0.007986,0.126805
8572,0.001982,0.848633,0.848633,0.007618,0.031275,0.807453,0.007986,0.126805
8573,0.003183,0.835938,0.835938,0.008017,0.051163,0.807453,0.007986,0.126805
8574,0.003251,0.821289,0.821289,0.007638,0.045669,0.807453,0.007986,0.126805
8575,0.010871,0.809570,0.809570,0.007888,0.040954,0.807453,0.007986,0.126805
8576,0.006811,0.812891,0.812891,0.007831,0.062702,0.807453,0.007986,0.126805
8577,0.006332,0.826172,0.826172,0.007659,0.047457,0.807453,0.007986,0.126805
8578,0.004026,0.833984,0.833984,0.008024,0.031249,0.807453,0.007986,0.126805
8579,0.010853,0.811523,0.811523,0.007778,0.053525,0.807453,0.007986,0.126805
8580,-0.003824,0.833008,0.833008,0.007404,0.041866,0.807453,0.007986,0.126805
8581,0.000025,0.751367,0.751367,0.008444,0.031522,0.807453,0.007986,0.126805
8582,0.012668,0.781250,0.781250,0.007431,0.034592,0.807453,0.007986,0.126805
8583,0.000059,0.808594,0.808594,0.008054,0.037751,0.807453,0.007986,0.126805
8584,0.003436,0.808594,0.808594,0.007925,0.027647,0.807453,0.007986,0.126805
8585,0.003428,0.799805,0.799805,0.007826,0.029496,0.807453,0.007986,0.126805
8586,0.006369,0.794922,0.794922,0.007674,0.055127,0.807453,0.007986,0.126805
8587,0.007543,0.805664,0.805664,0.007714,0.048595,0.807453,0.007986,0.126805
8588,0.001701,0.809570,0.809570,0.007509,0.016034,0.807453,0.007986,0.126805
8589,-0.013355,0.782227,0.782227,0.007969,0.023408,0.807453,0.007986,0.126805
8590,0.004213,0.818359,0.818359,0.007749,0.026554,0.807453,0.007986,0.126805
8591,0.007191,0.838867,0.838867,0.008014,0.034105,0.807453,0.007986,0.126805
8592,0.009814,0.821289,0.821289,0.007427,0.060217,0.807453,0.007986,0.126805
8593,0.000475,0.836914,0.836914,0.007748,0.036370,0.807453,0.007986,0.126805
8594,-0.005225,0.792969,0.792969,0.007795,0.062085,0.807453,0.007986,0.126805
8595,0.000288,0.775586,0.775586,0.007689,0.040772,0.807453,0.007986,0.126805
8596,0.003642,0.817383,0.817383,0.007695,0.039253,0.807453,0.007986,0.126805
8597,-0.004215,0.818750,0.818750,0.007426,0.042218,0.807453,0.007986,0.126805
8598,-0.009404,0.781250,0.781250,0.007977,0.027224,0.807453,0.007986,0.126805
8599,-0.002607,0.846680,0.846680,0.007702,0.049942,0.807453,0.007986,0.126805
8600,-0.003247,0.810547,0.810547,0.007457,0.025002,0.807453,0.007986,0.126805
8601,0.008506,0.782227,0.782227,0.007611,0.080705,0.807453,0.007986,0.126805
8602,-0.014227,0.814453,0.814453,0.007737,0.049806,0.807453,0.007986,0.126805
8603,0.017877,0.809570,0.809570,0.007672,0.064131,0.807453,0.007986,0.126805
8604,0.016047,0.775391,0.775391,0.007536,0.073960,0.807453,0.007986,0.126805
8605,-0.008250,0.779492,0.779492,0.008269,0.049479,0.807453,0.007986,0.126805
8606,-0.027634,0.785156,0.785156,0.007135,0.027168,0.807453,0.007986,0.126805
8607,0.002444,0.826563,0.826563,0.008427,0.030093,0.807453,0.007986,0.126805
8608,-0.014897,0.825586,0.825586,0.007371,0.043593,0.807453,0.007986,0.126805
8609,0.002848,0.812500,0.812500,0.007697,0.030940,0.807453,0.007986,0.126805
8610,0.007564,0.805664,0.805664,0.007905,0.066492,0.807453,0.007986,0.126805
8611,-0.002137,0.836914,0.836914,0.007285,0.039393,0.807453,0.007986,0.126805
8612,-0.013912,0.785352,0.785352,0.007946,0.053809,0.807453,0.007986,0.126805
8613,-0.000923,0.812500,0.812500,0.007985,0.041167,0.807453,0.007986,0.126805
8614,0.001552,0.804688,0.804688,0.007581,0.049239,0.807453,0.007986,0.126805
8615,-0.013443,0.811523,0.811523,0.008006,0.027930,0.807453,0.007986,0.126805
8616,0.001813,0.787109,0.787109,0.007652,0.034656,0.807453,0.007986,0.126805
8617,0.004364,0.800781,0.800781,0.007906,0.033588,0.807453,0.007986,0.126805
8618,0.002795,0.756836,0.756836,0.008125,0.017491,0.807453,0.007986,0.126805
8619,0.003513,0.799414,0.799414,0.008011,0.039300,0.807453,0.007986,0.126805
8620,-0.006131,0.779297,0.779297,0.007497,0.051233,0.807453,0.007986,0.126805
8621,0.000928,0.814453,0.814453,0.008340,0.027081,0.807453,0.007986,0.126805
8622,0.004249,0.795898,0.795898,0.007808,0.054355,0.807453,0.007986,0.126805
8623,0.002309,0.780273,0.780273,0.008205,0.022071,0.807453,0.007986,0.126805
8624,0.003768,0.809570,0.809570,0.007886,0.050692,0.807453,0.007986,0.126805
8625,-0.028057,0.844727,0.844727,0.007406,0.033424,0.807453,0.007986,0.126805
8626,0.007364,0.824219,0.824219,0.007886,0.047163,0.807453,0.007986,0.126805
8627,0.010920,0.797852,0.797852,0.007991,0.050815,0.807453,0.007986,0.126805
8628,0.001154,0.797852,0.797852,0.007903,0.035714,0.807453,0.007986,0.126805
8629,-0.005214,0.786133,0.786133,0.007920,0.022748,0.807453,0.007986,0.126805
8630,0.003874,0.802148,0.802148,0.007453,0.037600,0.807453,0.007986,0.126805
8631,0.001707,0.801758,0.801758,0.007959,0.064454,0.807453,0.007986,0.126805
8632,0.005802,0.792969,0.792969,0.007914,0.040005,0.807453,0.007986,0.126805
8633,0.006166,0.789453,0.789453,0.007968,0.038664,0.807453,0.007986,0.126805
8634,-0.011992,0.809570,0.809570,0.007545,0.055170,0.807453,0.007986,0.126805
8635,0.003097,0.841797,0.841797,0.007864,0.040839,0.807453,0.007986,0.126805
8636,0.006208,0.824219,0.824219,0.007395,0.045874,0.807453,0.007986,0.126805
8637,0.004068,0.765625,0.765625,0.008273,0.047795,0.807453,0.007986,0.126805
8638,-0.002002,0.809570,0.809570,0.008184,0.038366,0.807453,0.007986,0.126805
8639,0.004611,0.802734,0.802734,0.007568,0.041507,0.807453,0.007986,0.126805
8640,0.001943,0.800781,0.800781,0.008160,0.018064,0.807453,0.007986,0.126805
8641,0.003702,0.775391,0.775391,0.008071,0.031919,0.807453,0.007986,0.126805
8642,0.002945,0.786133,0.786133,0.008027,0.032742,0.807453,0.007986,0.126805
8643,0.000583,0.773438,0.773438,0.007639,0.034722,0.807453,0.007986,0.126805
8644,0.002651,0.802734,0.802734,0.007670,0.026914,0.807453,0.007986,0.126805
8645,-0.000011,0.810547,0.810547,0.007693,0.006664,0.807453,0.007986,0.126805
8646,0.000816,0.816797,0.816797,0.007883,0.033460,0.807453,0.007986,0.126805
8647,-0.000972,0.786133,0.786133,0.007641,0.016440,0.807453,0.007986,0.126805
8648,0.002954,0.817383,0.817383,0.008106,0.034060,0.807453,0.007986,0.126805
8649,0.003189,0.809570,0.809570,0.007897,0.017861,0.807453,0.007986,0.126805
8650,0.000078,0.821289,0.821289,0.007817,0.027734,0.807453,0.007986,0.126805
8651,-0.010316,0.819336,0.819336,0.008207,0.024108,0.807453,0.007986,0.126805
8652,0.003048,0.777344,0.777344,0.007933,0.038406,0.807453,0.007986,0.126805
8653,0.004943,0.816406,0.816406,0.007604,0.083298,0.807453,0.007986,0.126805
8654,0.001632,0.797852,0.797852,0.007955,0.020001,0.807453,0.007986,0.126805
8655,0.000657,0.813477,0.813477,0.008086,0.024661,0.807453,0.007986,0.126805
8656,0.000089,0.811523,0.811523,0.007509,0.004766,0.807453,0.007986,0.126805
8657,-0.006308,0.782227,0.782227,0.007850,0.022071,0.807453,0.007986,0.126805
8658,0.002318,0.810547,0.810547,0.007557,0.082904,0.807453,0.007986,0.126805
8659,0.002472,0.809570,0.809570,0.007676,0.040845,0.807453,0.007986,0.126805
8660,-0.000797,0.820312,0.820312,0.007508,0.045883,0.807453,0.007986,0.126805
8661,0.001585,0.827148,0.827148,0.008266,0.014873,0.807453,0.007986,0.126805
8662,-0.003348,0.828125,0.828125,0.007806,0.014610,0.807453,0.007986,0.126805
8663,-0.000481,0.796875,0.796875,0.008341,0.015505,0.807453,0.007986,0.126805
8664,0.005019,0.787109,0.787109,0.007615,0.049577,0.807453,0.007986,0.126805
8665,-0.009847,0.831055,0.831055,0.008116,0.040540,0.807453,0.007986,0.126805
8666,-0.003541,0.789062,0.789062,0.007808,0.038462,0.807453,0.007986,0.126805
8667,0.006257,0.840820,0.840820,0.007532,0.046582,0.807453,0.007986,0.126805
8668,-0.004213,0.840820,0.840820,0.007510,0.034463,0.807453,0.007986,0.126805
8669,0.003293,0.853516,0.853516,0.007600,0.037384,0.807453,0.007986,0.126805
8670,0.002099,0.867188,0.867188,0.007698,0.053372,0.807453,0.007986,0.126805
8671,-0.000331,0.801758,0.801758,0.007836,0.013638,0.807453,0.007986,0.126805
8672,0.001966,0.778320,0.778320,0.008066,0.009460,0.807453,0.007986,0.126805
8673,0.006455,0.814453,0.814453,0.007697,0.043100,0.807453,0.007986,0.126805
8674,-0.000337,0.829102,0.829102,0.007875,0.012480,0.807453,0.007986,0.126805
8675,0.003678,0.843750,0.843750,0.007744,0.026196,0.807453,0.007986,0.126805
8676,0.007498,0.798828,0.798828,0.008126,0.038413,0.807453,0.007986,0.126805
8677,-0.001191,0.785156,0.785156,0.007816,0.021636,0.807453,0.007986,0.126805
8678,0.002797,0.801758,0.801758,0.007580,0.030119,0.807453,0.007986,0.126805
8679,-0.004945,0.787109,0.787109,0.008097,0.041721,0.807453,0.007986,0.126805
8680,-0.002385,0.808594,0.808594,0.008258,0.037563,0.807453,0.007986,0.126805
8681,0.003801,0.825977,0.825977,0.007955,0.049418,0.807453,0.007986,0.126805
8682,0.007409,0.789062,0.789062,0.007975,0.036170,0.807453,0.007986,0.126805
8683,0.001239,0.837891,0.837891,0.007380,0.021286,0.807453,0.007986,0.126805
8684,0.003113,0.833008,0.833008,0.007636,0.032483,0.807453,0.007986,0.126805
8685,0.007494,0.804688,0.804688,0.007716,0.028314,0.807453,0.007986,0.126805
8686,0.001264,0.771094,0.771094,0.008215,0.022221,0.807453,0.007986,0.126805
8687,-0.006740,0.830078,0.830078,0.007626,0.038968,0.807453,0.007986,0.126805
8688,0.004197,0.777344,0.777344,0.008113,0.062018,0.807453,0.007986,0.126805
8689,0.004793,0.797266,0.797266,0.007889,0.038874,0.807453,0.007986,0.126805
8690,-0.004389,0.822852,0.822852,0.008118,0.030738,0.807453,0.007986,0.126805
8691,0.001614,0.851172,0.851172,0.007779,0.022409,0.807453,0.007986,0.126805
8692,0.007784,0.812500,0.812500,0.007844,0.044740,0.807453,0.007986,0.126805
8693,0.004343,0.807617,0.807617,0.007788,0.027608,0.807453,0.007986,0.126805
8694,-0.001409,0.805664,0.805664,0.007808,0.030788,0.807453,0.007986,0.126805
8695,0.001067,0.791992,0.791992,0.008113,0.023771,0.807453,0.007986,0.126805
8696,-0.024537,0.817383,0.817383,0.007933,0.022680,0.807453,0.007986,0.126805
8697,-0.000117,0.831055,0.831055,0.007901,0.028241,0.807453,0.007986,0.126805
8698,-0.009333,0.835938,0.835938,0.007633,0.026771,0.807453,0.007986,0.126805
8699,0.002022,0.831055,0.831055,0.007852,0.026986,0.807453,0.007986,0.126805
8700,0.001812,0.821289,0.821289,0.007654,0.023575,0.807453,0.007986,0.126805
8701,0.007776,0.826172,0.826172,0.007778,0.043399,0.807453,0.007986,0.126805
8702,-0.003566,0.822266,0.822266,0.007727,0.032551,0.807453,0.007986,0.126805
8703,0.002843,0.834961,0.834961,0.008245,0.023290,0.807453,0.007986,0.126805
8704,-0.005022,0.806055,0.806055,0.007847,0.039660,0.807453,0.007986,0.126805
8705,0.009745,0.790039,0.790039,0.007719,0.026251,0.807453,0.007986,0.126805
8706,-0.023704,0.829687,0.829687,0.008054,0.026954,0.807453,0.007986,0.126805
8707,-0.008321,0.843750,0.843750,0.007716,0.030752,0.807453,0.007986,0.126805
8708,0.005982,0.806641,0.806641,0.007648,0.059479,0.807453,0.007986,0.126805
8709,0.003263,0.774414,0.774414,0.008084,0.023027,0.807453,0.007986,0.126805
8710,0.002714,0.824219,0.824219,0.008236,0.059850,0.807453,0.007986,0.126805
8711,0.000324,0.804688,0.804688,0.007305,0.042694,0.807453,0.007986,0.126805
8712,0.000289,0.820312,0.820312,0.007746,0.032465,0.807453,0.007986,0.126805
8713,-0.002982,0.763672,0.763672,0.008285,0.034872,0.807453,0.007986,0.126805
8714,0.006451,0.769531,0.769531,0.007565,0.034877,0.807453,0.007986,0.126805
8715,0.005885,0.818359,0.818359,0.007736,0.045924,0.807453,0.007986,0.126805
8716,-0.003720,0.786523,0.786523,0.008198,0.027845,0.807453,0.007986,0.126805
8717,-0.000663,0.793945,0.793945,0.007907,0.059909,0.807453,0.007986,0.126805
8718,0.006730,0.790039,0.790039,0.008320,0.047089,0.807453,0.007986,0.126805
8719,0.006347,0.810547,0.810547,0.007633,0.050900,0.807453,0.007986,0.126805
8720,-0.007359,0.781250,0.781250,0.007872,0.034371,0.807453,0.007986,0.126805
8721,0.008434,0.821289,0.821289,0.007659,0.059562,0.807453,0.007986,0.126805
8722,0.007151,0.801758,0.801758,0.007553,0.044997,0.807453,0.007986,0.126805
8723,-0.000739,0.835938,0.835938,0.008440,0.020659,0.807453,0.007986,0.126805
8724,0.003972,0.787109,0.787109,0.008264,0.029207,0.807453,0.007986,0.126805
8725,0.001196,0.799805,0.799805,0.008220,0.015883,0.807453,0.007986,0.126805
8726,0.000373,0.807227,0.807227,0.007889,0.019112,0.807453,0.007986,0.126805
8727,-0.000030,0.793555,0.793555,0.007947,0.033798,0.807453,0.007986,0.126805
8728,0.006076,0.823242,0.823242,0.007758,0.050465,0.807453,0.007986,0.126805
8729,0.001065,0.816406,0.816406,0.007836,0.021461,0.807453,0.007986,0.126805
8730,0.005220,0.798828,0.798828,0.007821,0.079622,0.807453,0.007986,0.126805
8731,0.002372,0.779297,0.779297,0.008135,0.040974,0.807453,0.007986,0.126805
8732,0.006314,0.810547,0.810547,0.008007,0.036623,0.807453,0.007986,0.126805
8733,0.002225,0.796875,0.796875,0.007637,0.030172,0.807453,0.007986,0.126805
8734,-0.003232,0.800000,0.800000,0.007854,0.018912,0.807453,0.007986,0.126805
8735,0.002222,0.788672,0.788672,0.008092,0.035765,0.807453,0.007986,0.126805
8736,-0.003742,0.792383,0.792383,0.007598,0.021471,0.807453,0.007986,0.126805
8737,-0.000404,0.803711,0.803711,0.007846,0.021790,0.807453,0.007986,0.126805
8738,0.002448,0.813477,0.813477,0.007710,0.027522,0.807453,0.007986,0.126805
8739,0.008660,0.775391,0.775391,0.007934,0.049708,0.807453,0.007986,0.126805
8740,0.004330,0.794922,0.794922,0.007658,0.037733,0.807453,0.007986,0.126805
8741,-0.011813,0.827539,0.827539,0.008127,0.025264,0.807453,0.007986,0.126805
8742,0.000380,0.840625,0.840625,0.008043,0.035646,0.807453,0.007986,0.126805
8743,0.002466,0.815430,0.815430,0.007535,0.033363,0.807453,0.007986,0.126805
8744,-0.018057,0.809570,0.809570,0.007706,0.034438,0.807453,0.007986,0.126805
8745,-0.000161,0.812500,0.812500,0.007280,0.024080,0.807453,0.007986,0.126805
8746,0.009660,0.760742,0.760742,0.008140,0.046064,0.807453,0.007986,0.126805
8747,0.003656,0.811523,0.811523,0.007941,0.037763,0.807453,0.007986,0.126805
8748,0.001284,0.813477,0.813477,0.008384,0.015930,0.807453,0.007986,0.126805
8749,-0.001810,0.823242,0.823242,0.007509,0.043725,0.807453,0.007986,0.126805
8750,-0.003774,0.769531,0.769531,0.008132,0.021307,0.807453,0.007986,0.126805
8751,0.004418,0.815430,0.815430,0.007698,0.027289,0.807453,0.007986,0.126805
8752,0.007612,0.807617,0.807617,0.007730,0.038694,0.807453,0.007986,0.126805
8753,0.002884,0.772461,0.772461,0.008220,0.025097,0.807453,0.007986,0.126805
8754,0.001898,0.824219,0.824219,0.007444,0.038836,0.807453,0.007986,0.126805
8755,0.003075,0.789062,0.789062,0.007822,0.040248,0.807453,0.007986,0.126805
8756,0.003065,0.814453,0.814453,0.007904,0.032245,0.807453,0.007986,0.126805
8757,-0.000234,0.814453,0.814453,0.007448,0.021600,0.807453,0.007986,0.126805
8758,-0.000634,0.809766,0.809766,0.007935,0.025179,0.807453,0.007986,0.126805
8759,0.009791,0.762695,0.762695,0.008184,0.032582,0.807453,0.007986,0.126805
8760,0.001225,0.814453,0.814453,0.007631,0.043360,0.807453,0.007986,0.126805
8761,-0.000054,0.806641,0.806641,0.007831,0.016159,0.807453,0.007986,0.126805
8762,0.001639,0.782227,0.782227,0.007490,0.041804,0.807453,0.007986,0.126805
8763,0.004621,0.832031,0.832031,0.008107,0.025769,0.807453,0.007986,0.126805
8764,0.007814,0.815430,0.815430,0.007834,0.031225,0.807453,0.007986,0.126805
8765,-0.000359,0.845703,0.845703,0.007589,0.033100,0.807453,0.007986,0.126805
8766,0.005527,0.813867,0.813867,0.007840,0.044669,0.807453,0.007986,0.126805
8767,0.003166,0.814453,0.814453,0.008065,0.023907,0.807453,0.007986,0.126805
8768,0.007696,0.784180,0.784180,0.007486,0.064628,0.807453,0.007986,0.126805
8769,-0.001145,0.785156,0.785156,0.007747,0.018177,0.807453,0.007986,0.126805
8770,0.002016,0.813477,0.813477,0.007578,0.014783,0.807453,0.007986,0.126805
8771,0.000056,0.833984,0.833984,0.008116,0.017038,0.807453,0.007986,0.126805
8772,0.003347,0.791992,0.791992,0.007871,0.029652,0.807453,0.007986,0.126805
8773,0.000004,0.789844,0.789844,0.007957,0.022003,0.807453,0.007986,0.126805
8774,0.003286,0.828125,0.828125,0.007396,0.036296,0.807453,0.007986,0.126805
8775,0.000424,0.793945,0.793945,0.007786,0.037977,0.807453,0.007986,0.126805
8776,0.002877,0.728516,0.728516,0.007755,0.019534,0.807453,0.007986,0.126805
8777,-0.043806,0.779297,0.779297,0.007847,0.036694,0.807453,0.007986,0.126805
8778,0.004135,0.799805,0.799805,0.008271,0.032296,0.807453,0.007986,0.126805
8779,0.003970,0.796875,0.796875,0.007724,0.039138,0.807453,0.007986,0.126805
8780,0.005965,0.809570,0.809570,0.007721,0.027850,0.807453,0.007986,0.126805
8781,0.003251,0.800781,0.800781,0.007695,0.067842,0.807453,0.007986,0.126805
8782,0.006716,0.814453,0.814453,0.007527,0.035745,0.807453,0.007986,0.126805
8783,0.003811,0.836914,0.836914,0.007912,0.038098,0.807453,0.007986,0.126805
8784,0.001065,0.799805,0.799805,0.008360,0.032793,0.807453,0.007986,0.126805
8785,0.003810,0.797852,0.797852,0.008054,0.036218,0.807453,0.007986,0.126805
8786,-0.019239,0.797852,0.797852,0.007927,0.020719,0.807453,0.007986,0.126805
8787,0.003044,0.824219,0.824219,0.007981,0.021411,0.807453,0.007986,0.126805
8788,0.003984,0.832031,0.832031,0.007911,0.050373,0.807453,0.007986,0.126805
8789,0.003993,0.810547,0.810547,0.008256,0.046310,0.807453,0.007986,0.126805
8790,0.003527,0.805664,0.805664,0.008124,0.019235,0.807453,0.007986,0.126805
8791,0.007377,0.802734,0.802734,0.007609,0.043161,0.807453,0.007986,0.126805
8792,0.004109,0.791992,0.791992,0.008218,0.022734,0.807453,0.007986,0.126805
8793,0.005480,0.790039,0.790039,0.008067,0.047310,0.807453,0.007986,0.126805
8794,0.002232,0.834375,0.834375,0.008155,0.029506,0.807453,0.007986,0.126805
8795,-0.005067,0.804688,0.804688,0.007865,0.030125,0.807453,0.007986,0.126805
8796,0.003981,0.791406,0.791406,0.007167,0.020780,0.807453,0.007986,0.126805
8797,0.005664,0.784570,0.784570,0.008047,0.028569,0.807453,0.007986,0.126805
8798,0.007396,0.790039,0.790039,0.007813,0.048719,0.807453,0.007986,0.126805
8799,0.003397,0.832031,0.832031,0.007782,0.036331,0.807453,0.007986,0.126805
8800,-0.001847,0.795898,0.795898,0.007897,0.024763,0.807453,0.007986,0.126805
8801,-0.003973,0.791016,0.791016,0.007728,0.024490,0.807453,0.007986,0.126805
8802,0.002569,0.807617,0.807617,0.008335,0.024542,0.807453,0.007986,0.126805
8803,0.001401,0.800781,0.800781,0.008545,0.025774,0.807453,0.007986,0.126805
8804,0.002486,0.827148,0.827148,0.008165,0.024179,0.807453,0.007986,0.126805
8805,0.003269,0.812500,0.812500,0.008156,0.028025,0.807453,0.007986,0.126805
8806,-0.006373,0.830469,0.830469,0.007981,0.031988,0.807453,0.007986,0.126805
8807,-0.005263,0.789062,0.789062,0.007724,0.017370,0.807453,0.007986,0.126805
8808,0.004127,0.826172,0.826172,0.007783,0.047255,0.807453,0.007986,0.126805
8809,0.011553,0.791016,0.791016,0.008236,0.063955,0.807453,0.007986,0.126805
8810,0.004244,0.800781,0.800781,0.007651,0.037242,0.807453,0.007986,0.126805
8811,0.008593,0.801758,0.801758,0.007969,0.075094,0.807453,0.007986,0.126805
8812,0.003268,0.787500,0.787500,0.008174,0.018241,0.807453,0.007986,0.126805
8813,-0.002353,0.801758,0.801758,0.007713,0.058465,0.807453,0.007986,0.126805
8814,-0.001076,0.808594,0.808594,0.007413,0.012475,0.807453,0.007986,0.126805
8815,-0.000783,0.797656,0.797656,0.007755,0.026438,0.807453,0.007986,0.126805
8816,0.002075,0.801758,0.801758,0.007840,0.052088,0.807453,0.007986,0.126805
8817,-0.005079,0.837891,0.837891,0.008129,0.027816,0.807453,0.007986,0.126805
8818,0.009852,0.781055,0.781055,0.008280,0.028433,0.807453,0.007986,0.126805
8819,-0.000135,0.793555,0.793555,0.008227,0.026526,0.807453,0.007986,0.126805
8820,0.003522,0.796875,0.796875,0.008291,0.050966,0.807453,0.007986,0.126805
8821,-0.001069,0.822266,0.822266,0.008001,0.021758,0.807453,0.007986,0.126805
8822,0.004532,0.786133,0.786133,0.007576,0.026536,0.807453,0.007986,0.126805
8823,0.001781,0.776758,0.776758,0.008274,0.011523,0.807453,0.007986,0.126805
8824,0.003138,0.809570,0.809570,0.007775,0.038528,0.807453,0.007986,0.126805
8825,0.003381,0.830078,0.830078,0.007786,0.037698,0.807453,0.007986,0.126805
8826,0.002559,0.773047,0.773047,0.007922,0.019609,0.807453,0.007986,0.126805
8827,0.003942,0.836914,0.836914,0.007935,0.033929,0.807453,0.007986,0.126805
8828,-0.001082,0.817383,0.817383,0.007785,0.020162,0.807453,0.007986,0.126805
8829,0.001683,0.801758,0.801758,0.008030,0.012455,0.807453,0.007986,0.126805
8830,-0.001232,0.823242,0.823242,0.007821,0.034054,0.807453,0.007986,0.126805
8831,0.005976,0.823438,0.823438,0.007822,0.016721,0.807453,0.007986,0.126805
8832,0.001840,0.784180,0.784180,0.007876,0.014742,0.807453,0.007986,0.126805
8833,0.005415,0.811523,0.811523,0.008061,0.024509,0.807453,0.007986,0.126805
8834,0.000394,0.806641,0.806641,0.007748,0.021075,0.807453,0.007986,0.126805
8835,0.004471,0.794922,0.794922,0.007586,0.028895,0.807453,0.007986,0.126805
8836,0.004679,0.817383,0.817383,0.007755,0.031023,0.807453,0.007986,0.126805
8837,0.001393,0.804688,0.804688,0.008100,0.025453,0.807453,0.007986,0.126805
8838,0.003854,0.782227,0.782227,0.007673,0.035505,0.807453,0.007986,0.126805
8839,0.000727,0.778320,0.778320,0.007966,0.024945,0.807453,0.007986,0.126805
8840,0.001146,0.822266,0.822266,0.008079,0.018164,0.807453,0.007986,0.126805
8841,-0.004452,0.782227,0.782227,0.007825,0.044852,0.807453,0.007986,0.126805
8842,-0.012030,0.780273,0.780273,0.008061,0.019062,0.807453,0.007986,0.126805
8843,0.004012,0.844727,0.844727,0.007566,0.030073,0.807453,0.007986,0.126805
8844,0.008706,0.825195,0.825195,0.007705,0.023732,0.807453,0.007986,0.126805
8845,0.001953,0.793945,0.793945,0.007726,0.015904,0.807453,0.007986,0.126805
8846,0.000044,0.808594,0.808594,0.008303,0.014028,0.807453,0.007986,0.126805
8847,0.000046,0.846289,0.846289,0.008011,0.030275,0.807453,0.007986,0.126805
8848,0.001547,0.835938,0.835938,0.007743,0.024292,0.807453,0.007986,0.126805
8849,0.005845,0.788086,0.788086,0.007862,0.027192,0.807453,0.007986,0.126805
8850,-0.003062,0.816406,0.816406,0.007750,0.032802,0.807453,0.007986,0.126805
8851,0.004202,0.819141,0.819141,0.007432,0.046483,0.807453,0.007986,0.126805
8852,-0.000056,0.774414,0.774414,0.008117,0.026308,0.807453,0.007986,0.126805
8853,0.003194,0.789453,0.789453,0.008040,0.032576,0.807453,0.007986,0.126805
8854,0.001779,0.794531,0.794531,0.007770,0.006666,0.807453,0.007986,0.126805
8855,0.004043,0.777344,0.777344,0.007824,0.023623,0.807453,0.007986,0.126805
8856,0.001389,0.833008,0.833008,0.008419,0.021339,0.807453,0.007986,0.126805
8857,0.005337,0.791992,0.791992,0.007820,0.044515,0.807453,0.007986,0.126805
8858,0.003521,0.796875,0.796875,0.008000,0.030661,0.807453,0.007986,0.126805
8859,-0.000740,0.782227,0.782227,0.008406,0.008202,0.807453,0.007986,0.126805
8860,-0.005732,0.778320,0.778320,0.008032,0.006526,0.807453,0.007986,0.126805
8861,-0.009071,0.797852,0.797852,0.008343,0.025436,0.807453,0.007986,0.126805
8862,0.003098,0.787109,0.787109,0.008083,0.021992,0.807453,0.007986,0.126805
8863,0.007015,0.766602,0.766602,0.007476,0.029059,0.807453,0.007986,0.126805
8864,0.001888,0.779297,0.779297,0.007987,0.016231,0.807453,0.007986,0.126805
8865,0.000875,0.809570,0.809570,0.008203,0.015247,0.807453,0.007986,0.126805
8866,-0.004964,0.787109,0.787109,0.008042,0.010037,0.807453,0.007986,0.126805
8867,0.002631,0.813672,0.813672,0.008167,0.020969,0.807453,0.007986,0.126805
8868,-0.023354,0.805664,0.805664,0.008010,0.020045,0.807453,0.007986,0.126805
8869,-0.005342,0.807617,0.807617,0.008012,0.035314,0.807453,0.007986,0.126805
8870,0.008570,0.827539,0.827539,0.007881,0.075656,0.807453,0.007986,0.126805
8871,0.000368,0.802734,0.802734,0.007942,0.044879,0.807453,0.007986,0.126805
8872,0.003261,0.792969,0.792969,0.007564,0.043821,0.807453,0.007986,0.126805
8873,0.003225,0.807617,0.807617,0.007871,0.024720,0.807453,0.007986,0.126805
8874,0.001948,0.773438,0.773438,0.007761,0.023400,0.807453,0.007986,0.126805
8875,0.003712,0.781250,0.781250,0.007578,0.033118,0.807453,0.007986,0.126805
8876,-0.001055,0.821289,0.821289,0.007959,0.035026,0.807453,0.007986,0.126805
8877,-0.003755,0.801758,0.801758,0.008218,0.029479,0.807453,0.007986,0.126805
8878,0.004924,0.798828,0.798828,0.008196,0.027459,0.807453,0.007986,0.126805
8879,-0.007513,0.820312,0.820312,0.008027,0.026793,0.807453,0.007986,0.126805
8880,0.003125,0.806641,0.806641,0.008210,0.024028,0.807453,0.007986,0.126805
8881,-0.004844,0.834961,0.834961,0.007670,0.024421,0.807453,0.007986,0.126805
8882,0.004585,0.765234,0.765234,0.008046,0.022562,0.807453,0.007986,0.126805
8883,0.005724,0.776367,0.776367,0.007708,0.038536,0.807453,0.007986,0.126805
8884,0.003111,0.775391,0.775391,0.007259,0.042491,0.807453,0.007986,0.126805
8885,0.003401,0.799805,0.799805,0.007871,0.040376,0.807453,0.007986,0.126805
8886,-0.000141,0.783203,0.783203,0.008302,0.018206,0.807453,0.007986,0.126805
8887,0.005135,0.788672,0.788672,0.007912,0.056573,0.807453,0.007986,0.126805
8888,0.006805,0.805273,0.805273,0.007845,0.053273,0.807453,0.007986,0.126805
8889,0.001748,0.791992,0.791992,0.008084,0.023200,0.807453,0.007986,0.126805
8890,0.003850,0.801758,0.801758,0.007685,0.041357,0.807453,0.007986,0.126805
8891,0.003719,0.817383,0.817383,0.007841,0.024100,0.807453,0.007986,0.126805
8892,0.001934,0.817383,0.817383,0.007935,0.015716,0.807453,0.007986,0.126805
8893,0.005320,0.768164,0.768164,0.008093,0.044555,0.807453,0.007986,0.126805
8894,0.004353,0.783203,0.783203,0.007906,0.034995,0.807453,0.007986,0.126805
8895,0.010563,0.807617,0.807617,0.007821,0.021830,0.807453,0.007986,0.126805
8896,0.007312,0.789062,0.789062,0.008117,0.053959,0.807453,0.007986,0.126805
8897,0.011268,0.814453,0.814453,0.007576,0.050529,0.807453,0.007986,0.126805
8898,0.000405,0.862305,0.862305,0.007732,0.018481,0.807453,0.007986,0.126805
8899,0.000112,0.869141,0.869141,0.007792,0.013334,0.807453,0.007986,0.126805
8900,0.002456,0.822461,0.822461,0.008452,0.032281,0.807453,0.007986,0.126805
8901,0.002587,0.827148,0.827148,0.007981,0.044212,0.807453,0.007986,0.126805
8902,-0.000059,0.831055,0.831055,0.007729,0.012786,0.807453,0.007986,0.126805
8903,0.006440,0.814453,0.814453,0.007253,0.058233,0.807453,0.007986,0.126805
8904,0.001540,0.813477,0.813477,0.007998,0.015101,0.807453,0.007986,0.126805
8905,0.001256,0.755859,0.755859,0.007443,0.026114,0.807453,0.007986,0.126805
8906,0.010601,0.789062,0.789062,0.007471,0.077913,0.807453,0.007986,0.126805
8907,0.004830,0.800781,0.800781,0.008358,0.037496,0.807453,0.007986,0.126805
8908,0.000902,0.814453,0.814453,0.008068,0.023197,0.807453,0.007986,0.126805
8909,0.001645,0.809570,0.809570,0.008254,0.017592,0.807453,0.007986,0.126805
8910,0.006800,0.806641,0.806641,0.008005,0.032041,0.807453,0.007986,0.126805
8911,0.006203,0.802734,0.802734,0.008041,0.044401,0.807453,0.007986,0.126805
8912,-0.013040,0.808594,0.808594,0.007927,0.035648,0.807453,0.007986,0.126805
8913,-0.006204,0.822266,0.822266,0.008061,0.024646,0.807453,0.007986,0.126805
8914,0.001786,0.812500,0.812500,0.007774,0.033267,0.807453,0.007986,0.126805
8915,0.004278,0.840820,0.840820,0.007763,0.039607,0.807453,0.007986,0.126805
8916,0.006932,0.805664,0.805664,0.007483,0.043914,0.807453,0.007986,0.126805
8917,0.006910,0.805664,0.805664,0.007662,0.047803,0.807453,0.007986,0.126805
8918,0.002678,0.783594,0.783594,0.007753,0.038280,0.807453,0.007986,0.126805
8919,-0.000582,0.791016,0.791016,0.007802,0.008176,0.807453,0.007986,0.126805
8920,0.001909,0.840430,0.840430,0.008050,0.042836,0.807453,0.007986,0.126805
8921,0.000882,0.828711,0.828711,0.008202,0.028077,0.807453,0.007986,0.126805
8922,0.003246,0.822266,0.822266,0.008050,0.040372,0.807453,0.007986,0.126805
8923,0.001819,0.813867,0.813867,0.007770,0.013534,0.807453,0.007986,0.126805
8924,0.004745,0.816406,0.816406,0.008299,0.041754,0.807453,0.007986,0.126805
8925,-0.006753,0.818359,0.818359,0.007736,0.034483,0.807453,0.007986,0.126805
8926,0.000102,0.838867,0.838867,0.007601,0.006292,0.807453,0.007986,0.126805
8927,0.016299,0.815430,0.815430,0.007980,0.036570,0.807453,0.007986,0.126805
8928,-0.000259,0.793945,0.793945,0.007886,0.010102,0.807453,0.007986,0.126805
8929,-0.007967,0.800391,0.800391,0.008070,0.016197,0.807453,0.007986,0.126805
8930,-0.000005,0.791016,0.791016,0.007735,0.016168,0.807453,0.007986,0.126805
8931,-0.001312,0.829102,0.829102,0.007917,0.038418,0.807453,0.007986,0.126805
8932,-0.004775,0.806055,0.806055,0.007984,0.037792,0.807453,0.007986,0.126805
8933,0.002227,0.839844,0.839844,0.007920,0.041372,0.807453,0.007986,0.126805
8934,0.004185,0.827148,0.827148,0.007811,0.024170,0.807453,0.007986,0.126805
8935,-0.002222,0.753906,0.753906,0.007920,0.019715,0.807453,0.007986,0.126805
8936,0.008036,0.781250,0.781250,0.007709,0.046676,0.807453,0.007986,0.126805
8937,-0.000116,0.794922,0.794922,0.007900,0.018263,0.807453,0.007986,0.126805
8938,0.005648,0.791016,0.791016,0.007671,0.037753,0.807453,0.007986,0.126805
8939,0.005568,0.779297,0.779297,0.007918,0.038416,0.807453,0.007986,0.126805
8940,-0.004772,0.797852,0.797852,0.007725,0.039932,0.807453,0.007986,0.126805
8941,0.001659,0.792383,0.792383,0.007855,0.048341,0.807453,0.007986,0.126805
8942,0.004502,0.805664,0.805664,0.008147,0.040700,0.807453,0.007986,0.126805
8943,0.003278,0.831055,0.831055,0.008238,0.024799,0.807453,0.007986,0.126805
8944,0.003326,0.845703,0.845703,0.007751,0.030119,0.807453,0.007986,0.126805
8945,0.001370,0.796875,0.796875,0.007569,0.014845,0.807453,0.007986,0.126805
8946,-0.001888,0.819922,0.819922,0.008115,0.039578,0.807453,0.007986,0.126805
8947,0.003488,0.795898,0.795898,0.008054,0.030659,0.807453,0.007986,0.126805
8948,0.004449,0.816016,0.816016,0.007829,0.023229,0.807453,0.007986,0.126805
8949,0.001705,0.815430,0.815430,0.007874,0.042294,0.807453,0.007986,0.126805
8950,0.002666,0.828125,0.828125,0.007742,0.026237,0.807453,0.007986,0.126805
8951,-0.007412,0.800977,0.800977,0.008052,0.051430,0.807453,0.007986,0.126805
8952,0.004476,0.812500,0.812500,0.008365,0.031745,0.807453,0.007986,0.126805
8953,0.000356,0.811133,0.811133,0.008229,0.017762,0.807453,0.007986,0.126805
8954,-0.009025,0.792969,0.792969,0.007980,0.018600,0.807453,0.007986,0.126805
8955,0.003577,0.791016,0.791016,0.007895,0.033383,0.807453,0.007986,0.126805
8956,0.005593,0.766602,0.766602,0.007878,0.037179,0.807453,0.007986,0.126805
8957,0.002309,0.751953,0.751953,0.007943,0.018439,0.807453,0.007986,0.126805
8958,0.006104,0.818359,0.818359,0.007952,0.055105,0.807453,0.007986,0.126805
8959,0.000778,0.781836,0.781836,0.008191,0.035866,0.807453,0.007986,0.126805
8960,0.001715,0.805664,0.805664,0.007509,0.027547,0.807453,0.007986,0.126805
8961,0.002127,0.838867,0.838867,0.007682,0.023521,0.807453,0.007986,0.126805
8962,0.011284,0.791992,0.791992,0.008161,0.074259,0.807453,0.007986,0.126805
8963,0.002926,0.820312,0.820312,0.008197,0.039657,0.807453,0.007986,0.126805
8964,0.000511,0.808594,0.808594,0.007955,0.039150,0.807453,0.007986,0.126805
8965,0.006780,0.793359,0.793359,0.007629,0.047278,0.807453,0.007986,0.126805
8966,0.004592,0.804688,0.804688,0.007666,0.040720,0.807453,0.007986,0.126805
8967,0.004597,0.806641,0.806641,0.007813,0.047688,0.807453,0.007986,0.126805
8968,0.004097,0.813477,0.813477,0.008380,0.018358,0.807453,0.007986,0.126805
8969,-0.009894,0.809570,0.809570,0.008097,0.032533,0.807453,0.007986,0.126805
8970,0.005910,0.797266,0.797266,0.007743,0.045107,0.807453,0.007986,0.126805
8971,0.001604,0.782227,0.782227,0.007639,0.024741,0.807453,0.007986,0.126805
8972,0.007266,0.814453,0.814453,0.007563,0.054991,0.807453,0.007986,0.126805
8973,0.005130,0.799414,0.799414,0.007506,0.032142,0.807453,0.007986,0.126805
8974,0.002253,0.753906,0.753906,0.007905,0.020895,0.807453,0.007986,0.126805
8975,0.004599,0.837891,0.837891,0.007993,0.034030,0.807453,0.007986,0.126805
8976,0.000813,0.802734,0.802734,0.007768,0.043182,0.807453,0.007986,0.126805
8977,-0.000711,0.803711,0.803711,0.007752,0.014678,0.807453,0.007986,0.126805
8978,0.007217,0.791016,0.791016,0.008023,0.041435,0.807453,0.007986,0.126805
8979,-0.000314,0.819336,0.819336,0.008173,0.028540,0.807453,0.007986,0.126805
8980,0.002075,0.838867,0.838867,0.007647,0.026043,0.807453,0.007986,0.126805
8981,-0.000041,0.789844,0.789844,0.007435,0.019989,0.807453,0.007986,0.126805
8982,0.002583,0.838867,0.838867,0.007702,0.027512,0.807453,0.007986,0.126805
8983,-0.000328,0.819336,0.819336,0.007896,0.023613,0.807453,0.007986,0.126805
8984,0.001449,0.800781,0.800781,0.007895,0.043432,0.807453,0.007986,0.126805
8985,0.004536,0.776953,0.776953,0.007875,0.028012,0.807453,0.007986,0.126805
8986,-0.008523,0.814453,0.814453,0.007641,0.023086,0.807453,0.007986,0.126805
8987,0.000582,0.839453,0.839453,0.007646,0.039040,0.807453,0.007986,0.126805
8988,-0.001442,0.780273,0.780273,0.007584,0.018482,0.807453,0.007986,0.126805
8989,0.000659,0.805664,0.805664,0.007948,0.026239,0.807453,0.007986,0.126805
8990,0.005471,0.778320,0.778320,0.007992,0.045045,0.807453,0.007986,0.126805
8991,0.003421,0.818359,0.818359,0.007976,0.023612,0.807453,0.007986,0.126805
8992,-0.001787,0.805273,0.805273,0.008089,0.037927,0.807453,0.007986,0.126805
8993,0.003107,0.835938,0.835938,0.007813,0.026904,0.807453,0.007986,0.126805
8994,0.004768,0.805664,0.805664,0.007816,0.019717,0.807453,0.007986,0.126805
8995,0.003512,0.826172,0.826172,0.007790,0.023526,0.807453,0.007986,0.126805
8996,0.002426,0.802734,0.802734,0.007924,0.026013,0.807453,0.007986,0.126805
8997,0.000049,0.798828,0.798828,0.008245,0.004161,0.807453,0.007986,0.126805
8998,0.000959,0.802734,0.802734,0.007962,0.018046,0.807453,0.007986,0.126805
8999,0.005446,0.780273,0.780273,0.007913,0.034813,0.807453,0.007986,0.126805
9000,-0.007222,0.824414,0.824414,0.007806,0.037590,0.806860,0.007993,0.117840
9001,0.011671,0.753906,0.753906,0.007631,0.021801,0.806860,0.007993,0.117840
9002,-0.000676,0.781250,0.781250,0.007556,0.016054,0.806860,0.007993,0.117840
9003,0.002604,0.804688,0.804688,0.008258,0.031044,0.806860,0.007993,0.117840
9004,0.006759,0.824805,0.824805,0.008117,0.039860,0.806860,0.007993,0.117840
9005,0.003738,0.814453,0.814453,0.008262,0.047752,0.806860,0.007993,0.117840
9006,0.002488,0.846680,0.846680,0.007513,0.042153,0.806860,0.007993,0.117840
9007,0.002082,0.833984,0.833984,0.007773,0.059143,0.806860,0.007993,0.117840
9008,0.006842,0.802734,0.802734,0.007479,0.056097,0.806860,0.007993,0.117840
9009,0.002794,0.821289,0.821289,0.007861,0.038339,0.806860,0.007993,0.117840
9010,-0.014517,0.804688,0.804688,0.007601,0.042267,0.806860,0.007993,0.117840
9011,0.004632,0.855859,0.855859,0.007704,0.029382,0.806860,0.007993,0.117840
9012,0.005783,0.812500,0.812500,0.007624,0.038522,0.806860,0.007993,0.117840
9013,0.003341,0.782227,0.782227,0.008209,0.035920,0.806860,0.007993,0.117840
9014,0.003117,0.832031,0.832031,0.007865,0.028032,0.806860,0.007993,0.117840
9015,0.003497,0.804688,0.804688,0.007905,0.055370,0.806860,0.007993,0.117840
9016,0.000650,0.817383,0.817383,0.007701,0.023297,0.806860,0.007993,0.117840
9017,0.001462,0.801758,0.801758,0.007980,0.028150,0.806860,0.007993,0.117840
9018,-0.002315,0.780273,0.780273,0.007950,0.028583,0.806860,0.007993,0.117840
9019,0.001894,0.821289,0.821289,0.008197,0.030525,0.806860,0.007993,0.117840
9020,0.005674,0.811523,0.811523,0.008256,0.033003,0.806860,0.007993,0.117840
9021,0.002398,0.795898,0.795898,0.007868,0.016104,0.806860,0.007993,0.117840
9022,0.005416,0.825195,0.825195,0.007805,0.038462,0.806860,0.007993,0.117840
9023,0.001234,0.816406,0.816406,0.007907,0.021059,0.806860,0.007993,0.117840
9024,0.010098,0.806641,0.806641,0.007834,0.072512,0.806860,0.007993,0.117840
9025,-0.014398,0.759766,0.759766,0.007918,0.039050,0.806860,0.007993,0.117840
9026,-0.002293,0.741211,0.741211,0.008138,0.047914,0.806860,0.007993,0.117840
9027,-0.003667,0.810742,0.810742,0.008180,0.013352,0.806860,0.007993,0.117840
9028,-0.001367,0.836914,0.836914,0.008037,0.044583,0.806860,0.007993,0.117840
9029,0.000373,0.855469,0.855469,0.007574,0.039208,0.806860,0.007993,0.117840
9030,0.003125,0.815430,0.815430,0.008028,0.023342,0.806860,0.007993,0.117840
9031,0.002463,0.817773,0.817773,0.008138,0.031265,0.806860,0.007993,0.117840
9032,0.000040,0.803125,0.803125,0.007911,0.022440,0.806860,0.007993,0.117840
9033,0.000885,0.798828,0.798828,0.007762,0.018777,0.806860,0.007993,0.117840
9034,0.002378,0.775391,0.775391,0.007629,0.036943,0.806860,0.007993,0.117840
9035,0.002865,0.832031,0.832031,0.007900,0.027972,0.806860,0.007993,0.117840
9036,-0.000209,0.834961,0.834961,0.008279,0.007976,0.806860,0.007993,0.117840
9037,-0.000513,0.824219,0.824219,0.007791,0.011044,0.806860,0.007993,0.117840
9038,0.003407,0.775391,0.775391,0.007741,0.033273,0.806860,0.007993,0.117840
9039,-0.001483,0.791797,0.791797,0.007809,0.049374,0.806860,0.007993,0.117840
9040,0.004935,0.825195,0.825195,0.007937,0.045695,0.806860,0.007993,0.117840
9041,0.001598,0.789062,0.789062,0.007910,0.029455,0.806860,0.007993,0.117840
9042,0.000356,0.833008,0.833008,0.008288,0.030232,0.806860,0.007993,0.117840
9043,0.002792,0.833008,0.833008,0.007657,0.025254,0.806860,0.007993,0.117840
9044,0.001815,0.816406,0.816406,0.007944,0.013572,0.806860,0.007993,0.117840
9045,0.003355,0.820312,0.820312,0.008070,0.026926,0.806860,0.007993,0.117840
9046,0.006929,0.791016,0.791016,0.007935,0.054743,0.806860,0.007993,0.117840
9047,-0.007015,0.830078,0.830078,0.007707,0.040861,0.806860,0.007993,0.117840
9048,-0.001183,0.781250,0.781250,0.007958,0.022812,0.806860,0.007993,0.117840
9049,0.001660,0.787109,0.787109,0.007616,0.020666,0.806860,0.007993,0.117840
9050,-0.000949,0.805664,0.805664,0.008143,0.016729,0.806860,0.007993,0.117840
9051,0.006691,0.791992,0.791992,0.007993,0.039835,0.806860,0.007993,0.117840
9052,0.000398,0.813477,0.813477,0.007495,0.021177,0.806860,0.007993,0.117840
9053,0.003989,0.790039,0.790039,0.008117,0.044466,0.806860,0.007993,0.117840
9054,0.007374,0.815430,0.815430,0.007374,0.074841,0.806860,0.007993,0.117840
9055,0.001475,0.797852,0.797852,0.007941,0.024161,0.806860,0.007993,0.117840
9056,-0.008193,0.791992,0.791992,0.008380,0.015615,0.806860,0.007993,0.117840
9057,0.010053,0.758789,0.758789,0.007771,0.070976,0.806860,0.007993,0.117840
9058,-0.005844,0.811523,0.811523,0.007600,0.014860,0.806860,0.007993,0.117840
9059,0.001423,0.784180,0.784180,0.007739,0.035887,0.806860,0.007993,0.117840
9060,0.002003,0.808594,0.808594,0.008263,0.041800,0.806860,0.007993,0.117840
9061,0.002779,0.826172,0.826172,0.007537,0.036536,0.806860,0.007993,0.117840
9062,0.003680,0.794922,0.794922,0.008246,0.007414,0.806860,0.007993,0.117840
9063,-0.031490,0.842773,0.842773,0.008282,0.043775,0.806860,0.007993,0.117840
9064,-0.002262,0.787109,0.787109,0.007834,0.011953,0.806860,0.007993,0.117840
9065,-0.001311,0.782227,0.782227,0.008091,0.029458,0.806860,0.007993,0.117840
9066,-0.000936,0.790039,0.790039,0.007982,0.013408,0.806860,0.007993,0.117840
9067,-0.000900,0.765625,0.765625,0.007791,0.066553,0.806860,0.007993,0.117840
9068,-0.000459,0.828125,0.828125,0.008138,0.015806,0.806860,0.007993,0.117840
9069,0.009714,0.772461,0.772461,0.007556,0.065919,0.806860,0.007993,0.117840
9070,0.003015,0.788086,0.788086,0.008097,0.027075,0.806860,0.007993,0.117840
9071,0.003658,0.811719,0.811719,0.007835,0.041537,0.806860,0.007993,0.117840
9072,0.006570,0.791992,0.791992,0.007786,0.066037,0.806860,0.007993,0.117840
9073,0.002309,0.841797,0.841797,0.007976,0.019797,0.806860,0.007993,0.117840
9074,-0.003532,0.836914,0.836914,0.008073,0.043470,0.806860,0.007993,0.117840
9075,0.004132,0.817383,0.817383,0.007777,0.044113,0.806860,0.007993,0.117840
9076,0.009508,0.787109,0.787109,0.007773,0.043084,0.806860,0.007993,0.117840
9077,0.005390,0.851953,0.851953,0.008043,0.048783,0.806860,0.007993,0.117840
9078,-0.019926,0.817383,0.817383,0.008079,0.023905,0.806860,0.007993,0.117840
9079,-0.006902,0.841797,0.841797,0.007876,0.014790,0.806860,0.007993,0.117840
9080,-0.003323,0.854492,0.854492,0.007855,0.011712,0.806860,0.007993,0.117840
9081,0.003065,0.808594,0.808594,0.007890,0.060403,0.806860,0.007993,0.117840
9082,0.004224,0.798828,0.798828,0.007995,0.024853,0.806860,0.007993,0.117840
9083,0.004552,0.812891,0.812891,0.008041,0.026369,0.806860,0.007993,0.117840
9084,-0.001203,0.791992,0.791992,0.007817,0.015053,0.806860,0.007993,0.117840
9085,0.002904,0.816406,0.816406,0.008007,0.031314,0.806860,0.007993,0.117840
9086,0.005622,0.806641,0.806641,0.007951,0.047455,0.806860,0.007993,0.117840
9087,0.008764,0.823242,0.823242,0.008067,0.055811,0.806860,0.007993,0.117840
9088,0.000635,0.844727,0.844727,0.007677,0.017361,0.806860,0.007993,0.117840
9089,-0.010560,0.827148,0.827148,0.007898,0.019961,0.806860,0.007993,0.117840
9090,0.000657,0.821289,0.821289,0.008162,0.026580,0.806860,0.007993,0.117840
9091,0.001798,0.805664,0.805664,0.007644,0.016418,0.806860,0.007993,0.117840
9092,0.006035,0.789062,0.789062,0.007852,0.034472,0.806860,0.007993,0.117840
9093,0.002076,0.824219,0.824219,0.007855,0.017548,0.806860,0.007993,0.117840
9094,0.004005,0.780273,0.780273,0.008038,0.029480,0.806860,0.007993,0.117840
9095,-0.000829,0.804688,0.804688,0.008121,0.008981,0.806860,0.007993,0.117840
9096,0.008919,0.756836,0.756836,0.008027,0.047045,0.806860,0.007993,0.117840
9097,0.001078,0.779297,0.779297,0.007659,0.027276,0.806860,0.007993,0.117840
9098,0.002604,0.808594,0.808594,0.008340,0.026485,0.806860,0.007993,0.117840
9099,-0.000059,0.803711,0.803711,0.007710,0.046140,0.806860,0.007993,0.117840
9100,-0.002253,0.768555,0.768555,0.007864,0.033332,0.806860,0.007993,0.117840
9101,-0.012107,0.819336,0.819336,0.007818,0.044896,0.806860,0.007993,0.117840
9102,0.003582,0.818945,0.818945,0.008241,0.021446,0.806860,0.007993,0.117840
9103,0.001359,0.854492,0.854492,0.008274,0.016164,0.806860,0.007993,0.117840
9104,-0.000489,0.799805,0.799805,0.008298,0.029237,0.806860,0.007993,0.117840
9105,-0.000796,0.830078,0.830078,0.007983,0.011122,0.806860,0.007993,0.117840
9106,0.000274,0.841797,0.841797,0.007778,0.018234,0.806860,0.007993,0.117840
9107,-0.000894,0.860352,0.860352,0.008454,0.031438,0.806860,0.007993,0.117840
9108,0.001102,0.807031,0.807031,0.007912,0.016893,0.806860,0.007993,0.117840
9109,-0.000560,0.826172,0.826172,0.008229,0.015181,0.806860,0.007993,0.117840
9110,-0.001136,0.793945,0.793945,0.008077,0.023952,0.806860,0.007993,0.117840
9111,-0.000146,0.833984,0.833984,0.008206,0.041784,0.806860,0.007993,0.117840
9112,0.003483,0.797852,0.797852,0.007875,0.024254,0.806860,0.007993,0.117840
9113,0.003323,0.807617,0.807617,0.008050,0.034372,0.806860,0.007993,0.117840
9114,0.001353,0.807617,0.807617,0.007816,0.017142,0.806860,0.007993,0.117840
9115,-0.001703,0.812500,0.812500,0.007961,0.011630,0.806860,0.007993,0.117840
9116,-0.007582,0.802148,0.802148,0.008009,0.014745,0.806860,0.007993,0.117840
9117,0.003122,0.801758,0.801758,0.008046,0.020871,0.806860,0.007993,0.117840
9118,-0.004923,0.822070,0.822070,0.007517,0.047835,0.806860,0.007993,0.117840
9119,0.003169,0.814648,0.814648,0.008016,0.023515,0.806860,0.007993,0.117840
9120,0.003815,0.809570,0.809570,0.008329,0.020784,0.806860,0.007993,0.117840
9121,0.001578,0.771484,0.771484,0.008269,0.018784,0.806860,0.007993,0.117840
9122,0.003738,0.826172,0.826172,0.007769,0.041222,0.806860,0.007993,0.117840
9123,0.001967,0.817383,0.817383,0.007756,0.034739,0.806860,0.007993,0.117840
9124,0.008139,0.835938,0.835938,0.007868,0.044719,0.806860,0.007993,0.117840
9125,-0.000138,0.789062,0.789062,0.008197,0.006617,0.806860,0.007993,0.117840
9126,0.006487,0.806836,0.806836,0.007644,0.043226,0.806860,0.007993,0.117840
9127,-0.000064,0.805664,0.805664,0.008037,0.023383,0.806860,0.007993,0.117840
9128,0.003855,0.798828,0.798828,0.008089,0.024061,0.806860,0.007993,0.117840
9129,0.001120,0.811523,0.811523,0.007743,0.019198,0.806860,0.007993,0.117840
9130,0.001736,0.766016,0.766016,0.007913,0.020582,0.806860,0.007993,0.117840
9131,0.000373,0.826172,0.826172,0.008264,0.032628,0.806860,0.007993,0.117840
9132,0.000904,0.861328,0.861328,0.008209,0.028324,0.806860,0.007993,0.117840
9133,0.005411,0.805664,0.805664,0.007857,0.045925,0.806860,0.007993,0.117840
9134,0.001344,0.803711,0.803711,0.008113,0.023679,0.806860,0.007993,0.117840
9135,0.003746,0.799805,0.799805,0.008040,0.010165,0.806860,0.007993,0.117840
9136,0.002138,0.783203,0.783203,0.008133,0.016677,0.806860,0.007993,0.117840
9137,-0.002939,0.782227,0.782227,0.007450,0.014509,0.806860,0.007993,0.117840
9138,0.003377,0.786133,0.786133,0.008019,0.024819,0.806860,0.007993,0.117840
9139,-0.000399,0.788086,0.788086,0.008058,0.009817,0.806860,0.007993,0.117840
9140,0.003194,0.820312,0.820312,0.008306,0.040832,0.806860,0.007993,0.117840
9141,0.000694,0.791406,0.791406,0.008119,0.011399,0.806860,0.007993,0.117840
9142,0.003731,0.796875,0.796875,0.007842,0.021660,0.806860,0.007993,0.117840
9143,0.005926,0.805664,0.805664,0.007706,0.038576,0.806860,0.007993,0.117840
9144,0.001214,0.780273,0.780273,0.007468,0.029461,0.806860,0.007993,0.117840
9145,0.006081,0.789453,0.789453,0.008041,0.050674,0.806860,0.007993,0.117840
9146,0.003671,0.822852,0.822852,0.007893,0.022744,0.806860,0.007993,0.117840
9147,0.002869,0.825195,0.825195,0.008074,0.048859,0.806860,0.007993,0.117840
9148,0.005658,0.808594,0.808594,0.007718,0.065206,0.806860,0.007993,0.117840
9149,0.003228,0.801758,0.801758,0.007985,0.034862,0.806860,0.007993,0.117840
9150,0.005355,0.778320,0.778320,0.007718,0.038573,0.806860,0.007993,0.117840
9151,0.000004,0.785156,0.785156,0.007301,0.003603,0.806860,0.007993,0.117840
9152,-0.028129,0.798828,0.798828,0.007919,0.039905,0.806860,0.007993,0.117840
9153,-0.000172,0.794922,0.794922,0.008454,0.006040,0.806860,0.007993,0.117840
9154,0.004935,0.807617,0.807617,0.007558,0.043121,0.806860,0.007993,0.117840
9155,-0.007091,0.809570,0.809570,0.008085,0.020387,0.806860,0.007993,0.117840
9156,0.000920,0.828125,0.828125,0.007990,0.049984,0.806860,0.007993,0.117840
9157,0.002664,0.789062,0.789062,0.007585,0.041946,0.806860,0.007993,0.117840
9158,0.000390,0.760352,0.760352,0.008035,0.038377,0.806860,0.007993,0.117840
9159,0.002093,0.825781,0.825781,0.008130,0.027411,0.806860,0.007993,0.117840
9160,0.004587,0.768555,0.768555,0.008385,0.021455,0.806860,0.007993,0.117840
9161,-0.001626,0.795898,0.795898,0.008019,0.010490,0.806860,0.007993,0.117840
9162,-0.006059,0.819336,0.819336,0.008008,0.042686,0.806860,0.007993,0.117840
9163,-0.000705,0.835938,0.835938,0.008150,0.007618,0.806860,0.007993,0.117840
9164,0.005112,0.835938,0.835938,0.007603,0.048934,0.806860,0.007993,0.117840
9165,0.002241,0.759766,0.759766,0.007740,0.021861,0.806860,0.007993,0.117840
9166,0.005146,0.776367,0.776367,0.007742,0.035445,0.806860,0.007993,0.117840
9167,0.002645,0.824219,0.824219,0.007859,0.049418,0.806860,0.007993,0.117840
9168,0.001746,0.819336,0.819336,0.008182,0.020340,0.806860,0.007993,0.117840
9169,0.001881,0.811523,0.811523,0.008224,0.012230,0.806860,0.007993,0.117840
9170,0.004548,0.800977,0.800977,0.008016,0.041317,0.806860,0.007993,0.117840
9171,0.002779,0.814453,0.814453,0.007989,0.021040,0.806860,0.007993,0.117840
9172,-0.000154,0.782617,0.782617,0.008194,0.046026,0.806860,0.007993,0.117840
9173,0.003302,0.816406,0.816406,0.007437,0.022663,0.806860,0.007993,0.117840
9174,0.003248,0.822266,0.822266,0.008086,0.022569,0.806860,0.007993,0.117840
9175,-0.000409,0.803711,0.803711,0.007913,0.012145,0.806860,0.007993,0.117840
9176,0.004322,0.797852,0.797852,0.007761,0.018526,0.806860,0.007993,0.117840
9177,-0.002318,0.810547,0.810547,0.008172,0.010823,0.806860,0.007993,0.117840
9178,0.003058,0.828125,0.828125,0.007778,0.028803,0.806860,0.007993,0.117840
9179,-0.000978,0.842383,0.842383,0.008249,0.020840,0.806860,0.007993,0.117840
9180,0.004719,0.809766,0.809766,0.007781,0.032204,0.806860,0.007993,0.117840
9181,-0.006568,0.803711,0.803711,0.007973,0.024979,0.806860,0.007993,0.117840
9182,0.001181,0.792969,0.792969,0.007947,0.019833,0.806860,0.007993,0.117840
9183,-0.002234,0.852539,0.852539,0.007762,0.041032,0.806860,0.007993,0.117840
9184,0.002063,0.810547,0.810547,0.007944,0.028364,0.806860,0.007993,0.117840
9185,0.000938,0.797852,0.797852,0.008228,0.027765,0.806860,0.007993,0.117840
9186,0.003372,0.811523,0.811523,0.007941,0.047445,0.806860,0.007993,0.117840
9187,0.001461,0.813477,0.813477,0.007740,0.063383,0.806860,0.007993,0.117840
9188,-0.009378,0.809570,0.809570,0.007619,0.021463,0.806860,0.007993,0.117840
9189,0.001548,0.817383,0.817383,0.007745,0.038355,0.806860,0.007993,0.117840
9190,-0.005619,0.829102,0.829102,0.007922,0.010662,0.806860,0.007993,0.117840
9191,0.001966,0.784180,0.784180,0.007870,0.030571,0.806860,0.007993,0.117840
9192,-0.001737,0.793945,0.793945,0.007582,0.041941,0.806860,0.007993,0.117840
9193,0.002083,0.829883,0.829883,0.007929,0.045032,0.806860,0.007993,0.117840
9194,0.001877,0.816406,0.816406,0.008230,0.009839,0.806860,0.007993,0.117840
9195,0.003160,0.840234,0.840234,0.007645,0.039260,0.806860,0.007993,0.117840
9196,0.001710,0.785547,0.785547,0.007621,0.048667,0.806860,0.007993,0.117840
9197,-0.003754,0.800781,0.800781,0.007704,0.016119,0.806860,0.007993,0.117840
9198,0.003324,0.811523,0.811523,0.007900,0.009977,0.806860,0.007993,0.117840
9199,0.003490,0.796875,0.796875,0.008246,0.039098,0.806860,0.007993,0.117840
9200,0.006935,0.849609,0.849609,0.007976,0.035792,0.806860,0.007993,0.117840
9201,-0.000447,0.781250,0.781250,0.008120,0.038234,0.806860,0.007993,0.117840
9202,0.005586,0.784180,0.784180,0.007784,0.029799,0.806860,0.007993,0.117840
9203,-0.002080,0.845703,0.845703,0.008232,0.008936,0.806860,0.007993,0.117840
9204,0.006425,0.821289,0.821289,0.008137,0.054527,0.806860,0.007993,0.117840
9205,-0.000710,0.781250,0.781250,0.007933,0.025146,0.806860,0.007993,0.117840
9206,0.002270,0.798828,0.798828,0.007748,0.025722,0.806860,0.007993,0.117840
9207,-0.002349,0.760742,0.760742,0.008276,0.013094,0.806860,0.007993,0.117840
9208,0.000183,0.840820,0.840820,0.008222,0.022421,0.806860,0.007993,0.117840
9209,0.006078,0.822266,0.822266,0.007695,0.047406,0.806860,0.007993,0.117840
9210,0.002307,0.837891,0.837891,0.007927,0.025472,0.806860,0.007993,0.117840
9211,0.013879,0.830078,0.830078,0.007837,0.090817,0.806860,0.007993,0.117840
9212,0.002761,0.801758,0.801758,0.008103,0.016104,0.806860,0.007993,0.117840
9213,0.003402,0.846680,0.846680,0.007983,0.037616,0.806860,0.007993,0.117840
9214,-0.000261,0.792969,0.792969,0.007427,0.016440,0.806860,0.007993,0.117840
9215,0.000441,0.816406,0.816406,0.008170,0.025009,0.806860,0.007993,0.117840
9216,0.005590,0.826172,0.826172,0.007899,0.029679,0.806860,0.007993,0.117840
9217,0.003556,0.819336,0.819336,0.007955,0.019927,0.806860,0.007993,0.117840
9218,0.005806,0.825195,0.825195,0.007544,0.038455,0.806860,0.007993,0.117840
9219,0.002198,0.836914,0.836914,0.007940,0.042518,0.806860,0.007993,0.117840
9220,0.000615,0.811523,0.811523,0.007914,0.045845,0.806860,0.007993,0.117840
9221,0.004456,0.817383,0.817383,0.008097,0.041237,0.806860,0.007993,0.117840
9222,0.001530,0.817773,0.817773,0.008072,0.024471,0.806860,0.007993,0.117840
9223,0.004413,0.817773,0.817773,0.007570,0.023286,0.806860,0.007993,0.117840
9224,0.004357,0.813477,0.813477,0.007428,0.031390,0.806860,0.007993,0.117840
9225,0.000197,0.829297,0.829297,0.007937,0.006917,0.806860,0.007993,0.117840
9226,0.008397,0.796875,0.796875,0.007816,0.045227,0.806860,0.007993,0.117840
9227,0.002727,0.791016,0.791016,0.008309,0.033199,0.806860,0.007993,0.117840
9228,0.005921,0.807617,0.807617,0.008024,0.032453,0.806860,0.007993,0.117840
9229,0.003736,0.769531,0.769531,0.008197,0.020645,0.806860,0.007993,0.117840
9230,-0.015950,0.775391,0.775391,0.007706,0.040065,0.806860,0.007993,0.117840
9231,-0.018575,0.771484,0.771484,0.008125,0.037988,0.806860,0.007993,0.117840
9232,0.000330,0.820117,0.820117,0.007975,0.025601,0.806860,0.007993,0.117840
9233,0.003218,0.832031,0.832031,0.007703,0.054761,0.806860,0.007993,0.117840
9234,0.004855,0.813086,0.813086,0.007866,0.059871,0.806860,0.007993,0.117840
9235,-0.001479,0.817383,0.817383,0.007866,0.017496,0.806860,0.007993,0.117840
9236,-0.000131,0.852539,0.852539,0.008319,0.006644,0.806860,0.007993,0.117840
9237,0.003098,0.800781,0.800781,0.008156,0.022509,0.806860,0.007993,0.117840
9238,0.003069,0.814453,0.814453,0.007709,0.021536,0.806860,0.007993,0.117840
9239,0.003035,0.833008,0.833008,0.007836,0.042187,0.806860,0.007993,0.117840
9240,0.002124,0.824219,0.824219,0.007315,0.029825,0.806860,0.007993,0.117840
9241,0.008781,0.794141,0.794141,0.008270,0.060920,0.806860,0.007993,0.117840
9242,-0.007254,0.819336,0.819336,0.007804,0.026187,0.806860,0.007993,0.117840
9243,0.000515,0.797852,0.797852,0.007553,0.018404,0.806860,0.007993,0.117840
9244,0.002466,0.801758,0.801758,0.007529,0.034536,0.806860,0.007993,0.117840
9245,0.009561,0.806641,0.806641,0.007985,0.029856,0.806860,0.007993,0.117840
9246,-0.002509,0.812500,0.812500,0.007523,0.008888,0.806860,0.007993,0.117840
9247,0.000733,0.801953,0.801953,0.007743,0.020004,0.806860,0.007993,0.117840
9248,0.002743,0.791992,0.791992,0.008246,0.022417,0.806860,0.007993,0.117840
9249,0.003683,0.837891,0.837891,0.007790,0.042612,0.806860,0.007993,0.117840
9250,0.005832,0.808594,0.808594,0.008015,0.037352,0.806860,0.007993,0.117840
9251,0.001409,0.827148,0.827148,0.008355,0.014562,0.806860,0.007993,0.117840
9252,0.003639,0.794922,0.794922,0.007869,0.011517,0.806860,0.007993,0.117840
9253,0.005150,0.821289,0.821289,0.007888,0.024645,0.806860,0.007993,0.117840
9254,0.006288,0.784766,0.784766,0.007642,0.050399,0.806860,0.007993,0.117840
9255,0.005915,0.783203,0.783203,0.007917,0.036247,0.806860,0.007993,0.117840
9256,0.006490,0.772461,0.772461,0.008177,0.015835,0.806860,0.007993,0.117840
9257,0.001717,0.828125,0.828125,0.007329,0.011082,0.806860,0.007993,0.117840
9258,0.004873,0.808203,0.808203,0.008104,0.040663,0.806860,0.007993,0.117840
9259,-0.011096,0.794336,0.794336,0.007897,0.021181,0.806860,0.007993,0.117840
9260,0.002455,0.806641,0.806641,0.007958,0.027125,0.806860,0.007993,0.117840
9261,0.005162,0.823242,0.823242,0.007594,0.036844,0.806860,0.007993,0.117840
9262,-0.002088,0.807617,0.807617,0.007732,0.048594,0.806860,0.007993,0.117840
9263,0.002224,0.813477,0.813477,0.007952,0.040179,0.806860,0.007993,0.117840
9264,0.002325,0.791992,0.791992,0.007745,0.030482,0.806860,0.007993,0.117840
9265,0.000874,0.805664,0.805664,0.008132,0.028441,0.806860,0.007993,0.117840
9266,0.002657,0.829492,0.829492,0.007984,0.030905,0.806860,0.007993,0.117840
9267,0.009536,0.787109,0.787109,0.007805,0.040786,0.806860,0.007993,0.117840
9268,0.000010,0.780273,0.780273,0.007918,0.009096,0.806860,0.007993,0.117840
9269,-0.024549,0.801758,0.801758,0.007983,0.014951,0.806860,0.007993,0.117840
9270,-0.001711,0.847656,0.847656,0.007980,0.031058,0.806860,0.007993,0.117840
9271,0.000053,0.831055,0.831055,0.007622,0.030753,0.806860,0.007993,0.117840
9272,-0.000479,0.834961,0.834961,0.007882,0.011689,0.806860,0.007993,0.117840
9273,0.001466,0.820703,0.820703,0.007950,0.020954,0.806860,0.007993,0.117840
9274,0.000929,0.818164,0.818164,0.008266,0.012855,0.806860,0.007993,0.117840
9275,0.001386,0.814453,0.814453,0.007775,0.020697,0.806860,0.007993,0.117840
9276,0.002098,0.769141,0.769141,0.007686,0.025167,0.806860,0.007993,0.117840
9277,0.000230,0.781250,0.781250,0.007796,0.029217,0.806860,0.007993,0.117840
9278,-0.002861,0.822266,0.822266,0.007330,0.016846,0.806860,0.007993,0.117840
9279,-0.008467,0.796875,0.796875,0.007820,0.040993,0.806860,0.007993,0.117840
9280,0.001445,0.838867,0.838867,0.008045,0.028618,0.806860,0.007993,0.117840
9281,0.000057,0.772461,0.772461,0.007812,0.017702,0.806860,0.007993,0.117840
9282,0.001503,0.825195,0.825195,0.007854,0.030230,0.806860,0.007993,0.117840
9283,-0.007221,0.827148,0.827148,0.007874,0.041850,0.806860,0.007993,0.117840
9284,0.000441,0.829102,0.829102,0.007894,0.023620,0.806860,0.007993,0.117840
9285,0.003549,0.816406,0.816406,0.007940,0.024785,0.806860,0.007993,0.117840
9286,0.002048,0.791992,0.791992,0.007802,0.007022,0.806860,0.007993,0.117840
9287,0.009080,0.767969,0.767969,0.007929,0.048349,0.806860,0.007993,0.117840
9288,0.008030,0.767578,0.767578,0.007772,0.038855,0.806860,0.007993,0.117840
9289,-0.016422,0.809570,0.809570,0.007993,0.030632,0.806860,0.007993,0.117840
9290,0.000830,0.794922,0.794922,0.007711,0.017127,0.806860,0.007993,0.117840
9291,-0.000025,0.804102,0.804102,0.008017,0.034552,0.806860,0.007993,0.117840
9292,-0.002537,0.798437,0.798437,0.007945,0.031539,0.806860,0.007993,0.117840
9293,0.002712,0.821289,0.821289,0.007913,0.021261,0.806860,0.007993,0.117840
9294,0.002385,0.822266,0.822266,0.007631,0.034425,0.806860,0.007993,0.117840
9295,0.003621,0.796875,0.796875,0.007909,0.020928,0.806860,0.007993,0.117840
9296,0.000981,0.803711,0.803711,0.007979,0.027523,0.806860,0.007993,0.117840
9297,0.000453,0.791992,0.791992,0.008103,0.051713,0.806860,0.007993,0.117840
9298,-0.000798,0.803320,0.803320,0.008319,0.018532,0.806860,0.007993,0.117840
9299,0.002946,0.794922,0.794922,0.007855,0.031247,0.806860,0.007993,0.117840
9300,0.008663,0.781250,0.781250,0.008003,0.034987,0.806860,0.007993,0.117840
9301,0.002921,0.784180,0.784180,0.007744,0.021010,0.806860,0.007993,0.117840
9302,0.004967,0.797852,0.797852,0.007580,0.028080,0.806860,0.007993,0.117840
9303,0.001650,0.828125,0.828125,0.008018,0.025178,0.806860,0.007993,0.117840
9304,-0.003219,0.818359,0.818359,0.008270,0.020267,0.806860,0.007993,0.117840
9305,0.002415,0.829102,0.829102,0.008191,0.023767,0.806860,0.007993,0.117840
9306,-0.002696,0.785156,0.785156,0.007427,0.049525,0.806860,0.007993,0.117840
9307,0.008271,0.786133,0.786133,0.008040,0.040146,0.806860,0.007993,0.117840
9308,-0.011156,0.797852,0.797852,0.007792,0.024423,0.806860,0.007993,0.117840
9309,0.002347,0.823242,0.823242,0.007844,0.028983,0.806860,0.007993,0.117840
9310,-0.001989,0.820312,0.820312,0.007928,0.016835,0.806860,0.007993,0.117840
9311,0.001208,0.774414,0.774414,0.007915,0.020459,0.806860,0.007993,0.117840
9312,0.007602,0.793945,0.793945,0.007543,0.047683,0.806860,0.007993,0.117840
9313,-0.000728,0.822266,0.822266,0.008364,0.011996,0.806860,0.007993,0.117840
9314,-0.000059,0.796875,0.796875,0.008299,0.011240,0.806860,0.007993,0.117840
9315,0.000945,0.827930,0.827930,0.007518,0.057607,0.806860,0.007993,0.117840
9316,-0.000556,0.789062,0.789062,0.007786,0.014731,0.806860,0.007993,0.117840
9317,-0.000169,0.778320,0.778320,0.008222,0.014682,0.806860,0.007993,0.117840
9318,-0.000326,0.775391,0.775391,0.008284,0.011238,0.806860,0.007993,0.117840
9319,0.003209,0.806055,0.806055,0.007702,0.035010,0.806860,0.007993,0.117840
9320,0.005490,0.855469,0.855469,0.007910,0.027577,0.806860,0.007993,0.117840
9321,0.002983,0.824219,0.824219,0.007969,0.042730,0.806860,0.007993,0.117840
9322,-0.000496,0.813477,0.813477,0.008040,0.043249,0.806860,0.007993,0.117840
9323,-0.001989,0.825195,0.825195,0.007740,0.016612,0.806860,0.007993,0.117840
9324,0.005106,0.806641,0.806641,0.008015,0.039082,0.806860,0.007993,0.117840
9325,0.001703,0.799805,0.799805,0.008089,0.030572,0.806860,0.007993,0.117840
9326,-0.008672,0.795898,0.795898,0.008099,0.029670,0.806860,0.007993,0.117840
9327,-0.011376,0.816406,0.816406,0.008267,0.051418,0.806860,0.007993,0.117840
9328,0.003120,0.808398,0.808398,0.008401,0.044692,0.806860,0.007993,0.117840
9329,-0.001636,0.809570,0.809570,0.008466,0.015943,0.806860,0.007993,0.117840
9330,0.004645,0.811523,0.811523,0.007871,0.052868,0.806860,0.007993,0.117840
9331,0.003444,0.796875,0.796875,0.007750,0.024858,0.806860,0.007993,0.117840
9332,0.004633,0.797852,0.797852,0.008215,0.030171,0.806860,0.007993,0.117840
9333,0.003392,0.800781,0.800781,0.007504,0.038411,0.806860,0.007993,0.117840
9334,0.003500,0.822266,0.822266,0.007540,0.023943,0.806860,0.007993,0.117840
9335,0.000095,0.785156,0.785156,0.007966,0.037011,0.806860,0.007993,0.117840
9336,-0.000219,0.811523,0.811523,0.008300,0.008461,0.806860,0.007993,0.117840
9337,0.004445,0.826172,0.826172,0.007795,0.042334,0.806860,0.007993,0.117840
9338,0.000376,0.836914,0.836914,0.007828,0.019142,0.806860,0.007993,0.117840
9339,0.004388,0.789062,0.789062,0.008284,0.041888,0.806860,0.007993,0.117840
9340,0.001298,0.798242,0.798242,0.008306,0.046204,0.806860,0.007993,0.117840
9341,-0.000402,0.794531,0.794531,0.008235,0.011828,0.806860,0.007993,0.117840
9342,-0.015656,0.835938,0.835938,0.008041,0.015019,0.806860,0.007993,0.117840
9343,0.000973,0.769531,0.769531,0.008116,0.017739,0.806860,0.007993,0.117840
9344,0.005333,0.794922,0.794922,0.007724,0.057347,0.806860,0.007993,0.117840
9345,0.005537,0.818945,0.818945,0.008173,0.023377,0.806860,0.007993,0.117840
9346,0.001963,0.806641,0.806641,0.007639,0.019619,0.806860,0.007993,0.117840
9347,0.001513,0.794922,0.794922,0.007815,0.033941,0.806860,0.007993,0.117840
9348,0.001921,0.816406,0.816406,0.008035,0.047550,0.806860,0.007993,0.117840
9349,0.000602,0.838867,0.838867,0.008434,0.016266,0.806860,0.007993,0.117840
9350,-0.003344,0.801758,0.801758,0.007867,0.057878,0.806860,0.007993,0.117840
9351,0.003713,0.798828,0.798828,0.008149,0.057311,0.806860,0.007993,0.117840
9352,0.003957,0.812500,0.812500,0.008064,0.036692,0.806860,0.007993,0.117840
9353,0.001881,0.817383,0.817383,0.007715,0.011236,0.806860,0.007993,0.117840
9354,-0.000628,0.811523,0.811523,0.007971,0.023652,0.806860,0.007993,0.117840
9355,0.000850,0.822266,0.822266,0.008211,0.019158,0.806860,0.007993,0.117840
9356,-0.017250,0.780273,0.780273,0.007923,0.045796,0.806860,0.007993,0.117840
9357,0.004719,0.771875,0.771875,0.008099,0.019802,0.806860,0.007993,0.117840
9358,0.006714,0.818359,0.818359,0.007947,0.045203,0.806860,0.007993,0.117840
9359,0.003724,0.815430,0.815430,0.008021,0.033404,0.806860,0.007993,0.117840
9360,0.005618,0.815039,0.815039,0.008036,0.047842,0.806860,0.007993,0.117840
9361,0.006203,0.845703,0.845703,0.007998,0.039326,0.806860,0.007993,0.117840
9362,-0.001501,0.827148,0.827148,0.007583,0.008223,0.806860,0.007993,0.117840
9363,0.005363,0.750000,0.750000,0.007767,0.035918,0.806860,0.007993,0.117840
9364,0.004233,0.844727,0.844727,0.007842,0.043529,0.806860,0.007993,0.117840
9365,0.007164,0.779297,0.779297,0.008272,0.052709,0.806860,0.007993,0.117840
9366,0.004940,0.781836,0.781836,0.007989,0.044032,0.806860,0.007993,0.117840
9367,0.002122,0.797461,0.797461,0.007709,0.032404,0.806860,0.007993,0.117840
9368,-0.012040,0.798828,0.798828,0.007550,0.003730,0.806860,0.007993,0.117840
9369,-0.004869,0.783203,0.783203,0.007837,0.025846,0.806860,0.007993,0.117840
9370,0.003312,0.838867,0.838867,0.007814,0.031388,0.806860,0.007993,0.117840
9371,-0.000247,0.839258,0.839258,0.007704,0.023973,0.806860,0.007993,0.117840
9372,0.001967,0.791016,0.791016,0.007713,0.015892,0.806860,0.007993,0.117840
9373,0.004785,0.795898,0.795898,0.008020,0.035716,0.806860,0.007993,0.117840
9374,0.005972,0.788086,0.788086,0.008304,0.028073,0.806860,0.007993,0.117840
9375,0.003345,0.810547,0.810547,0.007763,0.020034,0.806860,0.007993,0.117840
9376,0.000615,0.831055,0.831055,0.007684,0.008612,0.806860,0.007993,0.117840
9377,-0.002151,0.805664,0.805664,0.007961,0.008055,0.806860,0.007993,0.117840
9378,0.005019,0.783203,0.783203,0.007526,0.031097,0.806860,0.007993,0.117840
9379,0.000981,0.873047,0.873047,0.007845,0.011996,0.806860,0.007993,0.117840
9380,0.002691,0.824219,0.824219,0.007652,0.028347,0.806860,0.007993,0.117840
9381,0.000836,0.858398,0.858398,0.007729,0.020275,0.806860,0.007993,0.117840
9382,0.000898,0.830078,0.830078,0.007958,0.035028,0.806860,0.007993,0.117840
9383,0.004326,0.754883,0.754883,0.007925,0.033599,0.806860,0.007993,0.117840
9384,0.004179,0.791016,0.791016,0.007559,0.055843,0.806860,0.007993,0.117840
9385,0.008144,0.796289,0.796289,0.007717,0.053048,0.806860,0.007993,0.117840
9386,0.003247,0.814453,0.814453,0.008002,0.021715,0.806860,0.007993,0.117840
9387,-0.000503,0.839844,0.839844,0.007686,0.008382,0.806860,0.007993,0.117840
9388,-0.001879,0.816406,0.816406,0.007786,0.018611,0.806860,0.007993,0.117840
9389,-0.000273,0.805664,0.805664,0.007741,0.019506,0.806860,0.007993,0.117840
9390,0.002789,0.830078,0.830078,0.008393,0.025895,0.806860,0.007993,0.117840
9391,0.001920,0.824219,0.824219,0.007898,0.021408,0.806860,0.007993,0.117840
9392,0.002664,0.804688,0.804688,0.007948,0.019456,0.806860,0.007993,0.117840
9393,0.002412,0.803711,0.803711,0.008079,0.033432,0.806860,0.007993,0.117840
9394,-0.006414,0.826172,0.826172,0.008226,0.022527,0.806860,0.007993,0.117840
9395,0.005075,0.792969,0.792969,0.007658,0.035453,0.806860,0.007993,0.117840
9396,-0.001459,0.839844,0.839844,0.008098,0.034082,0.806860,0.007993,0.117840
9397,-0.000537,0.790039,0.790039,0.008086,0.011830,0.806860,0.007993,0.117840
9398,0.003983,0.802734,0.802734,0.008049,0.015853,0.806860,0.007993,0.117840
9399,-0.014642,0.811328,0.811328,0.008167,0.022226,0.806860,0.007993,0.117840
9400,0.003864,0.787109,0.787109,0.008078,0.023766,0.806860,0.007993,0.117840
9401,-0.008296,0.808594,0.808594,0.007910,0.015829,0.806860,0.007993,0.117840
9402,0.000092,0.804688,0.804688,0.007974,0.010672,0.806860,0.007993,0.117840
9403,0.002778,0.800781,0.800781,0.008272,0.027708,0.806860,0.007993,0.117840
9404,0.000627,0.813477,0.813477,0.007931,0.017458,0.806860,0.007993,0.117840
9405,0.001453,0.825195,0.825195,0.007609,0.015533,0.806860,0.007993,0.117840
9406,0.002150,0.790039,0.790039,0.007575,0.023288,0.806860,0.007993,0.117840
9407,0.001829,0.830078,0.830078,0.007778,0.022608,0.806860,0.007993,0.117840
9408,0.000472,0.829102,0.829102,0.007930,0.027357,0.806860,0.007993,0.117840
9409,-0.006212,0.805664,0.805664,0.007626,0.032292,0.806860,0.007993,0.117840
9410,-0.021582,0.814844,0.814844,0.008018,0.026706,0.806860,0.007993,0.117840
9411,0.004055,0.791016,0.791016,0.007737,0.019433,0.806860,0.007993,0.117840
9412,0.006027,0.819336,0.819336,0.007897,0.034828,0.806860,0.007993,0.117840
9413,-0.000054,0.833984,0.833984,0.007479,0.001878,0.806860,0.007993,0.117840
9414,0.004339,0.823242,0.823242,0.007996,0.017143,0.806860,0.007993,0.117840
9415,0.005759,0.794922,0.794922,0.007987,0.035591,0.806860,0.007993,0.117840
9416,0.001017,0.833203,0.833203,0.007594,0.023504,0.806860,0.007993,0.117840
9417,0.000934,0.833008,0.833008,0.008020,0.018198,0.806860,0.007993,0.117840
9418,-0.004828,0.817383,0.817383,0.007887,0.018331,0.806860,0.007993,0.117840
9419,-0.035179,0.758789,0.758789,0.007836,0.016168,0.806860,0.007993,0.117840
9420,-0.002315,0.809570,0.809570,0.007896,0.036965,0.806860,0.007993,0.117840
9421,0.000969,0.823242,0.823242,0.008156,0.031410,0.806860,0.007993,0.117840
9422,0.002174,0.812500,0.812500,0.007881,0.014181,0.806860,0.007993,0.117840
9423,0.002466,0.785156,0.785156,0.007974,0.034090,0.806860,0.007993,0.117840
9424,0.001483,0.790039,0.790039,0.008158,0.016427,0.806860,0.007993,0.117840
9425,0.004427,0.801758,0.801758,0.008426,0.039055,0.806860,0.007993,0.117840
9426,0.002175,0.833008,0.833008,0.007677,0.027388,0.806860,0.007993,0.117840
9427,0.001604,0.849219,0.849219,0.008068,0.015808,0.806860,0.007993,0.117840
9428,0.005228,0.814453,0.814453,0.008198,0.027725,0.806860,0.007993,0.117840
9429,0.001801,0.795898,0.795898,0.008132,0.024196,0.806860,0.007993,0.117840
9430,-0.007305,0.799805,0.799805,0.008084,0.034578,0.806860,0.007993,0.117840
9431,0.004197,0.838867,0.838867,0.007968,0.034645,0.806860,0.007993,0.117840
9432,-0.000212,0.803711,0.803711,0.008443,0.029452,0.806860,0.007993,0.117840
9433,0.001938,0.824219,0.824219,0.007992,0.029381,0.806860,0.007993,0.117840
9434,0.001671,0.815430,0.815430,0.008049,0.018358,0.806860,0.007993,0.117840
9435,0.000048,0.831055,0.831055,0.007783,0.031722,0.806860,0.007993,0.117840
9436,0.001213,0.781641,0.781641,0.008153,0.024446,0.806860,0.007993,0.117840
9437,0.001349,0.806641,0.806641,0.008117,0.019705,0.806860,0.007993,0.117840
9438,-0.019616,0.752930,0.752930,0.007638,0.019629,0.806860,0.007993,0.117840
9439,0.001973,0.790039,0.790039,0.007777,0.022988,0.806860,0.007993,0.117840
9440,-0.000499,0.826172,0.826172,0.007936,0.038475,0.806860,0.007993,0.117840
9441,0.006309,0.824219,0.824219,0.007497,0.044234,0.806860,0.007993,0.117840
9442,0.004685,0.787305,0.787305,0.008230,0.032294,0.806860,0.007993,0.117840
9443,0.003975,0.809961,0.809961,0.007790,0.052052,0.806860,0.007993,0.117840
9444,0.005400,0.804688,0.804688,0.008138,0.038390,0.806860,0.007993,0.117840
9445,0.002545,0.788477,0.788477,0.007739,0.018538,0.806860,0.007993,0.117840
9446,0.005297,0.797852,0.797852,0.007855,0.033000,0.806860,0.007993,0.117840
9447,0.004089,0.789062,0.789062,0.007424,0.023792,0.806860,0.007993,0.117840
9448,0.000264,0.811523,0.811523,0.007670,0.022435,0.806860,0.007993,0.117840
9449,0.004835,0.800781,0.800781,0.007975,0.033190,0.806860,0.007993,0.117840
9450,0.003990,0.841797,0.841797,0.007493,0.031700,0.806860,0.007993,0.117840
9451,-0.015005,0.802930,0.802930,0.008159,0.031719,0.806860,0.007993,0.117840
9452,-0.004100,0.828125,0.828125,0.007970,0.017076,0.806860,0.007993,0.117840
9453,0.002377,0.813477,0.813477,0.007878,0.024170,0.806860,0.007993,0.117840
9454,0.005403,0.799805,0.799805,0.007856,0.032040,0.806860,0.007993,0.117840
9455,0.000995,0.819336,0.819336,0.008144,0.025239,0.806860,0.007993,0.117840
9456,-0.003781,0.807617,0.807617,0.007947,0.022140,0.806860,0.007993,0.117840
9457,0.000499,0.812500,0.812500,0.007581,0.020741,0.806860,0.007993,0.117840
9458,0.000561,0.800781,0.800781,0.008355,0.033668,0.806860,0.007993,0.117840
9459,-0.000353,0.815820,0.815820,0.008210,0.010505,0.806860,0.007993,0.117840
9460,0.003094,0.804102,0.804102,0.007853,0.030439,0.806860,0.007993,0.117840
9461,0.002750,0.826172,0.826172,0.007556,0.020747,0.806860,0.007993,0.117840
9462,-0.000537,0.783203,0.783203,0.007849,0.013822,0.806860,0.007993,0.117840
9463,-0.000257,0.781250,0.781250,0.007756,0.005312,0.806860,0.007993,0.117840
9464,0.000958,0.814844,0.814844,0.007869,0.010161,0.806860,0.007993,0.117840
9465,0.003439,0.825195,0.825195,0.008057,0.018925,0.806860,0.007993,0.117840
9466,0.004915,0.794922,0.794922,0.007763,0.032626,0.806860,0.007993,0.117840
9467,-0.000491,0.797852,0.797852,0.008117,0.032254,0.806860,0.007993,0.117840
9468,0.012819,0.772461,0.772461,0.007684,0.062874,0.806860,0.007993,0.117840
9469,0.003354,0.824219,0.824219,0.008033,0.040129,0.806860,0.007993,0.117840
9470,-0.000083,0.785156,0.785156,0.007951,0.029849,0.806860,0.007993,0.117840
9471,0.007637,0.796875,0.796875,0.008051,0.045434,0.806860,0.007993,0.117840
9472,-0.000128,0.768164,0.768164,0.007998,0.028236,0.806860,0.007993,0.117840
9473,0.001074,0.794336,0.794336,0.008048,0.017046,0.806860,0.007993,0.117840
9474,0.004131,0.853516,0.853516,0.007492,0.058604,0.806860,0.007993,0.117840
9475,0.004536,0.810547,0.810547,0.007706,0.043648,0.806860,0.007993,0.117840
9476,-0.005561,0.829102,0.829102,0.007897,0.027817,0.806860,0.007993,0.117840
9477,0.001997,0.773438,0.773438,0.007874,0.020209,0.806860,0.007993,0.117840
9478,0.002263,0.799805,0.799805,0.008049,0.036162,0.806860,0.007993,0.117840
9479,0.003829,0.790039,0.790039,0.007715,0.028028,0.806860,0.007993,0.117840
9480,0.002537,0.828125,0.828125,0.007976,0.023587,0.806860,0.007993,0.117840
9481,0.004775,0.801758,0.801758,0.007995,0.028536,0.806860,0.007993,0.117840
9482,0.009141,0.825781,0.825781,0.008015,0.066092,0.806860,0.007993,0.117840
9483,0.002349,0.850586,0.850586,0.007859,0.024065,0.806860,0.007993,0.117840
9484,-0.000119,0.824219,0.824219,0.007928,0.034784,0.806860,0.007993,0.117840
9485,-0.015482,0.820312,0.820312,0.007949,0.041000,0.806860,0.007993,0.117840
9486,0.002915,0.789062,0.789062,0.007647,0.025183,0.806860,0.007993,0.117840
9487,0.000395,0.767578,0.767578,0.008088,0.009471,0.806860,0.007993,0.117840
9488,0.005355,0.801172,0.801172,0.007820,0.030544,0.806860,0.007993,0.117840
9489,-0.000922,0.803711,0.803711,0.007806,0.012911,0.806860,0.007993,0.117840
9490,-0.000060,0.805664,0.805664,0.008028,0.001238,0.806860,0.007993,0.117840
9491,0.001886,0.807617,0.807617,0.007885,0.041135,0.806860,0.007993,0.117840
9492,0.002373,0.830078,0.830078,0.007837,0.004764,0.806860,0.007993,0.117840
9493,-0.000204,0.807617,0.807617,0.007554,0.043967,0.806860,0.007993,0.117840
9494,0.006682,0.812891,0.812891,0.007906,0.054008,0.806860,0.007993,0.117840
9495,0.001160,0.809961,0.809961,0.007857,0.018357,0.806860,0.007993,0.117840
9496,0.003237,0.838477,0.838477,0.008217,0.036861,0.806860,0.007993,0.117840
9497,0.002467,0.819922,0.819922,0.007915,0.032460,0.806860,0.007993,0.117840
9498,-0.001031,0.796875,0.796875,0.007822,0.020999,0.806860,0.007993,0.117840
9499,0.001243,0.822266,0.822266,0.008153,0.014260,0.806860,0.007993,0.117840
9500,0.002950,0.803711,0.803711,0.007863,0.009617,0.806814,0.008001,0.113470
9501,0.004705,0.810547,0.810547,0.007915,0.059333,0.806814,0.008001,0.113470
9502,-0.011462,0.814062,0.814062,0.007945,0.037826,0.806814,0.008001,0.113470
9503,0.003025,0.813477,0.813477,0.007960,0.025824,0.806814,0.008001,0.113470
9504,0.003088,0.813477,0.813477,0.007519,0.057094,0.806814,0.008001,0.113470
9505,-0.000599,0.806641,0.806641,0.007421,0.015371,0.806814,0.008001,0.113470
9506,0.002943,0.795898,0.795898,0.008131,0.030617,0.806814,0.008001,0.113470
9507,-0.002573,0.789062,0.789062,0.007891,0.033101,0.806814,0.008001,0.113470
9508,0.003235,0.837305,0.837305,0.008082,0.041652,0.806814,0.008001,0.113470
9509,-0.000256,0.805664,0.805664,0.008138,0.009363,0.806814,0.008001,0.113470
9510,-0.003076,0.805664,0.805664,0.008073,0.030105,0.806814,0.008001,0.113470
9511,0.007177,0.769531,0.769531,0.007890,0.060436,0.806814,0.008001,0.113470
9512,0.002700,0.811523,0.811523,0.008281,0.029519,0.806814,0.008001,0.113470
9513,0.003109,0.828125,0.828125,0.007814,0.019007,0.806814,0.008001,0.113470
9514,0.000145,0.830078,0.830078,0.007701,0.014880,0.806814,0.008001,0.113470
9515,0.001545,0.821289,0.821289,0.007754,0.030043,0.806814,0.008001,0.113470
9516,0.003820,0.790039,0.790039,0.007830,0.024832,0.806814,0.008001,0.113470
9517,0.003518,0.792969,0.792969,0.007833,0.025602,0.806814,0.008001,0.113470
9518,0.008256,0.826172,0.826172,0.007675,0.050626,0.806814,0.008001,0.113470
9519,0.006619,0.789258,0.789258,0.007709,0.055421,0.806814,0.008001,0.113470
9520,0.005974,0.818359,0.818359,0.007618,0.042334,0.806814,0.008001,0.113470
9521,0.000325,0.802734,0.802734,0.008106,0.005932,0.806814,0.008001,0.113470
9522,0.002430,0.829102,0.829102,0.007456,0.036681,0.806814,0.008001,0.113470
9523,0.006379,0.809180,0.809180,0.008006,0.044015,0.806814,0.008001,0.113470
9524,-0.000557,0.789062,0.789062,0.007997,0.012208,0.806814,0.008001,0.113470
9525,0.006849,0.798828,0.798828,0.008252,0.044097,0.806814,0.008001,0.113470
9526,-0.011546,0.802734,0.802734,0.007885,0.015703,0.806814,0.008001,0.113470
9527,0.003726,0.798828,0.798828,0.007947,0.038049,0.806814,0.008001,0.113470
9528,0.002507,0.811523,0.811523,0.008075,0.032810,0.806814,0.008001,0.113470
9529,0.003461,0.801172,0.801172,0.007854,0.023637,0.806814,0.008001,0.113470
9530,0.004969,0.793945,0.793945,0.007654,0.048799,0.806814,0.008001,0.113470
9531,-0.001555,0.790039,0.790039,0.007738,0.031548,0.806814,0.008001,0.113470
9532,0.002381,0.834961,0.834961,0.007739,0.014156,0.806814,0.008001,0.113470
9533,0.001769,0.838867,0.838867,0.008128,0.019434,0.806814,0.008001,0.113470
9534,0.003586,0.806641,0.806641,0.007964,0.009826,0.806814,0.008001,0.113470
9535,-0.002251,0.832617,0.832617,0.008045,0.027825,0.806814,0.008001,0.113470
9536,0.005024,0.789062,0.789062,0.007672,0.044515,0.806814,0.008001,0.113470
9537,-0.011052,0.761719,0.761719,0.008081,0.048586,0.806814,0.008001,0.113470
9538,0.001972,0.787109,0.787109,0.008159,0.011811,0.806814,0.008001,0.113470
9539,0.002864,0.799805,0.799805,0.008011,0.027499,0.806814,0.008001,0.113470
9540,0.003426,0.806641,0.806641,0.007929,0.029791,0.806814,0.008001,0.113470
9541,0.006370,0.802734,0.802734,0.007850,0.037664,0.806814,0.008001,0.113470
9542,-0.011158,0.780273,0.780273,0.007853,0.019137,0.806814,0.008001,0.113470
9543,-0.012883,0.788086,0.788086,0.007734,0.013624,0.806814,0.008001,0.113470
9544,0.003984,0.797852,0.797852,0.008015,0.027603,0.806814,0.008001,0.113470
9545,0.001022,0.833008,0.833008,0.007569,0.035472,0.806814,0.008001,0.113470
9546,-0.000551,0.810352,0.810352,0.008097,0.040967,0.806814,0.008001,0.113470
9547,0.000575,0.804688,0.804688,0.007985,0.015595,0.806814,0.008001,0.113470
9548,0.004641,0.841797,0.841797,0.007677,0.045781,0.806814,0.008001,0.113470
9549,-0.000117,0.824219,0.824219,0.008450,0.005475,0.806814,0.008001,0.113470
9550,0.005016,0.797852,0.797852,0.008293,0.028822,0.806814,0.008001,0.113470
9551,-0.006363,0.786133,0.786133,0.008112,0.013105,0.806814,0.008001,0.113470
9552,0.002245,0.790234,0.790234,0.007978,0.027906,0.806814,0.008001,0.113470
9553,0.004187,0.828125,0.828125,0.007603,0.025952,0.806814,0.008001,0.113470
9554,0.005005,0.812500,0.812500,0.008241,0.033470,0.806814,0.008001,0.113470
9555,-0.000328,0.831641,0.831641,0.008604,0.008763,0.806814,0.008001,0.113470
9556,0.001014,0.834961,0.834961,0.007725,0.013957,0.806814,0.008001,0.113470
9557,0.008281,0.793945,0.793945,0.007893,0.018602,0.806814,0.008001,0.113470
9558,0.001123,0.823242,0.823242,0.007984,0.027569,0.806814,0.008001,0.113470
9559,0.002338,0.852539,0.852539,0.007712,0.022263,0.806814,0.008001,0.113470
9560,-0.000153,0.791992,0.791992,0.007773,0.005117,0.806814,0.008001,0.113470
9561,-0.025116,0.768164,0.768164,0.007953,0.015024,0.806814,0.008001,0.113470
9562,0.002838,0.779688,0.779688,0.008023,0.035881,0.806814,0.008001,0.113470
9563,-0.011368,0.814453,0.814453,0.008231,0.013662,0.806814,0.008001,0.113470
9564,0.000296,0.806641,0.806641,0.008027,0.012449,0.806814,0.008001,0.113470
9565,0.001310,0.777344,0.777344,0.007718,0.022999,0.806814,0.008001,0.113470
9566,0.003221,0.849609,0.849609,0.007772,0.034764,0.806814,0.008001,0.113470
9567,-0.005011,0.830078,0.830078,0.008156,0.032067,0.806814,0.008001,0.113470
9568,0.003624,0.818359,0.818359,0.007985,0.032635,0.806814,0.008001,0.113470
9569,0.003399,0.796875,0.796875,0.007932,0.024798,0.806814,0.008001,0.113470
9570,0.000921,0.793945,0.793945,0.007771,0.017818,0.806814,0.008001,0.113470
9571,0.012610,0.789062,0.789062,0.007768,0.074260,0.806814,0.008001,0.113470
9572,0.004492,0.776367,0.776367,0.008183,0.027031,0.806814,0.008001,0.113470
9573,0.004416,0.768555,0.768555,0.008180,0.023944,0.806814,0.008001,0.113470
9574,0.000459,0.762695,0.762695,0.007728,0.047463,0.806814,0.008001,0.113470
9575,-0.024840,0.794922,0.794922,0.008120,0.020885,0.806814,0.008001,0.113470
9576,0.001639,0.828125,0.828125,0.007932,0.009919,0.806814,0.008001,0.113470
9577,0.002431,0.795508,0.795508,0.007772,0.031936,0.806814,0.008001,0.113470
9578,0.001228,0.818945,0.818945,0.007655,0.021048,0.806814,0.008001,0.113470
9579,-0.010109,0.816797,0.816797,0.007925,0.017302,0.806814,0.008001,0.113470
9580,0.004445,0.811523,0.811523,0.008513,0.035698,0.806814,0.008001,0.113470
9581,0.004571,0.833984,0.833984,0.007976,0.029702,0.806814,0.008001,0.113470
9582,-0.003475,0.761719,0.761719,0.008409,0.029897,0.806814,0.008001,0.113470
9583,-0.000592,0.791016,0.791016,0.007619,0.005350,0.806814,0.008001,0.113470
9584,0.000896,0.815430,0.815430,0.007996,0.018592,0.806814,0.008001,0.113470
9585,0.001700,0.819336,0.819336,0.007665,0.017118,0.806814,0.008001,0.113470
9586,0.000539,0.795898,0.795898,0.007695,0.024555,0.806814,0.008001,0.113470
9587,0.001790,0.797852,0.797852,0.007712,0.025602,0.806814,0.008001,0.113470
9588,0.001837,0.847656,0.847656,0.007880,0.046069,0.806814,0.008001,0.113470
9589,0.004199,0.807617,0.807617,0.007880,0.046238,0.806814,0.008001,0.113470
9590,0.000818,0.825195,0.825195,0.007626,0.025129,0.806814,0.008001,0.113470
9591,0.001120,0.821289,0.821289,0.008215,0.022868,0.806814,0.008001,0.113470
9592,0.000676,0.820703,0.820703,0.007633,0.032069,0.806814,0.008001,0.113470
9593,0.001632,0.831641,0.831641,0.007700,0.020857,0.806814,0.008001,0.113470
9594,0.003583,0.806641,0.806641,0.007756,0.021286,0.806814,0.008001,0.113470
9595,0.002294,0.815430,0.815430,0.008446,0.019936,0.806814,0.008001,0.113470
9596,-0.008075,0.811523,0.811523,0.007866,0.020671,0.806814,0.008001,0.113470
9597,0.003433,0.803711,0.803711,0.008193,0.005868,0.806814,0.008001,0.113470
9598,0.006808,0.785156,0.785156,0.007983,0.055887,0.806814,0.008001,0.113470
9599,0.000894,0.825586,0.825586,0.008164,0.015218,0.806814,0.008001,0.113470
9600,0.004094,0.826172,0.826172,0.007845,0.030543,0.806814,0.008001,0.113470
9601,0.003166,0.790820,0.790820,0.007772,0.047642,0.806814,0.008001,0.113470
9602,-0.004667,0.796875,0.796875,0.007930,0.015047,0.806814,0.008001,0.113470
9603,0.005626,0.773438,0.773438,0.008150,0.027391,0.806814,0.008001,0.113470
9604,0.001781,0.807617,0.807617,0.008502,0.016415,0.806814,0.008001,0.113470
9605,0.006212,0.784180,0.784180,0.007866,0.030915,0.806814,0.008001,0.113470
9606,0.002952,0.829102,0.829102,0.007813,0.029954,0.806814,0.008001,0.113470
9607,0.005838,0.809180,0.809180,0.007764,0.041244,0.806814,0.008001,0.113470
9608,0.001347,0.814258,0.814258,0.007483,0.017714,0.806814,0.008001,0.113470
9609,0.005586,0.835938,0.835938,0.007596,0.042662,0.806814,0.008001,0.113470
9610,0.000499,0.822656,0.822656,0.007871,0.021116,0.806814,0.008001,0.113470
9611,0.003744,0.802734,0.802734,0.008135,0.039886,0.806814,0.008001,0.113470
9612,0.003198,0.813477,0.813477,0.007796,0.020928,0.806814,0.008001,0.113470
9613,-0.008453,0.800781,0.800781,0.008374,0.009194,0.806814,0.008001,0.113470
9614,0.003369,0.825195,0.825195,0.008162,0.021253,0.806814,0.008001,0.113470
9615,0.002295,0.834961,0.834961,0.007747,0.037283,0.806814,0.008001,0.113470
9616,0.002576,0.840820,0.840820,0.007947,0.027988,0.806814,0.008001,0.113470
9617,0.004198,0.810547,0.810547,0.008065,0.039550,0.806814,0.008001,0.113470
9618,0.005070,0.822266,0.822266,0.007747,0.026571,0.806814,0.008001,0.113470
9619,0.001637,0.804688,0.804688,0.007482,0.014830,0.806814,0.008001,0.113470
9620,-0.001598,0.833984,0.833984,0.007920,0.032422,0.806814,0.008001,0.113470
9621,-0.000625,0.787109,0.787109,0.007528,0.037476,0.806814,0.008001,0.113470
9622,0.001920,0.845703,0.845703,0.007845,0.025301,0.806814,0.008001,0.113470
9623,-0.001613,0.812500,0.812500,0.007904,0.010681,0.806814,0.008001,0.113470
9624,0.003083,0.802734,0.802734,0.008066,0.029767,0.806814,0.008001,0.113470
9625,0.005718,0.852539,0.852539,0.008033,0.059286,0.806814,0.008001,0.113470
9626,0.000158,0.798828,0.798828,0.007741,0.024420,0.806814,0.008001,0.113470
9627,0.005210,0.800781,0.800781,0.007797,0.038227,0.806814,0.008001,0.113470
9628,0.001480,0.802734,0.802734,0.007891,0.010691,0.806814,0.008001,0.113470
9629,0.001721,0.765625,0.765625,0.007695,0.015858,0.806814,0.008001,0.113470
9630,0.001508,0.823242,0.823242,0.007463,0.032090,0.806814,0.008001,0.113470
9631,0.002171,0.775391,0.775391,0.007727,0.015361,0.806814,0.008001,0.113470
9632,0.003959,0.810547,0.810547,0.008095,0.026998,0.806814,0.008001,0.113470
9633,0.013137,0.808594,0.808594,0.007939,0.081480,0.806814,0.008001,0.113470
9634,0.006064,0.813477,0.813477,0.008137,0.038111,0.806814,0.008001,0.113470
9635,0.002800,0.815430,0.815430,0.007604,0.029617,0.806814,0.008001,0.113470
9636,0.003237,0.801758,0.801758,0.007861,0.053350,0.806814,0.008001,0.113470
9637,0.002360,0.802734,0.802734,0.007885,0.028767,0.806814,0.008001,0.113470
9638,-0.000335,0.780273,0.780273,0.008044,0.009020,0.806814,0.008001,0.113470
9639,0.001879,0.799805,0.799805,0.007940,0.011830,0.806814,0.008001,0.113470
9640,-0.000436,0.802734,0.802734,0.008141,0.007905,0.806814,0.008001,0.113470
9641,0.007061,0.809570,0.809570,0.008028,0.047020,0.806814,0.008001,0.113470
9642,0.001370,0.822461,0.822461,0.008283,0.012654,0.806814,0.008001,0.113470
9643,-0.011279,0.785156,0.785156,0.007579,0.036404,0.806814,0.008001,0.113470
9644,0.000505,0.831055,0.831055,0.008187,0.020483,0.806814,0.008001,0.113470
9645,0.005019,0.814453,0.814453,0.007799,0.032687,0.806814,0.008001,0.113470
9646,0.000885,0.806641,0.806641,0.007939,0.017762,0.806814,0.008001,0.113470
9647,-0.000710,0.823242,0.823242,0.008247,0.004246,0.806814,0.008001,0.113470
9648,0.003629,0.808594,0.808594,0.007575,0.031367,0.806814,0.008001,0.113470
9649,-0.020039,0.785156,0.785156,0.007854,0.008307,0.806814,0.008001,0.113470
9650,-0.001101,0.807617,0.807617,0.007665,0.033224,0.806814,0.008001,0.113470
9651,-0.007964,0.796875,0.796875,0.007884,0.028270,0.806814,0.008001,0.113470
9652,-0.001340,0.803711,0.803711,0.007712,0.014300,0.806814,0.008001,0.113470
9653,0.001388,0.821289,0.821289,0.008279,0.015109,0.806814,0.008001,0.113470
9654,0.003570,0.833984,0.833984,0.007729,0.017126,0.806814,0.008001,0.113470
9655,-0.023046,0.813477,0.813477,0.007719,0.025425,0.806814,0.008001,0.113470
9656,0.001158,0.784180,0.784180,0.007555,0.022202,0.806814,0.008001,0.113470
9657,0.001128,0.797852,0.797852,0.008155,0.009732,0.806814,0.008001,0.113470
9658,0.001494,0.837891,0.837891,0.007645,0.026680,0.806814,0.008001,0.113470
9659,0.001571,0.833984,0.833984,0.008340,0.007977,0.806814,0.008001,0.113470
9660,-0.000227,0.817383,0.817383,0.008110,0.005339,0.806814,0.008001,0.113470
9661,-0.000416,0.801758,0.801758,0.007811,0.006072,0.806814,0.008001,0.113470
9662,-0.000240,0.770508,0.770508,0.008187,0.006535,0.806814,0.008001,0.113470
9663,-0.000147,0.828906,0.828906,0.008024,0.009317,0.806814,0.008001,0.113470
9664,0.001167,0.790430,0.790430,0.008199,0.016729,0.806814,0.008001,0.113470
9665,0.000556,0.789062,0.789062,0.007576,0.019012,0.806814,0.008001,0.113470
9666,-0.000135,0.836914,0.836914,0.007630,0.005369,0.806814,0.008001,0.113470
9667,0.004655,0.841797,0.841797,0.008106,0.045686,0.806814,0.008001,0.113470
9668,-0.003374,0.783203,0.783203,0.008229,0.030398,0.806814,0.008001,0.113470
9669,0.006168,0.759375,0.759375,0.007591,0.040065,0.806814,0.008001,0.113470
9670,0.003698,0.844727,0.844727,0.008104,0.030224,0.806814,0.008001,0.113470
9671,0.002693,0.837891,0.837891,0.008008,0.019993,0.806814,0.008001,0.113470
9672,0.006148,0.817383,0.817383,0.007785,0.044730,0.806814,0.008001,0.113470
9673,0.002809,0.788086,0.788086,0.007663,0.031242,0.806814,0.008001,0.113470
9674,-0.007308,0.835938,0.835938,0.007911,0.039484,0.806814,0.008001,0.113470
9675,-0.000089,0.846680,0.846680,0.007965,0.002322,0.806814,0.008001,0.113470
9676,0.013828,0.792969,0.792969,0.007652,0.088630,0.806814,0.008001,0.113470
9677,0.004609,0.865234,0.865234,0.008634,0.040841,0.806814,0.008001,0.113470
9678,0.002983,0.797852,0.797852,0.007943,0.033034,0.806814,0.008001,0.113470
9679,0.002224,0.791016,0.791016,0.007787,0.011026,0.806814,0.008001,0.113470
9680,0.001716,0.792969,0.792969,0.007957,0.010462,0.806814,0.008001,0.113470
9681,0.001377,0.817383,0.817383,0.007654,0.025466,0.806814,0.008001,0.113470
9682,-0.000206,0.790039,0.790039,0.007979,0.008551,0.806814,0.008001,0.113470
9683,0.002925,0.810547,0.810547,0.007874,0.024760,0.806814,0.008001,0.113470
9684,0.001651,0.791992,0.791992,0.008108,0.009364,0.806814,0.008001,0.113470
9685,0.000017,0.788281,0.788281,0.007945,0.001367,0.806814,0.008001,0.113470
9686,0.004571,0.795898,0.795898,0.008035,0.028078,0.806814,0.008001,0.113470
9687,-0.000466,0.836914,0.836914,0.007854,0.005386,0.806814,0.008001,0.113470
9688,0.005522,0.791992,0.791992,0.008079,0.030587,0.806814,0.008001,0.113470
9689,-0.000146,0.804688,0.804688,0.007937,0.006816,0.806814,0.008001,0.113470
9690,0.004035,0.816406,0.816406,0.007776,0.057477,0.806814,0.008001,0.113470
9691,-0.000641,0.839844,0.839844,0.007650,0.038361,0.806814,0.008001,0.113470
9692,0.003378,0.819336,0.819336,0.008171,0.022952,0.806814,0.008001,0.113470
9693,0.002462,0.785156,0.785156,0.007767,0.045726,0.806814,0.008001,0.113470
9694,0.004973,0.823242,0.823242,0.008216,0.028644,0.806814,0.008001,0.113470
9695,0.001208,0.787109,0.787109,0.007947,0.010065,0.806814,0.008001,0.113470
9696,0.007739,0.776367,0.776367,0.007870,0.046314,0.806814,0.008001,0.113470
9697,0.005510,0.789062,0.789062,0.007872,0.049221,0.806814,0.008001,0.113470
9698,0.003641,0.788086,0.788086,0.008025,0.005968,0.806814,0.008001,0.113470
9699,-0.008027,0.767578,0.767578,0.007824,0.046963,0.806814,0.008001,0.113470
9700,0.002021,0.820312,0.820312,0.007975,0.041258,0.806814,0.008001,0.113470
9701,0.004769,0.779297,0.779297,0.007558,0.030478,0.806814,0.008001,0.113470
9702,0.000095,0.804492,0.804492,0.007882,0.019177,0.806814,0.008001,0.113470
9703,-0.000114,0.826172,0.826172,0.007980,0.004401,0.806814,0.008001,0.113470
9704,0.005812,0.767578,0.767578,0.007786,0.045447,0.806814,0.008001,0.113470
9705,-0.003067,0.807617,0.807617,0.007609,0.028516,0.806814,0.008001,0.113470
9706,0.008977,0.781250,0.781250,0.007975,0.052409,0.806814,0.008001,0.113470
9707,-0.007119,0.803711,0.803711,0.007647,0.022349,0.806814,0.008001,0.113470
9708,0.004812,0.809570,0.809570,0.007547,0.075130,0.806814,0.008001,0.113470
9709,0.001005,0.798828,0.798828,0.007580,0.015589,0.806814,0.008001,0.113470
9710,0.000685,0.754883,0.754883,0.007677,0.019349,0.806814,0.008001,0.113470
9711,0.002674,0.806641,0.806641,0.008309,0.018813,0.806814,0.008001,0.113470
9712,0.005115,0.818359,0.818359,0.008286,0.045520,0.806814,0.008001,0.113470
9713,0.005482,0.772461,0.772461,0.007986,0.029085,0.806814,0.008001,0.113470
9714,-0.004762,0.826172,0.826172,0.007811,0.018113,0.806814,0.008001,0.113470
9715,-0.000406,0.770508,0.770508,0.007979,0.014340,0.806814,0.008001,0.113470
9716,0.000844,0.804102,0.804102,0.008401,0.014321,0.806814,0.008001,0.113470
9717,0.003237,0.807617,0.807617,0.007689,0.015474,0.806814,0.008001,0.113470
9718,0.000702,0.795313,0.795313,0.007908,0.015472,0.806814,0.008001,0.113470
9719,-0.001472,0.810547,0.810547,0.008088,0.045518,0.806814,0.008001,0.113470
9720,0.000317,0.810547,0.810547,0.008001,0.025465,0.806814,0.008001,0.113470
9721,0.008952,0.800781,0.800781,0.007762,0.059153,0.806814,0.008001,0.113470
9722,0.001451,0.840820,0.840820,0.007736,0.013127,0.806814,0.008001,0.113470
9723,-0.000233,0.788086,0.788086,0.007911,0.007923,0.806814,0.008001,0.113470
9724,-0.000426,0.803711,0.803711,0.007903,0.008493,0.806814,0.008001,0.113470
9725,0.000205,0.826758,0.826758,0.008037,0.020400,0.806814,0.008001,0.113470
9726,0.000738,0.791992,0.791992,0.007771,0.009236,0.806814,0.008001,0.113470
9727,0.003715,0.785156,0.785156,0.007696,0.011564,0.806814,0.008001,0.113470
9728,0.002807,0.817383,0.817383,0.007536,0.019893,0.806814,0.008001,0.113470
9729,0.003276,0.811914,0.811914,0.007948,0.036971,0.806814,0.008001,0.113470
9730,0.002641,0.792969,0.792969,0.007949,0.030751,0.806814,0.008001,0.113470
9731,0.003066,0.810547,0.810547,0.007960,0.023337,0.806814,0.008001,0.113470
9732,0.002146,0.787109,0.787109,0.008157,0.013932,0.806814,0.008001,0.113470
9733,-0.000509,0.827148,0.827148,0.008035,0.010929,0.806814,0.008001,0.113470
9734,0.003503,0.821289,0.821289,0.008331,0.029417,0.806814,0.008001,0.113470
9735,0.001857,0.766602,0.766602,0.008090,0.015139,0.806814,0.008001,0.113470
9736,0.002721,0.814453,0.814453,0.007838,0.025147,0.806814,0.008001,0.113470
9737,0.000769,0.828125,0.828125,0.008280,0.020558,0.806814,0.008001,0.113470
9738,0.000596,0.830078,0.830078,0.007594,0.025617,0.806814,0.008001,0.113470
9739,0.004643,0.810547,0.810547,0.008061,0.041917,0.806814,0.008001,0.113470
9740,0.000896,0.823242,0.823242,0.007878,0.010616,0.806814,0.008001,0.113470
9741,0.000483,0.807617,0.807617,0.007727,0.024174,0.806814,0.008001,0.113470
9742,0.003990,0.812500,0.812500,0.008224,0.034689,0.806814,0.008001,0.113470
9743,-0.000841,0.801758,0.801758,0.008018,0.017894,0.806814,0.008001,0.113470
9744,0.002733,0.820312,0.820312,0.008029,0.036134,0.806814,0.008001,0.113470
9745,0.003193,0.817383,0.817383,0.007714,0.023380,0.806814,0.008001,0.113470
9746,0.011475,0.813477,0.813477,0.007916,0.038889,0.806814,0.008001,0.113470
9747,0.001117,0.814844,0.814844,0.008141,0.013784,0.806814,0.008001,0.113470
9748,0.000363,0.801758,0.801758,0.007755,0.015781,0.806814,0.008001,0.113470
9749,-0.000143,0.764648,0.764648,0.007976,0.006552,0.806814,0.008001,0.113470
9750,0.002206,0.808594,0.808594,0.008120,0.030081,0.806814,0.008001,0.113470
9751,0.003860,0.839453,0.839453,0.007928,0.038565,0.806814,0.008001,0.113470
9752,-0.012167,0.791016,0.791016,0.008162,0.030878,0.806814,0.008001,0.113470
9753,-0.000734,0.805664,0.805664,0.007286,0.030030,0.806814,0.008001,0.113470
9754,-0.006118,0.844727,0.844727,0.007644,0.038724,0.806814,0.008001,0.113470
9755,-0.007912,0.785156,0.785156,0.007820,0.034929,0.806814,0.008001,0.113470
9756,-0.030897,0.799805,0.799805,0.007788,0.020918,0.806814,0.008001,0.113470
9757,0.002004,0.769531,0.769531,0.007646,0.023638,0.806814,0.008001,0.113470
9758,-0.015084,0.810547,0.810547,0.007655,0.025768,0.806814,0.008001,0.113470
9759,0.003534,0.811523,0.811523,0.007865,0.043584,0.806814,0.008001,0.113470
9760,0.002719,0.803711,0.803711,0.008260,0.032290,0.806814,0.008001,0.113470
9761,0.001651,0.818359,0.818359,0.008011,0.018139,0.806814,0.008001,0.113470
9762,-0.008949,0.832617,0.832617,0.008490,0.039019,0.806814,0.008001,0.113470
9763,0.001638,0.846680,0.846680,0.007804,0.030846,0.806814,0.008001,0.113470
9764,0.004147,0.808594,0.808594,0.007578,0.043513,0.806814,0.008001,0.113470
9765,-0.001944,0.772461,0.772461,0.007868,0.014831,0.806814,0.008001,0.113470
9766,-0.000050,0.819922,0.819922,0.007779,0.010784,0.806814,0.008001,0.113470
9767,0.001566,0.822266,0.822266,0.008165,0.038290,0.806814,0.008001,0.113470
9768,0.002782,0.821289,0.821289,0.007807,0.047060,0.806814,0.008001,0.113470
9769,0.001469,0.793945,0.793945,0.008228,0.029771,0.806814,0.008001,0.113470
9770,-0.000848,0.830469,0.830469,0.008239,0.014854,0.806814,0.008001,0.113470
9771,0.000819,0.839844,0.839844,0.007770,0.009682,0.806814,0.008001,0.113470
9772,0.001067,0.824219,0.824219,0.008015,0.014026,0.806814,0.008001,0.113470
9773,0.000220,0.836914,0.836914,0.007673,0.031841,0.806814,0.008001,0.113470
9774,0.001933,0.810547,0.810547,0.007592,0.015657,0.806814,0.008001,0.113470
9775,0.006203,0.800781,0.800781,0.007595,0.043211,0.806814,0.008001,0.113470
9776,0.002470,0.797852,0.797852,0.007870,0.025121,0.806814,0.008001,0.113470
9777,-0.000830,0.788086,0.788086,0.007977,0.018516,0.806814,0.008001,0.113470
9778,-0.008566,0.854492,0.854492,0.007731,0.008569,0.806814,0.008001,0.113470
9779,0.003321,0.820312,0.820312,0.007804,0.015928,0.806814,0.008001,0.113470
9780,0.001108,0.748047,0.748047,0.007975,0.026876,0.806814,0.008001,0.113470
9781,-0.000321,0.819336,0.819336,0.007836,0.010132,0.806814,0.008001,0.113470
9782,0.003176,0.833984,0.833984,0.007595,0.060505,0.806814,0.008001,0.113470
9783,0.001554,0.791992,0.791992,0.007955,0.023281,0.806814,0.008001,0.113470
9784,0.008974,0.764648,0.764648,0.007641,0.058229,0.806814,0.008001,0.113470
9785,0.001560,0.814453,0.814453,0.007946,0.015323,0.806814,0.008001,0.113470
9786,0.002039,0.794922,0.794922,0.008299,0.015707,0.806814,0.008001,0.113470
9787,-0.000206,0.763672,0.763672,0.008091,0.006496,0.806814,0.008001,0.113470
9788,-0.004986,0.769531,0.769531,0.008101,0.016520,0.806814,0.008001,0.113470
9789,0.002175,0.837891,0.837891,0.007596,0.039030,0.806814,0.008001,0.113470
9790,-0.002524,0.830078,0.830078,0.007444,0.052117,0.806814,0.008001,0.113470
9791,0.000237,0.818359,0.818359,0.007886,0.022377,0.806814,0.008001,0.113470
9792,-0.008939,0.801758,0.801758,0.007813,0.017826,0.806814,0.008001,0.113470
9793,-0.002855,0.762695,0.762695,0.007825,0.035584,0.806814,0.008001,0.113470
9794,0.000446,0.811523,0.811523,0.007847,0.022928,0.806814,0.008001,0.113470
9795,0.001264,0.814453,0.814453,0.007946,0.025271,0.806814,0.008001,0.113470
9796,0.002477,0.821680,0.821680,0.007887,0.022057,0.806814,0.008001,0.113470
9797,0.001922,0.798828,0.798828,0.007895,0.012962,0.806814,0.008001,0.113470
9798,0.001913,0.788086,0.788086,0.007643,0.036370,0.806814,0.008001,0.113470
9799,0.007478,0.830078,0.830078,0.008329,0.017828,0.806814,0.008001,0.113470
9800,0.001157,0.790039,0.790039,0.007926,0.012938,0.806814,0.008001,0.113470
9801,0.001330,0.752930,0.752930,0.007914,0.011791,0.806814,0.008001,0.113470
9802,0.000605,0.811523,0.811523,0.008021,0.023365,0.806814,0.008001,0.113470
9803,0.003613,0.835938,0.835938,0.008068,0.028406,0.806814,0.008001,0.113470
9804,0.001275,0.838867,0.838867,0.007695,0.025073,0.806814,0.008001,0.113470
9805,-0.000439,0.758789,0.758789,0.007798,0.013059,0.806814,0.008001,0.113470
9806,0.000633,0.809570,0.809570,0.007966,0.027428,0.806814,0.008001,0.113470
9807,0.005793,0.739258,0.739258,0.007807,0.034767,0.806814,0.008001,0.113470
9808,-0.000976,0.807617,0.807617,0.007635,0.005043,0.806814,0.008001,0.113470
9809,0.003882,0.798828,0.798828,0.007519,0.022012,0.806814,0.008001,0.113470
9810,0.004015,0.850586,0.850586,0.007367,0.039918,0.806814,0.008001,0.113470
9811,0.002225,0.807617,0.807617,0.008107,0.019195,0.806814,0.008001,0.113470
9812,0.001697,0.783594,0.783594,0.007957,0.010157,0.806814,0.008001,0.113470
9813,-0.000374,0.788086,0.788086,0.007774,0.011357,0.806814,0.008001,0.113470
9814,0.003258,0.825195,0.825195,0.007504,0.036203,0.806814,0.008001,0.113470
9815,0.004528,0.803711,0.803711,0.008114,0.020192,0.806814,0.008001,0.113470
9816,-0.001443,0.791992,0.791992,0.008022,0.009218,0.806814,0.008001,0.113470
9817,0.004484,0.838867,0.838867,0.007458,0.055459,0.806814,0.008001,0.113470
9818,0.005007,0.783203,0.783203,0.007781,0.052698,0.806814,0.008001,0.113470
9819,0.002525,0.807617,0.807617,0.007747,0.029528,0.806814,0.008001,0.113470
9820,0.000850,0.845703,0.845703,0.008275,0.018040,0.806814,0.008001,0.113470
9821,0.000748,0.828125,0.828125,0.007875,0.010466,0.806814,0.008001,0.113470
9822,-0.004896,0.793945,0.793945,0.008024,0.029366,0.806814,0.008001,0.113470
9823,0.004643,0.810547,0.810547,0.008040,0.036033,0.806814,0.008001,0.113470
9824,0.004835,0.775391,0.775391,0.008273,0.052046,0.806814,0.008001,0.113470
9825,0.001722,0.806641,0.806641,0.007607,0.017015,0.806814,0.008001,0.113470
9826,0.004250,0.818359,0.818359,0.007691,0.028601,0.806814,0.008001,0.113470
9827,0.001080,0.852344,0.852344,0.007810,0.014561,0.806814,0.008001,0.113470
9828,0.009428,0.815430,0.815430,0.007919,0.036808,0.806814,0.008001,0.113470
9829,0.008928,0.765625,0.765625,0.007855,0.047256,0.806814,0.008001,0.113470
9830,0.002128,0.836914,0.836914,0.008156,0.022414,0.806814,0.008001,0.113470
9831,0.006652,0.801758,0.801758,0.007779,0.036077,0.806814,0.008001,0.113470
9832,0.002470,0.760742,0.760742,0.007543,0.033608,0.806814,0.008001,0.113470
9833,0.003924,0.798828,0.798828,0.007976,0.039723,0.806814,0.008001,0.113470
9834,-0.006719,0.801758,0.801758,0.007551,0.048963,0.806814,0.008001,0.113470
9835,-0.004207,0.770508,0.770508,0.008038,0.025288,0.806814,0.008001,0.113470
9836,-0.000208,0.843750,0.843750,0.007778,0.005224,0.806814,0.008001,0.113470
9837,-0.000038,0.766602,0.766602,0.007890,0.010421,0.806814,0.008001,0.113470
9838,0.000839,0.791992,0.791992,0.007878,0.021737,0.806814,0.008001,0.113470
9839,0.005004,0.816406,0.816406,0.007765,0.054167,0.806814,0.008001,0.113470
9840,-0.000285,0.795898,0.795898,0.008317,0.011320,0.806814,0.008001,0.113470
9841,-0.003281,0.812109,0.812109,0.008049,0.024378,0.806814,0.008001,0.113470
9842,-0.000205,0.796875,0.796875,0.007929,0.011133,0.806814,0.008001,0.113470
9843,0.002568,0.799609,0.799609,0.007795,0.051913,0.806814,0.008001,0.113470
9844,0.010008,0.824219,0.824219,0.007744,0.029259,0.806814,0.008001,0.113470
9845,0.002091,0.762695,0.762695,0.008435,0.016754,0.806814,0.008001,0.113470
9846,-0.000114,0.807227,0.807227,0.008044,0.006383,0.806814,0.008001,0.113470
9847,0.003644,0.840820,0.840820,0.007519,0.045917,0.806814,0.008001,0.113470
9848,-0.000109,0.816406,0.816406,0.007625,0.003443,0.806814,0.008001,0.113470
9849,-0.020507,0.748242,0.748242,0.007632,0.019882,0.806814,0.008001,0.113470
9850,0.003897,0.821289,0.821289,0.008010,0.045434,0.806814,0.008001,0.113470
9851,0.002672,0.777344,0.777344,0.007632,0.034152,0.806814,0.008001,0.113470
9852,0.003905,0.803711,0.803711,0.008154,0.045914,0.806814,0.008001,0.113470
9853,0.005125,0.812500,0.812500,0.007776,0.034686,0.806814,0.008001,0.113470
9854,0.002119,0.774414,0.774414,0.008012,0.014613,0.806814,0.008001,0.113470
9855,0.002183,0.815430,0.815430,0.007740,0.024958,0.806814,0.008001,0.113470
9856,-0.003757,0.806641,0.806641,0.007718,0.025123,0.806814,0.008001,0.113470
9857,0.002197,0.772461,0.772461,0.008080,0.018597,0.806814,0.008001,0.113470
9858,0.000755,0.804688,0.804688,0.008050,0.012089,0.806814,0.008001,0.113470
9859,0.004908,0.790039,0.790039,0.007740,0.026893,0.806814,0.008001,0.113470
9860,0.000671,0.806641,0.806641,0.008166,0.033366,0.806814,0.008001,0.113470
9861,0.001718,0.857422,0.857422,0.007995,0.024647,0.806814,0.008001,0.113470
9862,-0.002085,0.794922,0.794922,0.008131,0.007174,0.806814,0.008001,0.113470
9863,0.000264,0.833984,0.833984,0.007940,0.018141,0.806814,0.008001,0.113470
9864,0.001143,0.820312,0.820312,0.008002,0.019641,0.806814,0.008001,0.113470
9865,0.004089,0.791992,0.791992,0.007781,0.027647,0.806814,0.008001,0.113470
9866,0.004470,0.789062,0.789062,0.007996,0.030147,0.806814,0.008001,0.113470
9867,0.000773,0.793945,0.793945,0.008164,0.022304,0.806814,0.008001,0.113470
9868,0.003066,0.803711,0.803711,0.008059,0.029015,0.806814,0.008001,0.113470
9869,0.001683,0.831055,0.831055,0.007795,0.017303,0.806814,0.008001,0.113470
9870,0.002055,0.790039,0.790039,0.007612,0.012936,0.806814,0.008001,0.113470
9871,0.002429,0.800781,0.800781,0.008012,0.038286,0.806814,0.008001,0.113470
9872,0.002344,0.775391,0.775391,0.007747,0.031474,0.806814,0.008001,0.113470
9873,-0.017247,0.798828,0.798828,0.007877,0.021570,0.806814,0.008001,0.113470
9874,-0.000235,0.804688,0.804688,0.008066,0.004304,0.806814,0.008001,0.113470
9875,0.005290,0.789062,0.789062,0.007871,0.042379,0.806814,0.008001,0.113470
9876,-0.003550,0.827148,0.827148,0.008171,0.022693,0.806814,0.008001,0.113470
9877,0.001540,0.820312,0.820312,0.007972,0.033019,0.806814,0.008001,0.113470
9878,0.000925,0.810547,0.810547,0.007896,0.014633,0.806814,0.008001,0.113470
9879,-0.000083,0.780273,0.780273,0.007827,0.004841,0.806814,0.008001,0.113470
9880,0.003366,0.843750,0.843750,0.008017,0.030736,0.806814,0.008001,0.113470
9881,0.003102,0.800781,0.800781,0.008178,0.039249,0.806814,0.008001,0.113470
9882,0.003443,0.808594,0.808594,0.007888,0.024661,0.806814,0.008001,0.113470
9883,0.000412,0.785742,0.785742,0.007683,0.028213,0.806814,0.008001,0.113470
9884,0.006006,0.797852,0.797852,0.008173,0.023174,0.806814,0.008001,0.113470
9885,0.001776,0.782422,0.782422,0.007982,0.023955,0.806814,0.008001,0.113470
9886,-0.005185,0.835547,0.835547,0.007879,0.054308,0.806814,0.008001,0.113470
9887,0.006179,0.789062,0.789062,0.007863,0.045052,0.806814,0.008001,0.113470
9888,-0.008565,0.794922,0.794922,0.007625,0.045082,0.806814,0.008001,0.113470
9889,-0.001361,0.804688,0.804688,0.007753,0.031262,0.806814,0.008001,0.113470
9890,-0.003833,0.801758,0.801758,0.007740,0.043747,0.806814,0.008001,0.113470
9891,0.002300,0.793945,0.793945,0.007647,0.009997,0.806814,0.008001,0.113470
9892,0.008238,0.774414,0.774414,0.007997,0.035007,0.806814,0.008001,0.113470
9893,0.004250,0.758789,0.758789,0.007874,0.030302,0.806814,0.008001,0.113470
9894,0.003296,0.807617,0.807617,0.007805,0.044690,0.806814,0.008001,0.113470
9895,0.006943,0.784180,0.784180,0.007863,0.042763,0.806814,0.008001,0.113470
9896,0.008962,0.774414,0.774414,0.007643,0.019050,0.806814,0.008001,0.113470
9897,0.001858,0.764648,0.764648,0.008022,0.020434,0.806814,0.008001,0.113470
9898,-0.000002,0.796875,0.796875,0.007938,0.000729,0.806814,0.008001,0.113470
9899,0.001433,0.791016,0.791016,0.007639,0.011532,0.806814,0.008001,0.113470
9900,0.002870,0.815430,0.815430,0.007752,0.042479,0.806814,0.008001,0.113470
9901,0.003849,0.797852,0.797852,0.007395,0.027334,0.806814,0.008001,0.113470
9902,-0.024720,0.834961,0.834961,0.007873,0.018585,0.806814,0.008001,0.113470
9903,0.000253,0.791406,0.791406,0.007506,0.026389,0.806814,0.008001,0.113470
9904,0.002784,0.823242,0.823242,0.008434,0.020852,0.806814,0.008001,0.113470
9905,0.007919,0.793945,0.793945,0.007730,0.028387,0.806814,0.008001,0.113470
9906,0.001354,0.817773,0.817773,0.007959,0.016842,0.806814,0.008001,0.113470
9907,0.003388,0.808594,0.808594,0.007921,0.023143,0.806814,0.008001,0.113470
9908,0.001432,0.813867,0.813867,0.007869,0.015010,0.806814,0.008001,0.113470
9909,0.004460,0.821289,0.821289,0.007713,0.036768,0.806814,0.008001,0.113470
9910,0.004395,0.808594,0.808594,0.007802,0.038743,0.806814,0.008001,0.113470
9911,0.002770,0.831055,0.831055,0.008062,0.019042,0.806814,0.008001,0.113470
9912,-0.005264,0.793555,0.793555,0.007584,0.024099,0.806814,0.008001,0.113470
9913,0.003344,0.807617,0.807617,0.007979,0.039197,0.806814,0.008001,0.113470
9914,0.003405,0.827930,0.827930,0.007817,0.027786,0.806814,0.008001,0.113470
9915,0.004961,0.774414,0.774414,0.008120,0.032270,0.806814,0.008001,0.113470
9916,-0.000380,0.807617,0.807617,0.007830,0.006109,0.806814,0.008001,0.113470
9917,0.001757,0.809570,0.809570,0.007999,0.035493,0.806814,0.008001,0.113470
9918,-0.006608,0.794922,0.794922,0.007885,0.004820,0.806814,0.008001,0.113470
9919,-0.000132,0.803906,0.803906,0.007893,0.008162,0.806814,0.008001,0.113470
9920,0.001145,0.787109,0.787109,0.007553,0.051089,0.806814,0.008001,0.113470
9921,0.001794,0.810742,0.810742,0.008126,0.010415,0.806814,0.008001,0.113470
9922,-0.005371,0.829102,0.829102,0.008077,0.016374,0.806814,0.008001,0.113470
9923,0.002767,0.793555,0.793555,0.007812,0.027688,0.806814,0.008001,0.113470
9924,0.000087,0.801367,0.801367,0.007691,0.024260,0.806814,0.008001,0.113470
9925,-0.000215,0.806641,0.806641,0.007965,0.007971,0.806814,0.008001,0.113470
9926,-0.002123,0.789062,0.789062,0.007616,0.010564,0.806814,0.008001,0.113470
9927,0.005912,0.795898,0.795898,0.008244,0.037552,0.806814,0.008001,0.113470
9928,0.008406,0.811523,0.811523,0.007835,0.048925,0.806814,0.008001,0.113470
9929,-0.000516,0.767578,0.767578,0.007537,0.022246,0.806814,0.008001,0.113470
9930,0.001076,0.831055,0.831055,0.008179,0.034149,0.806814,0.008001,0.113470
9931,0.007895,0.813477,0.813477,0.007897,0.047039,0.806814,0.008001,0.113470
9932,-0.001400,0.814258,0.814258,0.007841,0.036946,0.806814,0.008001,0.113470
9933,0.002013,0.807617,0.807617,0.008351,0.009202,0.806814,0.008001,0.113470
9934,0.003810,0.824805,0.824805,0.007627,0.039459,0.806814,0.008001,0.113470
9935,0.001774,0.821289,0.821289,0.007906,0.015576,0.806814,0.008001,0.113470
9936,0.002530,0.809766,0.809766,0.007637,0.032958,0.806814,0.008001,0.113470
9937,-0.000948,0.782812,0.782812,0.007803,0.037815,0.806814,0.008001,0.113470
9938,-0.008487,0.823242,0.823242,0.008096,0.022345,0.806814,0.008001,0.113470
9939,0.004754,0.809570,0.809570,0.007646,0.039917,0.806814,0.008001,0.113470
9940,0.005919,0.793945,0.793945,0.007471,0.039190,0.806814,0.008001,0.113470
9941,0.002395,0.812500,0.812500,0.007832,0.027196,0.806814,0.008001,0.113470
9942,-0.000178,0.828125,0.828125,0.008324,0.004083,0.806814,0.008001,0.113470
9943,0.001743,0.788086,0.788086,0.007924,0.014170,0.806814,0.008001,0.113470
9944,0.005126,0.844727,0.844727,0.007914,0.050183,0.806814,0.008001,0.113470
9945,0.004276,0.820312,0.820312,0.008096,0.033447,0.806814,0.008001,0.113470
9946,0.003811,0.766602,0.766602,0.007883,0.026233,0.806814,0.008001,0.113470
9947,0.002458,0.804688,0.804688,0.007957,0.018677,0.806814,0.008001,0.113470
9948,0.006301,0.830078,0.830078,0.007781,0.047441,0.806814,0.008001,0.113470
9949,0.002983,0.808789,0.808789,0.008332,0.029340,0.806814,0.008001,0.113470
9950,-0.010753,0.791016,0.791016,0.008157,0.005456,0.806814,0.008001,0.113470
9951,0.005568,0.799805,0.799805,0.007760,0.039572,0.806814,0.008001,0.113470
9952,0.003513,0.809570,0.809570,0.008125,0.050956,0.806814,0.008001,0.113470
9953,0.002115,0.814453,0.814453,0.007572,0.026944,0.806814,0.008001,0.113470
9954,-0.005433,0.793945,0.793945,0.007551,0.007990,0.806814,0.008001,0.113470
9955,0.000555,0.818359,0.818359,0.007745,0.025725,0.806814,0.008001,0.113470
9956,-0.000441,0.799805,0.799805,0.008384,0.011557,0.806814,0.008001,0.113470
9957,0.003216,0.773633,0.773633,0.008106,0.045344,0.806814,0.008001,0.113470
9958,-0.000424,0.782227,0.782227,0.008030,0.010734,0.806814,0.008001,0.113470
9959,0.001321,0.813477,0.813477,0.007729,0.012578,0.806814,0.008001,0.113470
9960,0.003551,0.791406,0.791406,0.007902,0.039123,0.806814,0.008001,0.113470
9961,-0.000170,0.823242,0.823242,0.007891,0.002548,0.806814,0.008001,0.113470
9962,0.005158,0.806641,0.806641,0.007535,0.041526,0.806814,0.008001,0.113470
9963,0.002472,0.800781,0.800781,0.007689,0.034070,0.806814,0.008001,0.113470
9964,0.001091,0.833984,0.833984,0.007895,0.019163,0.806814,0.008001,0.113470
9965,-0.000314,0.776367,0.776367,0.008276,0.005120,0.806814,0.008001,0.113470
9966,0.002004,0.822852,0.822852,0.007826,0.010612,0.806814,0.008001,0.113470
9967,0.003491,0.793945,0.793945,0.007964,0.023231,0.806814,0.008001,0.113470
9968,-0.000564,0.828125,0.828125,0.008078,0.023640,0.806814,0.008001,0.113470
9969,0.003714,0.801758,0.801758,0.007811,0.028643,0.806814,0.008001,0.113470
9970,0.009932,0.776367,0.776367,0.008163,0.060115,0.806814,0.008001,0.113470
9971,0.003850,0.828125,0.828125,0.007890,0.028938,0.806814,0.008001,0.113470
9972,0.005694,0.832031,0.832031,0.007749,0.034654,0.806814,0.008001,0.113470
9973,0.000532,0.813086,0.813086,0.008108,0.048326,0.806814,0.008001,0.113470
9974,0.003649,0.781250,0.781250,0.008113,0.024211,0.806814,0.008001,0.113470
9975,0.002261,0.817383,0.817383,0.008101,0.031165,0.806814,0.008001,0.113470
9976,0.004870,0.803711,0.803711,0.007587,0.023236,0.806814,0.008001,0.113470
9977,0.003135,0.793945,0.793945,0.007894,0.019602,0.806814,0.008001,0.113470
9978,0.005438,0.805664,0.805664,0.007640,0.042737,0.806814,0.008001,0.113470
9979,-0.000041,0.792969,0.792969,0.008122,0.021847,0.806814,0.008001,0.113470
9980,0.003533,0.814062,0.814062,0.008260,0.025648,0.806814,0.008001,0.113470
9981,-0.000953,0.807617,0.807617,0.007976,0.019547,0.806814,0.008001,0.113470
9982,0.001978,0.782422,0.782422,0.007661,0.024730,0.806814,0.008001,0.113470
9983,0.002558,0.797852,0.797852,0.007791,0.037918,0.806814,0.008001,0.113470
9984,0.000075,0.790430,0.790430,0.008046,0.008814,0.806814,0.008001,0.113470
9985,0.003298,0.821289,0.821289,0.008046,0.023418,0.806814,0.008001,0.113470
9986,0.001465,0.803711,0.803711,0.008096,0.014909,0.806814,0.008001,0.113470
9987,0.001737,0.819336,0.819336,0.008005,0.021731,0.806814,0.008001,0.113470
9988,0.001673,0.797852,0.797852,0.007749,0.019459,0.806814,0.008001,0.113470
9989,0.001083,0.803711,0.803711,0.008172,0.027054,0.806814,0.008001,0.113470
9990,-0.001249,0.795898,0.795898,0.007553,0.017381,0.806814,0.008001,0.113470
9991,0.002723,0.835938,0.835938,0.008316,0.030893,0.806814,0.008001,0.113470
9992,0.000882,0.818359,0.818359,0.007874,0.010692,0.806814,0.008001,0.113470
9993,0.002734,0.826758,0.826758,0.007946,0.029832,0.806814,0.008001,0.113470
9994,-0.001044,0.812500,0.812500,0.007594,0.013741,0.806814,0.008001,0.113470
9995,-0.008003,0.774414,0.774414,0.008040,0.022278,0.806814,0.008001,0.113470
9996,-0.001654,0.828906,0.828906,0.008416,0.013863,0.806814,0.008001,0.113470
9997,-0.001992,0.801758,0.801758,0.007624,0.011342,0.806814,0.008001,0.113470
9998,0.004757,0.757812,0.757812,0.008180,0.025720,0.806814,0.008001,0.113470
9999,0.003250,0.855469,0.855469,0.007481,0.023121,0.806814,0.008001,0.113470
10000,0.007999,0.812500,0.812500,0.007972,0.073602,0.806860,0.008000,0.116395
